[      60ms] [ERROR] Failed to load resource: the server responded with a status of 500 (Internal Server Error) @ http://localhost:3000/:0
[     271ms] [ERROR] Refused to execute script from 'http://localhost:3000/_next/static/development/_clientMiddlewareManifest.js' because its MIME type ('application/json') is not executable, and strict MIME type checking is enabled. @ http://localhost:3000/:0
[     330ms] [INFO] %cDownload the React DevTools for a better development experience: https://react.dev/link/react-devtools font-weight:bold @ http://localhost:3000/_next/static/chunks/node_modules_react-dom_0kla17-._.js:15305
[     434ms] Error: ./src/lib/prisma.ts
Code generation for chunk item errored
An error occurred while generating the chunk item [project]/src/lib/prisma.ts [app-client] (ecmascript) <locals>

Caused by:
- the chunking context (unknown) does not support external modules (request: node:dns)

Debug info:
- An error occurred while generating the chunk item [project]/src/lib/prisma.ts [app-client] (ecmascript) <locals>
- Execution of <EcmascriptModuleLocalsModule as EcmascriptChunkPlaceable>::chunk_item_content failed
- Execution of *EcmascriptChunkItemContent::new failed
- Execution of EcmascriptModuleContent::new failed
- the chunking context (unknown) does not support external modules (request: node:dns)

Import traces:
  #1 [Server Component]:
    ./src/lib/prisma.ts
    ./src/auth.ts
    ./src/app/layout.tsx

  #2 [Server Component]:
    ./src/lib/prisma.ts
    ./src/lib/appreciation.ts
    ./src/components/home/HomeAppreciationSnippet.tsx
    ./src/app/(public)/page.tsx

  #3 [Server Component]:
    ./src/lib/prisma.ts
    ./src/lib/open-events.ts
    ./src/components/home/HomeOpenEventsChip.tsx
    ./src/app/(public)/layout.tsx

  #4 [Client Component Browser]:
    ./src/lib/prisma.ts [Client Component Browser]
    ./src/lib/open-events.ts [Client Component Browser]
    ./src/components/home/OpenEventsFloatingChip.tsx [Client Component Browser]
    ./src/components/home/OpenEventsFloatingChip.tsx [Server Component]
    ./src/components/home/HomeOpenEventsChip.tsx [Server Component]
    ./src/app/(public)/layout.tsx [Server Component]

  #5 [Client Component SSR]:
    ./src/lib/prisma.ts [Client Component SSR]
    ./src/lib/open-events.ts [Client Component SSR]
    ./src/components/home/OpenEventsFloatingChip.tsx [Client Component SSR]
    ./src/components/home/OpenEventsFloatingChip.tsx [Server Component]
    ./src/components/home/HomeOpenEventsChip.tsx [Server Component]
    ./src/app/(public)/layout.tsx [Server Component]


    at Object.getCompilationErrors (file://D:\website\inkai-sby\node_modules\next\dist\server\dev\hot-reloader-turbopack.js:1186:59)
    at DevBundlerService.getCompilationError (file://D:\website\inkai-sby\node_modules\next\dist\server\lib\dev-bundler-service.js:44:55)
    at DevServer.getCompilationError (file://D:\website\inkai-sby\node_modules\next\dist\server\dev\next-dev-server.js:720:42)
    at DevServer.findPageComponents (file://D:\website\inkai-sby\node_modules\next\dist\server\dev\next-dev-server.js:690:43)
    at async DevServer.renderErrorToResponseImpl (file://D:\website\inkai-sby\node_modules\next\dist\server\base-server.js:1753:26)
[     418ms] [LOG] [HMR] connected @ http://localhost:3000/_next/static/chunks/node_modules_next_dist_1gdrd03._.js:1226
[     426ms] [ERROR] ./src/lib/prisma.ts
Code generation for chunk item errored
An error occurred while generating the chunk item [project]/src/lib/prisma.ts [app-client] (ecmascript) <locals>

Caused by:
- the chunking context (unknown) does not support external modules (request: node:dns)

Debug info:
- An error occurred while generating the chunk item [project]/src/lib/prisma.ts [app-client] (ecmascript) <locals>
- Execution of <EcmascriptModuleLocalsModule as EcmascriptChunkPlaceable>::chunk_item_content failed
- Execution of *EcmascriptChunkItemContent::new failed
- Execution of EcmascriptModuleContent::new failed
- the chunking context (unknown) does not support external modules (request: node:dns)

Import traces:
  #1 [Server Component]:
    ./src/lib/prisma.ts
    ./src/auth.ts
    ./src/app/layout.tsx

  #2 [Server Component]:
    ./src/lib/prisma.ts
    ./src/lib/appreciation.ts
    ./src/components/home/HomeAppreciationSnippet.tsx
    ./src/app/(public)/page.tsx

  #3 [Server Component]:
    ./src/lib/prisma.ts
    ./src/lib/open-events.ts
    ./src/components/home/HomeOpenEventsChip.tsx
    ./src/app/(public)/layout.tsx

  #4 [Client Component Browser]:
    ./src/lib/prisma.ts [Client Component Browser]
    ./src/lib/open-events.ts [Client Component Browser]
    ./src/components/home/OpenEventsFloatingChip.tsx [Client Component Browser]
    ./src/components/home/OpenEventsFloatingChip.tsx [Server Component]
    ./src/components/home/HomeOpenEventsChip.tsx [Server Component]
    ./src/app/(public)/layout.tsx [Server Component]

  #5 [Client Component SSR]:
    ./src/lib/prisma.ts [Client Component SSR]
    ./src/lib/open-events.ts [Client Component SSR]
    ./src/components/home/OpenEventsFloatingChip.tsx [Client Component SSR]
    ./src/components/home/OpenEventsFloatingChip.tsx [Server Component]
    ./src/components/home/HomeOpenEventsChip.tsx [Server Component]
    ./src/app/(public)/layout.tsx [Server Component] @ http://localhost:3000/_next/static/chunks/node_modules_next_dist_1gdrd03._.js:1945
[    1532ms] [ERROR] ./src/lib/prisma.ts
Code generation for chunk item errored
An error occurred while generating the chunk item [project]/src/lib/prisma.ts [app-client] (ecmascript) <locals>

Caused by:
- the chunking context (unknown) does not support external modules (request: node:dns)

Debug info:
- An error occurred while generating the chunk item [project]/src/lib/prisma.ts [app-client] (ecmascript) <locals>
- Execution of <EcmascriptModuleLocalsModule as EcmascriptChunkPlaceable>::chunk_item_content failed
- Execution of *EcmascriptChunkItemContent::new failed
- Execution of EcmascriptModuleContent::new failed
- the chunking context (unknown) does not support external modules (request: node:dns)

Import traces:
  #1 [Server Component]:
    ./src/lib/prisma.ts
    ./src/auth.ts
    ./src/app/layout.tsx

  #2 [Server Component]:
    ./src/lib/prisma.ts
    ./src/lib/appreciation.ts
    ./src/components/home/HomeAppreciationSnippet.tsx
    ./src/app/(public)/page.tsx

  #3 [Server Component]:
    ./src/lib/prisma.ts
    ./src/lib/open-events.ts
    ./src/components/home/HomeOpenEventsChip.tsx
    ./src/app/(public)/layout.tsx

  #4 [Client Component Browser]:
    ./src/lib/prisma.ts [Client Component Browser]
    ./src/lib/open-events.ts [Client Component Browser]
    ./src/components/home/OpenEventsFloatingChip.tsx [Client Component Browser]
    ./src/components/home/OpenEventsFloatingChip.tsx [Server Component]
    ./src/components/home/HomeOpenEventsChip.tsx [Server Component]
    ./src/app/(public)/layout.tsx [Server Component]

  #5 [Client Component SSR]:
    ./src/lib/prisma.ts [Client Component SSR]
    ./src/lib/open-events.ts [Client Component SSR]
    ./src/components/home/OpenEventsFloatingChip.tsx [Client Component SSR]
    ./src/components/home/OpenEventsFloatingChip.tsx [Server Component]
    ./src/components/home/HomeOpenEventsChip.tsx [Server Component]
    ./src/app/(public)/layout.tsx [Server Component] @ http://localhost:3000/_next/static/chunks/node_modules_next_dist_1gdrd03._.js:1945
[    1594ms] [ERROR] ./src/lib/prisma.ts
Code generation for chunk item errored
An error occurred while generating the chunk item [project]/src/lib/prisma.ts [app-client] (ecmascript) <locals>

Caused by:
- the chunking context (unknown) does not support external modules (request: node:dns)

Debug info:
- An error occurred while generating the chunk item [project]/src/lib/prisma.ts [app-client] (ecmascript) <locals>
- Execution of <EcmascriptModuleLocalsModule as EcmascriptChunkPlaceable>::chunk_item_content failed
- Execution of *EcmascriptChunkItemContent::new failed
- Execution of EcmascriptModuleContent::new failed
- the chunking context (unknown) does not support external modules (request: node:dns)

Import traces:
  #1 [Server Component]:
    ./src/lib/prisma.ts
    ./src/auth.ts
    ./src/app/layout.tsx

  #2 [Server Component]:
    ./src/lib/prisma.ts
    ./src/lib/appreciation.ts
    ./src/components/home/HomeAppreciationSnippet.tsx
    ./src/app/(public)/page.tsx

  #3 [Server Component]:
    ./src/lib/prisma.ts
    ./src/lib/open-events.ts
    ./src/components/home/HomeOpenEventsChip.tsx
    ./src/app/(public)/layout.tsx

  #4 [Client Component Browser]:
    ./src/lib/prisma.ts [Client Component Browser]
    ./src/lib/open-events.ts [Client Component Browser]
    ./src/components/home/OpenEventsFloatingChip.tsx [Client Component Browser]
    ./src/components/home/OpenEventsFloatingChip.tsx [Server Component]
    ./src/components/home/HomeOpenEventsChip.tsx [Server Component]
    ./src/app/(public)/layout.tsx [Server Component]

  #5 [Client Component SSR]:
    ./src/lib/prisma.ts [Client Component SSR]
    ./src/lib/open-events.ts [Client Component SSR]
    ./src/components/home/OpenEventsFloatingChip.tsx [Client Component SSR]
    ./src/components/home/OpenEventsFloatingChip.tsx [Server Component]
    ./src/components/home/HomeOpenEventsChip.tsx [Server Component]
    ./src/app/(public)/layout.tsx [Server Component] @ http://localhost:3000/_next/static/chunks/node_modules_next_dist_1gdrd03._.js:1945
[    1657ms] [ERROR] ./src/lib/prisma.ts
Code generation for chunk item errored
An error occurred while generating the chunk item [project]/src/lib/prisma.ts [app-client] (ecmascript) <locals>

Caused by:
- the chunking context (unknown) does not support external modules (request: node:dns)

Debug info:
- An error occurred while generating the chunk item [project]/src/lib/prisma.ts [app-client] (ecmascript) <locals>
- Execution of <EcmascriptModuleLocalsModule as EcmascriptChunkPlaceable>::chunk_item_content failed
- Execution of *EcmascriptChunkItemContent::new failed
- Execution of EcmascriptModuleContent::new failed
- the chunking context (unknown) does not support external modules (request: node:dns)

Import traces:
  #1 [Server Component]:
    ./src/lib/prisma.ts
    ./src/auth.ts
    ./src/app/layout.tsx

  #2 [Server Component]:
    ./src/lib/prisma.ts
    ./src/lib/appreciation.ts
    ./src/components/home/HomeAppreciationSnippet.tsx
    ./src/app/(public)/page.tsx

  #3 [Server Component]:
    ./src/lib/prisma.ts
    ./src/lib/open-events.ts
    ./src/components/home/HomeOpenEventsChip.tsx
    ./src/app/(public)/layout.tsx

  #4 [Client Component Browser]:
    ./src/lib/prisma.ts [Client Component Browser]
    ./src/lib/open-events.ts [Client Component Browser]
    ./src/components/home/OpenEventsFloatingChip.tsx [Client Component Browser]
    ./src/components/home/OpenEventsFloatingChip.tsx [Server Component]
    ./src/components/home/HomeOpenEventsChip.tsx [Server Component]
    ./src/app/(public)/layout.tsx [Server Component]

  #5 [Client Component SSR]:
    ./src/lib/prisma.ts [Client Component SSR]
    ./src/lib/open-events.ts [Client Component SSR]
    ./src/components/home/OpenEventsFloatingChip.tsx [Client Component SSR]
    ./src/components/home/OpenEventsFloatingChip.tsx [Server Component]
    ./src/components/home/HomeOpenEventsChip.tsx [Server Component]
    ./src/app/(public)/layout.tsx [Server Component] @ http://localhost:3000/_next/static/chunks/node_modules_next_dist_1gdrd03._.js:1945
[    1717ms] [ERROR] ./src/lib/prisma.ts
Code generation for chunk item errored
An error occurred while generating the chunk item [project]/src/lib/prisma.ts [app-client] (ecmascript) <locals>

Caused by:
- the chunking context (unknown) does not support external modules (request: node:dns)

Debug info:
- An error occurred while generating the chunk item [project]/src/lib/prisma.ts [app-client] (ecmascript) <locals>
- Execution of <EcmascriptModuleLocalsModule as EcmascriptChunkPlaceable>::chunk_item_content failed
- Execution of *EcmascriptChunkItemContent::new failed
- Execution of EcmascriptModuleContent::new failed
- the chunking context (unknown) does not support external modules (request: node:dns)

Import traces:
  #1 [Server Component]:
    ./src/lib/prisma.ts
    ./src/auth.ts
    ./src/app/layout.tsx

  #2 [Server Component]:
    ./src/lib/prisma.ts
    ./src/lib/appreciation.ts
    ./src/components/home/HomeAppreciationSnippet.tsx
    ./src/app/(public)/page.tsx

  #3 [Server Component]:
    ./src/lib/prisma.ts
    ./src/lib/open-events.ts
    ./src/components/home/HomeOpenEventsChip.tsx
    ./src/app/(public)/layout.tsx

  #4 [Client Component Browser]:
    ./src/lib/prisma.ts [Client Component Browser]
    ./src/lib/open-events.ts [Client Component Browser]
    ./src/components/home/OpenEventsFloatingChip.tsx [Client Component Browser]
    ./src/components/home/OpenEventsFloatingChip.tsx [Server Component]
    ./src/components/home/HomeOpenEventsChip.tsx [Server Component]
    ./src/app/(public)/layout.tsx [Server Component]

  #5 [Client Component SSR]:
    ./src/lib/prisma.ts [Client Component SSR]
    ./src/lib/open-events.ts [Client Component SSR]
    ./src/components/home/OpenEventsFloatingChip.tsx [Client Component SSR]
    ./src/components/home/OpenEventsFloatingChip.tsx [Server Component]
    ./src/components/home/HomeOpenEventsChip.tsx [Server Component]
    ./src/app/(public)/layout.tsx [Server Component] @ http://localhost:3000/_next/static/chunks/node_modules_next_dist_1gdrd03._.js:1945
[    1778ms] [ERROR] ./src/lib/prisma.ts
Code generation for chunk item errored
An error occurred while generating the chunk item [project]/src/lib/prisma.ts [app-client] (ecmascript) <locals>

Caused by:
- the chunking context (unknown) does not support external modules (request: node:dns)

Debug info:
- An error occurred while generating the chunk item [project]/src/lib/prisma.ts [app-client] (ecmascript) <locals>
- Execution of <EcmascriptModuleLocalsModule as EcmascriptChunkPlaceable>::chunk_item_content failed
- Execution of *EcmascriptChunkItemContent::new failed
- Execution of EcmascriptModuleContent::new failed
- the chunking context (unknown) does not support external modules (request: node:dns)

Import traces:
  #1 [Server Component]:
    ./src/lib/prisma.ts
    ./src/auth.ts
    ./src/app/layout.tsx

  #2 [Server Component]:
    ./src/lib/prisma.ts
    ./src/lib/appreciation.ts
    ./src/components/home/HomeAppreciationSnippet.tsx
    ./src/app/(public)/page.tsx

  #3 [Server Component]:
    ./src/lib/prisma.ts
    ./src/lib/open-events.ts
    ./src/components/home/HomeOpenEventsChip.tsx
    ./src/app/(public)/layout.tsx

  #4 [Client Component Browser]:
    ./src/lib/prisma.ts [Client Component Browser]
    ./src/lib/open-events.ts [Client Component Browser]
    ./src/components/home/OpenEventsFloatingChip.tsx [Client Component Browser]
    ./src/components/home/OpenEventsFloatingChip.tsx [Server Component]
    ./src/components/home/HomeOpenEventsChip.tsx [Server Component]
    ./src/app/(public)/layout.tsx [Server Component]

  #5 [Client Component SSR]:
    ./src/lib/prisma.ts [Client Component SSR]
    ./src/lib/open-events.ts [Client Component SSR]
    ./src/components/home/OpenEventsFloatingChip.tsx [Client Component SSR]
    ./src/components/home/OpenEventsFloatingChip.tsx [Server Component]
    ./src/components/home/HomeOpenEventsChip.tsx [Server Component]
    ./src/app/(public)/layout.tsx [Server Component] @ http://localhost:3000/_next/static/chunks/node_modules_next_dist_1gdrd03._.js:1945
[    1840ms] [ERROR] ./src/lib/prisma.ts
Code generation for chunk item errored
An error occurred while generating the chunk item [project]/src/lib/prisma.ts [app-client] (ecmascript) <locals>

Caused by:
- the chunking context (unknown) does not support external modules (request: node:dns)

Debug info:
- An error occurred while generating the chunk item [project]/src/lib/prisma.ts [app-client] (ecmascript) <locals>
- Execution of <EcmascriptModuleLocalsModule as EcmascriptChunkPlaceable>::chunk_item_content failed
- Execution of *EcmascriptChunkItemContent::new failed
- Execution of EcmascriptModuleContent::new failed
- the chunking context (unknown) does not support external modules (request: node:dns)

Import traces:
  #1 [Server Component]:
    ./src/lib/prisma.ts
    ./src/auth.ts
    ./src/app/layout.tsx

  #2 [Server Component]:
    ./src/lib/prisma.ts
    ./src/lib/appreciation.ts
    ./src/components/home/HomeAppreciationSnippet.tsx
    ./src/app/(public)/page.tsx

  #3 [Server Component]:
    ./src/lib/prisma.ts
    ./src/lib/open-events.ts
    ./src/components/home/HomeOpenEventsChip.tsx
    ./src/app/(public)/layout.tsx

  #4 [Client Component Browser]:
    ./src/lib/prisma.ts [Client Component Browser]
    ./src/lib/open-events.ts [Client Component Browser]
    ./src/components/home/OpenEventsFloatingChip.tsx [Client Component Browser]
    ./src/components/home/OpenEventsFloatingChip.tsx [Server Component]
    ./src/components/home/HomeOpenEventsChip.tsx [Server Component]
    ./src/app/(public)/layout.tsx [Server Component]

  #5 [Client Component SSR]:
    ./src/lib/prisma.ts [Client Component SSR]
    ./src/lib/open-events.ts [Client Component SSR]
    ./src/components/home/OpenEventsFloatingChip.tsx [Client Component SSR]
    ./src/components/home/OpenEventsFloatingChip.tsx [Server Component]
    ./src/components/home/HomeOpenEventsChip.tsx [Server Component]
    ./src/app/(public)/layout.tsx [Server Component] @ http://localhost:3000/_next/static/chunks/node_modules_next_dist_1gdrd03._.js:1945
[    1903ms] [ERROR] ./src/lib/prisma.ts
Code generation for chunk item errored
An error occurred while generating the chunk item [project]/src/lib/prisma.ts [app-client] (ecmascript) <locals>

Caused by:
- the chunking context (unknown) does not support external modules (request: node:dns)

Debug info:
- An error occurred while generating the chunk item [project]/src/lib/prisma.ts [app-client] (ecmascript) <locals>
- Execution of <EcmascriptModuleLocalsModule as EcmascriptChunkPlaceable>::chunk_item_content failed
- Execution of *EcmascriptChunkItemContent::new failed
- Execution of EcmascriptModuleContent::new failed
- the chunking context (unknown) does not support external modules (request: node:dns)

Import traces:
  #1 [Server Component]:
    ./src/lib/prisma.ts
    ./src/auth.ts
    ./src/app/layout.tsx

  #2 [Server Component]:
    ./src/lib/prisma.ts
    ./src/lib/appreciation.ts
    ./src/components/home/HomeAppreciationSnippet.tsx
    ./src/app/(public)/page.tsx

  #3 [Server Component]:
    ./src/lib/prisma.ts
    ./src/lib/open-events.ts
    ./src/components/home/HomeOpenEventsChip.tsx
    ./src/app/(public)/layout.tsx

  #4 [Client Component Browser]:
    ./src/lib/prisma.ts [Client Component Browser]
    ./src/lib/open-events.ts [Client Component Browser]
    ./src/components/home/OpenEventsFloatingChip.tsx [Client Component Browser]
    ./src/components/home/OpenEventsFloatingChip.tsx [Server Component]
    ./src/components/home/HomeOpenEventsChip.tsx [Server Component]
    ./src/app/(public)/layout.tsx [Server Component]

  #5 [Client Component SSR]:
    ./src/lib/prisma.ts [Client Component SSR]
    ./src/lib/open-events.ts [Client Component SSR]
    ./src/components/home/OpenEventsFloatingChip.tsx [Client Component SSR]
    ./src/components/home/OpenEventsFloatingChip.tsx [Server Component]
    ./src/components/home/HomeOpenEventsChip.tsx [Server Component]
    ./src/app/(public)/layout.tsx [Server Component] @ http://localhost:3000/_next/static/chunks/node_modules_next_dist_1gdrd03._.js:1945
[    1966ms] [ERROR] ./src/lib/prisma.ts
Code generation for chunk item errored
An error occurred while generating the chunk item [project]/src/lib/prisma.ts [app-client] (ecmascript) <locals>

Caused by:
- the chunking context (unknown) does not support external modules (request: node:dns)

Debug info:
- An error occurred while generating the chunk item [project]/src/lib/prisma.ts [app-client] (ecmascript) <locals>
- Execution of <EcmascriptModuleLocalsModule as EcmascriptChunkPlaceable>::chunk_item_content failed
- Execution of *EcmascriptChunkItemContent::new failed
- Execution of EcmascriptModuleContent::new failed
- the chunking context (unknown) does not support external modules (request: node:dns)

Import traces:
  #1 [Server Component]:
    ./src/lib/prisma.ts
    ./src/auth.ts
    ./src/app/layout.tsx

  #2 [Server Component]:
    ./src/lib/prisma.ts
    ./src/lib/appreciation.ts
    ./src/components/home/HomeAppreciationSnippet.tsx
    ./src/app/(public)/page.tsx

  #3 [Server Component]:
    ./src/lib/prisma.ts
    ./src/lib/open-events.ts
    ./src/components/home/HomeOpenEventsChip.tsx
    ./src/app/(public)/layout.tsx

  #4 [Client Component Browser]:
    ./src/lib/prisma.ts [Client Component Browser]
    ./src/lib/open-events.ts [Client Component Browser]
    ./src/components/home/OpenEventsFloatingChip.tsx [Client Component Browser]
    ./src/components/home/OpenEventsFloatingChip.tsx [Server Component]
    ./src/components/home/HomeOpenEventsChip.tsx [Server Component]
    ./src/app/(public)/layout.tsx [Server Component]

  #5 [Client Component SSR]:
    ./src/lib/prisma.ts [Client Component SSR]
    ./src/lib/open-events.ts [Client Component SSR]
    ./src/components/home/OpenEventsFloatingChip.tsx [Client Component SSR]
    ./src/components/home/OpenEventsFloatingChip.tsx [Server Component]
    ./src/components/home/HomeOpenEventsChip.tsx [Server Component]
    ./src/app/(public)/layout.tsx [Server Component] @ http://localhost:3000/_next/static/chunks/node_modules_next_dist_1gdrd03._.js:1945
[    2027ms] [ERROR] ./src/lib/prisma.ts
Code generation for chunk item errored
An error occurred while generating the chunk item [project]/src/lib/prisma.ts [app-client] (ecmascript) <locals>

Caused by:
- the chunking context (unknown) does not support external modules (request: node:dns)

Debug info:
- An error occurred while generating the chunk item [project]/src/lib/prisma.ts [app-client] (ecmascript) <locals>
- Execution of <EcmascriptModuleLocalsModule as EcmascriptChunkPlaceable>::chunk_item_content failed
- Execution of *EcmascriptChunkItemContent::new failed
- Execution of EcmascriptModuleContent::new failed
- the chunking context (unknown) does not support external modules (request: node:dns)

Import traces:
  #1 [Server Component]:
    ./src/lib/prisma.ts
    ./src/auth.ts
    ./src/app/layout.tsx

  #2 [Server Component]:
    ./src/lib/prisma.ts
    ./src/lib/appreciation.ts
    ./src/components/home/HomeAppreciationSnippet.tsx
    ./src/app/(public)/page.tsx

  #3 [Server Component]:
    ./src/lib/prisma.ts
    ./src/lib/open-events.ts
    ./src/components/home/HomeOpenEventsChip.tsx
    ./src/app/(public)/layout.tsx

  #4 [Client Component Browser]:
    ./src/lib/prisma.ts [Client Component Browser]
    ./src/lib/open-events.ts [Client Component Browser]
    ./src/components/home/OpenEventsFloatingChip.tsx [Client Component Browser]
    ./src/components/home/OpenEventsFloatingChip.tsx [Server Component]
    ./src/components/home/HomeOpenEventsChip.tsx [Server Component]
    ./src/app/(public)/layout.tsx [Server Component]

  #5 [Client Component SSR]:
    ./src/lib/prisma.ts [Client Component SSR]
    ./src/lib/open-events.ts [Client Component SSR]
    ./src/components/home/OpenEventsFloatingChip.tsx [Client Component SSR]
    ./src/components/home/OpenEventsFloatingChip.tsx [Server Component]
    ./src/components/home/HomeOpenEventsChip.tsx [Server Component]
    ./src/app/(public)/layout.tsx [Server Component] @ http://localhost:3000/_next/static/chunks/node_modules_next_dist_1gdrd03._.js:1945
[    2089ms] [ERROR] ./src/lib/prisma.ts
Code generation for chunk item errored
An error occurred while generating the chunk item [project]/src/lib/prisma.ts [app-client] (ecmascript) <locals>

Caused by:
- the chunking context (unknown) does not support external modules (request: node:dns)

Debug info:
- An error occurred while generating the chunk item [project]/src/lib/prisma.ts [app-client] (ecmascript) <locals>
- Execution of <EcmascriptModuleLocalsModule as EcmascriptChunkPlaceable>::chunk_item_content failed
- Execution of *EcmascriptChunkItemContent::new failed
- Execution of EcmascriptModuleContent::new failed
- the chunking context (unknown) does not support external modules (request: node:dns)

Import traces:
  #1 [Server Component]:
    ./src/lib/prisma.ts
    ./src/auth.ts
    ./src/app/layout.tsx

  #2 [Server Component]:
    ./src/lib/prisma.ts
    ./src/lib/appreciation.ts
    ./src/components/home/HomeAppreciationSnippet.tsx
    ./src/app/(public)/page.tsx

  #3 [Server Component]:
    ./src/lib/prisma.ts
    ./src/lib/open-events.ts
    ./src/components/home/HomeOpenEventsChip.tsx
    ./src/app/(public)/layout.tsx

  #4 [Client Component Browser]:
    ./src/lib/prisma.ts [Client Component Browser]
    ./src/lib/open-events.ts [Client Component Browser]
    ./src/components/home/OpenEventsFloatingChip.tsx [Client Component Browser]
    ./src/components/home/OpenEventsFloatingChip.tsx [Server Component]
    ./src/components/home/HomeOpenEventsChip.tsx [Server Component]
    ./src/app/(public)/layout.tsx [Server Component]

  #5 [Client Component SSR]:
    ./src/lib/prisma.ts [Client Component SSR]
    ./src/lib/open-events.ts [Client Component SSR]
    ./src/components/home/OpenEventsFloatingChip.tsx [Client Component SSR]
    ./src/components/home/OpenEventsFloatingChip.tsx [Server Component]
    ./src/components/home/HomeOpenEventsChip.tsx [Server Component]
    ./src/app/(public)/layout.tsx [Server Component] @ http://localhost:3000/_next/static/chunks/node_modules_next_dist_1gdrd03._.js:1945
[    2153ms] [ERROR] ./src/lib/prisma.ts
Code generation for chunk item errored
An error occurred while generating the chunk item [project]/src/lib/prisma.ts [app-client] (ecmascript) <locals>

Caused by:
- the chunking context (unknown) does not support external modules (request: node:dns)

Debug info:
- An error occurred while generating the chunk item [project]/src/lib/prisma.ts [app-client] (ecmascript) <locals>
- Execution of <EcmascriptModuleLocalsModule as EcmascriptChunkPlaceable>::chunk_item_content failed
- Execution of *EcmascriptChunkItemContent::new failed
- Execution of EcmascriptModuleContent::new failed
- the chunking context (unknown) does not support external modules (request: node:dns)

Import traces:
  #1 [Server Component]:
    ./src/lib/prisma.ts
    ./src/auth.ts
    ./src/app/layout.tsx

  #2 [Server Component]:
    ./src/lib/prisma.ts
    ./src/lib/appreciation.ts
    ./src/components/home/HomeAppreciationSnippet.tsx
    ./src/app/(public)/page.tsx

  #3 [Server Component]:
    ./src/lib/prisma.ts
    ./src/lib/open-events.ts
    ./src/components/home/HomeOpenEventsChip.tsx
    ./src/app/(public)/layout.tsx

  #4 [Client Component Browser]:
    ./src/lib/prisma.ts [Client Component Browser]
    ./src/lib/open-events.ts [Client Component Browser]
    ./src/components/home/OpenEventsFloatingChip.tsx [Client Component Browser]
    ./src/components/home/OpenEventsFloatingChip.tsx [Server Component]
    ./src/components/home/HomeOpenEventsChip.tsx [Server Component]
    ./src/app/(public)/layout.tsx [Server Component]

  #5 [Client Component SSR]:
    ./src/lib/prisma.ts [Client Component SSR]
    ./src/lib/open-events.ts [Client Component SSR]
    ./src/components/home/OpenEventsFloatingChip.tsx [Client Component SSR]
    ./src/components/home/OpenEventsFloatingChip.tsx [Server Component]
    ./src/components/home/HomeOpenEventsChip.tsx [Server Component]
    ./src/app/(public)/layout.tsx [Server Component] @ http://localhost:3000/_next/static/chunks/node_modules_next_dist_1gdrd03._.js:1945
[    2215ms] [ERROR] ./src/lib/prisma.ts
Code generation for chunk item errored
An error occurred while generating the chunk item [project]/src/lib/prisma.ts [app-client] (ecmascript) <locals>

Caused by:
- the chunking context (unknown) does not support external modules (request: node:dns)

Debug info:
- An error occurred while generating the chunk item [project]/src/lib/prisma.ts [app-client] (ecmascript) <locals>
- Execution of <EcmascriptModuleLocalsModule as EcmascriptChunkPlaceable>::chunk_item_content failed
- Execution of *EcmascriptChunkItemContent::new failed
- Execution of EcmascriptModuleContent::new failed
- the chunking context (unknown) does not support external modules (request: node:dns)

Import traces:
  #1 [Server Component]:
    ./src/lib/prisma.ts
    ./src/auth.ts
    ./src/app/layout.tsx

  #2 [Server Component]:
    ./src/lib/prisma.ts
    ./src/lib/appreciation.ts
    ./src/components/home/HomeAppreciationSnippet.tsx
    ./src/app/(public)/page.tsx

  #3 [Server Component]:
    ./src/lib/prisma.ts
    ./src/lib/open-events.ts
    ./src/components/home/HomeOpenEventsChip.tsx
    ./src/app/(public)/layout.tsx

  #4 [Client Component Browser]:
    ./src/lib/prisma.ts [Client Component Browser]
    ./src/lib/open-events.ts [Client Component Browser]
    ./src/components/home/OpenEventsFloatingChip.tsx [Client Component Browser]
    ./src/components/home/OpenEventsFloatingChip.tsx [Server Component]
    ./src/components/home/HomeOpenEventsChip.tsx [Server Component]
    ./src/app/(public)/layout.tsx [Server Component]

  #5 [Client Component SSR]:
    ./src/lib/prisma.ts [Client Component SSR]
    ./src/lib/open-events.ts [Client Component SSR]
    ./src/components/home/OpenEventsFloatingChip.tsx [Client Component SSR]
    ./src/components/home/OpenEventsFloatingChip.tsx [Server Component]
    ./src/components/home/HomeOpenEventsChip.tsx [Server Component]
    ./src/app/(public)/layout.tsx [Server Component] @ http://localhost:3000/_next/static/chunks/node_modules_next_dist_1gdrd03._.js:1945
[    2279ms] [ERROR] ./src/lib/prisma.ts
Code generation for chunk item errored
An error occurred while generating the chunk item [project]/src/lib/prisma.ts [app-client] (ecmascript) <locals>

Caused by:
- the chunking context (unknown) does not support external modules (request: node:dns)

Debug info:
- An error occurred while generating the chunk item [project]/src/lib/prisma.ts [app-client] (ecmascript) <locals>
- Execution of <EcmascriptModuleLocalsModule as EcmascriptChunkPlaceable>::chunk_item_content failed
- Execution of *EcmascriptChunkItemContent::new failed
- Execution of EcmascriptModuleContent::new failed
- the chunking context (unknown) does not support external modules (request: node:dns)

Import traces:
  #1 [Server Component]:
    ./src/lib/prisma.ts
    ./src/auth.ts
    ./src/app/layout.tsx

  #2 [Server Component]:
    ./src/lib/prisma.ts
    ./src/lib/appreciation.ts
    ./src/components/home/HomeAppreciationSnippet.tsx
    ./src/app/(public)/page.tsx

  #3 [Server Component]:
    ./src/lib/prisma.ts
    ./src/lib/open-events.ts
    ./src/components/home/HomeOpenEventsChip.tsx
    ./src/app/(public)/layout.tsx

  #4 [Client Component Browser]:
    ./src/lib/prisma.ts [Client Component Browser]
    ./src/lib/open-events.ts [Client Component Browser]
    ./src/components/home/OpenEventsFloatingChip.tsx [Client Component Browser]
    ./src/components/home/OpenEventsFloatingChip.tsx [Server Component]
    ./src/components/home/HomeOpenEventsChip.tsx [Server Component]
    ./src/app/(public)/layout.tsx [Server Component]

  #5 [Client Component SSR]:
    ./src/lib/prisma.ts [Client Component SSR]
    ./src/lib/open-events.ts [Client Component SSR]
    ./src/components/home/OpenEventsFloatingChip.tsx [Client Component SSR]
    ./src/components/home/OpenEventsFloatingChip.tsx [Server Component]
    ./src/components/home/HomeOpenEventsChip.tsx [Server Component]
    ./src/app/(public)/layout.tsx [Server Component] @ http://localhost:3000/_next/static/chunks/node_modules_next_dist_1gdrd03._.js:1945
[    2341ms] [ERROR] ./src/lib/prisma.ts
Code generation for chunk item errored
An error occurred while generating the chunk item [project]/src/lib/prisma.ts [app-client] (ecmascript) <locals>

Caused by:
- the chunking context (unknown) does not support external modules (request: node:dns)

Debug info:
- An error occurred while generating the chunk item [project]/src/lib/prisma.ts [app-client] (ecmascript) <locals>
- Execution of <EcmascriptModuleLocalsModule as EcmascriptChunkPlaceable>::chunk_item_content failed
- Execution of *EcmascriptChunkItemContent::new failed
- Execution of EcmascriptModuleContent::new failed
- the chunking context (unknown) does not support external modules (request: node:dns)

Import traces:
  #1 [Server Component]:
    ./src/lib/prisma.ts
    ./src/auth.ts
    ./src/app/layout.tsx

  #2 [Server Component]:
    ./src/lib/prisma.ts
    ./src/lib/appreciation.ts
    ./src/components/home/HomeAppreciationSnippet.tsx
    ./src/app/(public)/page.tsx

  #3 [Server Component]:
    ./src/lib/prisma.ts
    ./src/lib/open-events.ts
    ./src/components/home/HomeOpenEventsChip.tsx
    ./src/app/(public)/layout.tsx

  #4 [Client Component Browser]:
    ./src/lib/prisma.ts [Client Component Browser]
    ./src/lib/open-events.ts [Client Component Browser]
    ./src/components/home/OpenEventsFloatingChip.tsx [Client Component Browser]
    ./src/components/home/OpenEventsFloatingChip.tsx [Server Component]
    ./src/components/home/HomeOpenEventsChip.tsx [Server Component]
    ./src/app/(public)/layout.tsx [Server Component]

  #5 [Client Component SSR]:
    ./src/lib/prisma.ts [Client Component SSR]
    ./src/lib/open-events.ts [Client Component SSR]
    ./src/components/home/OpenEventsFloatingChip.tsx [Client Component SSR]
    ./src/components/home/OpenEventsFloatingChip.tsx [Server Component]
    ./src/components/home/HomeOpenEventsChip.tsx [Server Component]
    ./src/app/(public)/layout.tsx [Server Component] @ http://localhost:3000/_next/static/chunks/node_modules_next_dist_1gdrd03._.js:1945
[    2404ms] [ERROR] ./src/lib/prisma.ts
Code generation for chunk item errored
An error occurred while generating the chunk item [project]/src/lib/prisma.ts [app-client] (ecmascript) <locals>

Caused by:
- the chunking context (unknown) does not support external modules (request: node:dns)

Debug info:
- An error occurred while generating the chunk item [project]/src/lib/prisma.ts [app-client] (ecmascript) <locals>
- Execution of <EcmascriptModuleLocalsModule as EcmascriptChunkPlaceable>::chunk_item_content failed
- Execution of *EcmascriptChunkItemContent::new failed
- Execution of EcmascriptModuleContent::new failed
- the chunking context (unknown) does not support external modules (request: node:dns)

Import traces:
  #1 [Server Component]:
    ./src/lib/prisma.ts
    ./src/auth.ts
    ./src/app/layout.tsx

  #2 [Server Component]:
    ./src/lib/prisma.ts
    ./src/lib/appreciation.ts
    ./src/components/home/HomeAppreciationSnippet.tsx
    ./src/app/(public)/page.tsx

  #3 [Server Component]:
    ./src/lib/prisma.ts
    ./src/lib/open-events.ts
    ./src/components/home/HomeOpenEventsChip.tsx
    ./src/app/(public)/layout.tsx

  #4 [Client Component Browser]:
    ./src/lib/prisma.ts [Client Component Browser]
    ./src/lib/open-events.ts [Client Component Browser]
    ./src/components/home/OpenEventsFloatingChip.tsx [Client Component Browser]
    ./src/components/home/OpenEventsFloatingChip.tsx [Server Component]
    ./src/components/home/HomeOpenEventsChip.tsx [Server Component]
    ./src/app/(public)/layout.tsx [Server Component]

  #5 [Client Component SSR]:
    ./src/lib/prisma.ts [Client Component SSR]
    ./src/lib/open-events.ts [Client Component SSR]
    ./src/components/home/OpenEventsFloatingChip.tsx [Client Component SSR]
    ./src/components/home/OpenEventsFloatingChip.tsx [Server Component]
    ./src/components/home/HomeOpenEventsChip.tsx [Server Component]
    ./src/app/(public)/layout.tsx [Server Component] @ http://localhost:3000/_next/static/chunks/node_modules_next_dist_1gdrd03._.js:1945
[    2468ms] [ERROR] ./src/lib/prisma.ts
Code generation for chunk item errored
An error occurred while generating the chunk item [project]/src/lib/prisma.ts [app-client] (ecmascript) <locals>

Caused by:
- the chunking context (unknown) does not support external modules (request: node:dns)

Debug info:
- An error occurred while generating the chunk item [project]/src/lib/prisma.ts [app-client] (ecmascript) <locals>
- Execution of <EcmascriptModuleLocalsModule as EcmascriptChunkPlaceable>::chunk_item_content failed
- Execution of *EcmascriptChunkItemContent::new failed
- Execution of EcmascriptModuleContent::new failed
- the chunking context (unknown) does not support external modules (request: node:dns)

Import traces:
  #1 [Server Component]:
    ./src/lib/prisma.ts
    ./src/auth.ts
    ./src/app/layout.tsx

  #2 [Server Component]:
    ./src/lib/prisma.ts
    ./src/lib/appreciation.ts
    ./src/components/home/HomeAppreciationSnippet.tsx
    ./src/app/(public)/page.tsx

  #3 [Server Component]:
    ./src/lib/prisma.ts
    ./src/lib/open-events.ts
    ./src/components/home/HomeOpenEventsChip.tsx
    ./src/app/(public)/layout.tsx

  #4 [Client Component Browser]:
    ./src/lib/prisma.ts [Client Component Browser]
    ./src/lib/open-events.ts [Client Component Browser]
    ./src/components/home/OpenEventsFloatingChip.tsx [Client Component Browser]
    ./src/components/home/OpenEventsFloatingChip.tsx [Server Component]
    ./src/components/home/HomeOpenEventsChip.tsx [Server Component]
    ./src/app/(public)/layout.tsx [Server Component]

  #5 [Client Component SSR]:
    ./src/lib/prisma.ts [Client Component SSR]
    ./src/lib/open-events.ts [Client Component SSR]
    ./src/components/home/OpenEventsFloatingChip.tsx [Client Component SSR]
    ./src/components/home/OpenEventsFloatingChip.tsx [Server Component]
    ./src/components/home/HomeOpenEventsChip.tsx [Server Component]
    ./src/app/(public)/layout.tsx [Server Component] @ http://localhost:3000/_next/static/chunks/node_modules_next_dist_1gdrd03._.js:1945
[    2530ms] [ERROR] ./src/lib/prisma.ts
Code generation for chunk item errored
An error occurred while generating the chunk item [project]/src/lib/prisma.ts [app-client] (ecmascript) <locals>

Caused by:
- the chunking context (unknown) does not support external modules (request: node:dns)

Debug info:
- An error occurred while generating the chunk item [project]/src/lib/prisma.ts [app-client] (ecmascript) <locals>
- Execution of <EcmascriptModuleLocalsModule as EcmascriptChunkPlaceable>::chunk_item_content failed
- Execution of *EcmascriptChunkItemContent::new failed
- Execution of EcmascriptModuleContent::new failed
- the chunking context (unknown) does not support external modules (request: node:dns)

Import traces:
  #1 [Server Component]:
    ./src/lib/prisma.ts
    ./src/auth.ts
    ./src/app/layout.tsx

  #2 [Server Component]:
    ./src/lib/prisma.ts
    ./src/lib/appreciation.ts
    ./src/components/home/HomeAppreciationSnippet.tsx
    ./src/app/(public)/page.tsx

  #3 [Server Component]:
    ./src/lib/prisma.ts
    ./src/lib/open-events.ts
    ./src/components/home/HomeOpenEventsChip.tsx
    ./src/app/(public)/layout.tsx

  #4 [Client Component Browser]:
    ./src/lib/prisma.ts [Client Component Browser]
    ./src/lib/open-events.ts [Client Component Browser]
    ./src/components/home/OpenEventsFloatingChip.tsx [Client Component Browser]
    ./src/components/home/OpenEventsFloatingChip.tsx [Server Component]
    ./src/components/home/HomeOpenEventsChip.tsx [Server Component]
    ./src/app/(public)/layout.tsx [Server Component]

  #5 [Client Component SSR]:
    ./src/lib/prisma.ts [Client Component SSR]
    ./src/lib/open-events.ts [Client Component SSR]
    ./src/components/home/OpenEventsFloatingChip.tsx [Client Component SSR]
    ./src/components/home/OpenEventsFloatingChip.tsx [Server Component]
    ./src/components/home/HomeOpenEventsChip.tsx [Server Component]
    ./src/app/(public)/layout.tsx [Server Component] @ http://localhost:3000/_next/static/chunks/node_modules_next_dist_1gdrd03._.js:1945
[    2592ms] [ERROR] ./src/lib/prisma.ts
Code generation for chunk item errored
An error occurred while generating the chunk item [project]/src/lib/prisma.ts [app-client] (ecmascript) <locals>

Caused by:
- the chunking context (unknown) does not support external modules (request: node:dns)

Debug info:
- An error occurred while generating the chunk item [project]/src/lib/prisma.ts [app-client] (ecmascript) <locals>
- Execution of <EcmascriptModuleLocalsModule as EcmascriptChunkPlaceable>::chunk_item_content failed
- Execution of *EcmascriptChunkItemContent::new failed
- Execution of EcmascriptModuleContent::new failed
- the chunking context (unknown) does not support external modules (request: node:dns)

Import traces:
  #1 [Server Component]:
    ./src/lib/prisma.ts
    ./src/auth.ts
    ./src/app/layout.tsx

  #2 [Server Component]:
    ./src/lib/prisma.ts
    ./src/lib/appreciation.ts
    ./src/components/home/HomeAppreciationSnippet.tsx
    ./src/app/(public)/page.tsx

  #3 [Server Component]:
    ./src/lib/prisma.ts
    ./src/lib/open-events.ts
    ./src/components/home/HomeOpenEventsChip.tsx
    ./src/app/(public)/layout.tsx

  #4 [Client Component Browser]:
    ./src/lib/prisma.ts [Client Component Browser]
    ./src/lib/open-events.ts [Client Component Browser]
    ./src/components/home/OpenEventsFloatingChip.tsx [Client Component Browser]
    ./src/components/home/OpenEventsFloatingChip.tsx [Server Component]
    ./src/components/home/HomeOpenEventsChip.tsx [Server Component]
    ./src/app/(public)/layout.tsx [Server Component]

  #5 [Client Component SSR]:
    ./src/lib/prisma.ts [Client Component SSR]
    ./src/lib/open-events.ts [Client Component SSR]
    ./src/components/home/OpenEventsFloatingChip.tsx [Client Component SSR]
    ./src/components/home/OpenEventsFloatingChip.tsx [Server Component]
    ./src/components/home/HomeOpenEventsChip.tsx [Server Component]
    ./src/app/(public)/layout.tsx [Server Component] @ http://localhost:3000/_next/static/chunks/node_modules_next_dist_1gdrd03._.js:1945
[    2655ms] [ERROR] ./src/lib/prisma.ts
Code generation for chunk item errored
An error occurred while generating the chunk item [project]/src/lib/prisma.ts [app-client] (ecmascript) <locals>

Caused by:
- the chunking context (unknown) does not support external modules (request: node:dns)

Debug info:
- An error occurred while generating the chunk item [project]/src/lib/prisma.ts [app-client] (ecmascript) <locals>
- Execution of <EcmascriptModuleLocalsModule as EcmascriptChunkPlaceable>::chunk_item_content failed
- Execution of *EcmascriptChunkItemContent::new failed
- Execution of EcmascriptModuleContent::new failed
- the chunking context (unknown) does not support external modules (request: node:dns)

Import traces:
  #1 [Server Component]:
    ./src/lib/prisma.ts
    ./src/auth.ts
    ./src/app/layout.tsx

  #2 [Server Component]:
    ./src/lib/prisma.ts
    ./src/lib/appreciation.ts
    ./src/components/home/HomeAppreciationSnippet.tsx
    ./src/app/(public)/page.tsx

  #3 [Server Component]:
    ./src/lib/prisma.ts
    ./src/lib/open-events.ts
    ./src/components/home/HomeOpenEventsChip.tsx
    ./src/app/(public)/layout.tsx

  #4 [Client Component Browser]:
    ./src/lib/prisma.ts [Client Component Browser]
    ./src/lib/open-events.ts [Client Component Browser]
    ./src/components/home/OpenEventsFloatingChip.tsx [Client Component Browser]
    ./src/components/home/OpenEventsFloatingChip.tsx [Server Component]
    ./src/components/home/HomeOpenEventsChip.tsx [Server Component]
    ./src/app/(public)/layout.tsx [Server Component]

  #5 [Client Component SSR]:
    ./src/lib/prisma.ts [Client Component SSR]
    ./src/lib/open-events.ts [Client Component SSR]
    ./src/components/home/OpenEventsFloatingChip.tsx [Client Component SSR]
    ./src/components/home/OpenEventsFloatingChip.tsx [Server Component]
    ./src/components/home/HomeOpenEventsChip.tsx [Server Component]
    ./src/app/(public)/layout.tsx [Server Component] @ http://localhost:3000/_next/static/chunks/node_modules_next_dist_1gdrd03._.js:1945
[    2716ms] [ERROR] ./src/lib/prisma.ts
Code generation for chunk item errored
An error occurred while generating the chunk item [project]/src/lib/prisma.ts [app-client] (ecmascript) <locals>

Caused by:
- the chunking context (unknown) does not support external modules (request: node:dns)

Debug info:
- An error occurred while generating the chunk item [project]/src/lib/prisma.ts [app-client] (ecmascript) <locals>
- Execution of <EcmascriptModuleLocalsModule as EcmascriptChunkPlaceable>::chunk_item_content failed
- Execution of *EcmascriptChunkItemContent::new failed
- Execution of EcmascriptModuleContent::new failed
- the chunking context (unknown) does not support external modules (request: node:dns)

Import traces:
  #1 [Server Component]:
    ./src/lib/prisma.ts
    ./src/auth.ts
    ./src/app/layout.tsx

  #2 [Server Component]:
    ./src/lib/prisma.ts
    ./src/lib/appreciation.ts
    ./src/components/home/HomeAppreciationSnippet.tsx
    ./src/app/(public)/page.tsx

  #3 [Server Component]:
    ./src/lib/prisma.ts
    ./src/lib/open-events.ts
    ./src/components/home/HomeOpenEventsChip.tsx
    ./src/app/(public)/layout.tsx

  #4 [Client Component Browser]:
    ./src/lib/prisma.ts [Client Component Browser]
    ./src/lib/open-events.ts [Client Component Browser]
    ./src/components/home/OpenEventsFloatingChip.tsx [Client Component Browser]
    ./src/components/home/OpenEventsFloatingChip.tsx [Server Component]
    ./src/components/home/HomeOpenEventsChip.tsx [Server Component]
    ./src/app/(public)/layout.tsx [Server Component]

  #5 [Client Component SSR]:
    ./src/lib/prisma.ts [Client Component SSR]
    ./src/lib/open-events.ts [Client Component SSR]
    ./src/components/home/OpenEventsFloatingChip.tsx [Client Component SSR]
    ./src/components/home/OpenEventsFloatingChip.tsx [Server Component]
    ./src/components/home/HomeOpenEventsChip.tsx [Server Component]
    ./src/app/(public)/layout.tsx [Server Component] @ http://localhost:3000/_next/static/chunks/node_modules_next_dist_1gdrd03._.js:1945
[    2779ms] [ERROR] ./src/lib/prisma.ts
Code generation for chunk item errored
An error occurred while generating the chunk item [project]/src/lib/prisma.ts [app-client] (ecmascript) <locals>

Caused by:
- the chunking context (unknown) does not support external modules (request: node:dns)

Debug info:
- An error occurred while generating the chunk item [project]/src/lib/prisma.ts [app-client] (ecmascript) <locals>
- Execution of <EcmascriptModuleLocalsModule as EcmascriptChunkPlaceable>::chunk_item_content failed
- Execution of *EcmascriptChunkItemContent::new failed
- Execution of EcmascriptModuleContent::new failed
- the chunking context (unknown) does not support external modules (request: node:dns)

Import traces:
  #1 [Server Component]:
    ./src/lib/prisma.ts
    ./src/auth.ts
    ./src/app/layout.tsx

  #2 [Server Component]:
    ./src/lib/prisma.ts
    ./src/lib/appreciation.ts
    ./src/components/home/HomeAppreciationSnippet.tsx
    ./src/app/(public)/page.tsx

  #3 [Server Component]:
    ./src/lib/prisma.ts
    ./src/lib/open-events.ts
    ./src/components/home/HomeOpenEventsChip.tsx
    ./src/app/(public)/layout.tsx

  #4 [Client Component Browser]:
    ./src/lib/prisma.ts [Client Component Browser]
    ./src/lib/open-events.ts [Client Component Browser]
    ./src/components/home/OpenEventsFloatingChip.tsx [Client Component Browser]
    ./src/components/home/OpenEventsFloatingChip.tsx [Server Component]
    ./src/components/home/HomeOpenEventsChip.tsx [Server Component]
    ./src/app/(public)/layout.tsx [Server Component]

  #5 [Client Component SSR]:
    ./src/lib/prisma.ts [Client Component SSR]
    ./src/lib/open-events.ts [Client Component SSR]
    ./src/components/home/OpenEventsFloatingChip.tsx [Client Component SSR]
    ./src/components/home/OpenEventsFloatingChip.tsx [Server Component]
    ./src/components/home/HomeOpenEventsChip.tsx [Server Component]
    ./src/app/(public)/layout.tsx [Server Component] @ http://localhost:3000/_next/static/chunks/node_modules_next_dist_1gdrd03._.js:1945
[    2841ms] [ERROR] ./src/lib/prisma.ts
Code generation for chunk item errored
An error occurred while generating the chunk item [project]/src/lib/prisma.ts [app-client] (ecmascript) <locals>

Caused by:
- the chunking context (unknown) does not support external modules (request: node:dns)

Debug info:
- An error occurred while generating the chunk item [project]/src/lib/prisma.ts [app-client] (ecmascript) <locals>
- Execution of <EcmascriptModuleLocalsModule as EcmascriptChunkPlaceable>::chunk_item_content failed
- Execution of *EcmascriptChunkItemContent::new failed
- Execution of EcmascriptModuleContent::new failed
- the chunking context (unknown) does not support external modules (request: node:dns)

Import traces:
  #1 [Server Component]:
    ./src/lib/prisma.ts
    ./src/auth.ts
    ./src/app/layout.tsx

  #2 [Server Component]:
    ./src/lib/prisma.ts
    ./src/lib/appreciation.ts
    ./src/components/home/HomeAppreciationSnippet.tsx
    ./src/app/(public)/page.tsx

  #3 [Server Component]:
    ./src/lib/prisma.ts
    ./src/lib/open-events.ts
    ./src/components/home/HomeOpenEventsChip.tsx
    ./src/app/(public)/layout.tsx

  #4 [Client Component Browser]:
    ./src/lib/prisma.ts [Client Component Browser]
    ./src/lib/open-events.ts [Client Component Browser]
    ./src/components/home/OpenEventsFloatingChip.tsx [Client Component Browser]
    ./src/components/home/OpenEventsFloatingChip.tsx [Server Component]
    ./src/components/home/HomeOpenEventsChip.tsx [Server Component]
    ./src/app/(public)/layout.tsx [Server Component]

  #5 [Client Component SSR]:
    ./src/lib/prisma.ts [Client Component SSR]
    ./src/lib/open-events.ts [Client Component SSR]
    ./src/components/home/OpenEventsFloatingChip.tsx [Client Component SSR]
    ./src/components/home/OpenEventsFloatingChip.tsx [Server Component]
    ./src/components/home/HomeOpenEventsChip.tsx [Server Component]
    ./src/app/(public)/layout.tsx [Server Component] @ http://localhost:3000/_next/static/chunks/node_modules_next_dist_1gdrd03._.js:1945
[    2902ms] [ERROR] ./src/lib/prisma.ts
Code generation for chunk item errored
An error occurred while generating the chunk item [project]/src/lib/prisma.ts [app-client] (ecmascript) <locals>

Caused by:
- the chunking context (unknown) does not support external modules (request: node:dns)

Debug info:
- An error occurred while generating the chunk item [project]/src/lib/prisma.ts [app-client] (ecmascript) <locals>
- Execution of <EcmascriptModuleLocalsModule as EcmascriptChunkPlaceable>::chunk_item_content failed
- Execution of *EcmascriptChunkItemContent::new failed
- Execution of EcmascriptModuleContent::new failed
- the chunking context (unknown) does not support external modules (request: node:dns)

Import traces:
  #1 [Server Component]:
    ./src/lib/prisma.ts
    ./src/auth.ts
    ./src/app/layout.tsx

  #2 [Server Component]:
    ./src/lib/prisma.ts
    ./src/lib/appreciation.ts
    ./src/components/home/HomeAppreciationSnippet.tsx
    ./src/app/(public)/page.tsx

  #3 [Server Component]:
    ./src/lib/prisma.ts
    ./src/lib/open-events.ts
    ./src/components/home/HomeOpenEventsChip.tsx
    ./src/app/(public)/layout.tsx

  #4 [Client Component Browser]:
    ./src/lib/prisma.ts [Client Component Browser]
    ./src/lib/open-events.ts [Client Component Browser]
    ./src/components/home/OpenEventsFloatingChip.tsx [Client Component Browser]
    ./src/components/home/OpenEventsFloatingChip.tsx [Server Component]
    ./src/components/home/HomeOpenEventsChip.tsx [Server Component]
    ./src/app/(public)/layout.tsx [Server Component]

  #5 [Client Component SSR]:
    ./src/lib/prisma.ts [Client Component SSR]
    ./src/lib/open-events.ts [Client Component SSR]
    ./src/components/home/OpenEventsFloatingChip.tsx [Client Component SSR]
    ./src/components/home/OpenEventsFloatingChip.tsx [Server Component]
    ./src/components/home/HomeOpenEventsChip.tsx [Server Component]
    ./src/app/(public)/layout.tsx [Server Component] @ http://localhost:3000/_next/static/chunks/node_modules_next_dist_1gdrd03._.js:1945
[    2964ms] [ERROR] ./src/lib/prisma.ts
Code generation for chunk item errored
An error occurred while generating the chunk item [project]/src/lib/prisma.ts [app-client] (ecmascript) <locals>

Caused by:
- the chunking context (unknown) does not support external modules (request: node:dns)

Debug info:
- An error occurred while generating the chunk item [project]/src/lib/prisma.ts [app-client] (ecmascript) <locals>
- Execution of <EcmascriptModuleLocalsModule as EcmascriptChunkPlaceable>::chunk_item_content failed
- Execution of *EcmascriptChunkItemContent::new failed
- Execution of EcmascriptModuleContent::new failed
- the chunking context (unknown) does not support external modules (request: node:dns)

Import traces:
  #1 [Server Component]:
    ./src/lib/prisma.ts
    ./src/auth.ts
    ./src/app/layout.tsx

  #2 [Server Component]:
    ./src/lib/prisma.ts
    ./src/lib/appreciation.ts
    ./src/components/home/HomeAppreciationSnippet.tsx
    ./src/app/(public)/page.tsx

  #3 [Server Component]:
    ./src/lib/prisma.ts
    ./src/lib/open-events.ts
    ./src/components/home/HomeOpenEventsChip.tsx
    ./src/app/(public)/layout.tsx

  #4 [Client Component Browser]:
    ./src/lib/prisma.ts [Client Component Browser]
    ./src/lib/open-events.ts [Client Component Browser]
    ./src/components/home/OpenEventsFloatingChip.tsx [Client Component Browser]
    ./src/components/home/OpenEventsFloatingChip.tsx [Server Component]
    ./src/components/home/HomeOpenEventsChip.tsx [Server Component]
    ./src/app/(public)/layout.tsx [Server Component]

  #5 [Client Component SSR]:
    ./src/lib/prisma.ts [Client Component SSR]
    ./src/lib/open-events.ts [Client Component SSR]
    ./src/components/home/OpenEventsFloatingChip.tsx [Client Component SSR]
    ./src/components/home/OpenEventsFloatingChip.tsx [Server Component]
    ./src/components/home/HomeOpenEventsChip.tsx [Server Component]
    ./src/app/(public)/layout.tsx [Server Component] @ http://localhost:3000/_next/static/chunks/node_modules_next_dist_1gdrd03._.js:1945
[    3024ms] [ERROR] ./src/lib/prisma.ts
Code generation for chunk item errored
An error occurred while generating the chunk item [project]/src/lib/prisma.ts [app-client] (ecmascript) <locals>

Caused by:
- the chunking context (unknown) does not support external modules (request: node:dns)

Debug info:
- An error occurred while generating the chunk item [project]/src/lib/prisma.ts [app-client] (ecmascript) <locals>
- Execution of <EcmascriptModuleLocalsModule as EcmascriptChunkPlaceable>::chunk_item_content failed
- Execution of *EcmascriptChunkItemContent::new failed
- Execution of EcmascriptModuleContent::new failed
- the chunking context (unknown) does not support external modules (request: node:dns)

Import traces:
  #1 [Server Component]:
    ./src/lib/prisma.ts
    ./src/auth.ts
    ./src/app/layout.tsx

  #2 [Server Component]:
    ./src/lib/prisma.ts
    ./src/lib/appreciation.ts
    ./src/components/home/HomeAppreciationSnippet.tsx
    ./src/app/(public)/page.tsx

  #3 [Server Component]:
    ./src/lib/prisma.ts
    ./src/lib/open-events.ts
    ./src/components/home/HomeOpenEventsChip.tsx
    ./src/app/(public)/layout.tsx

  #4 [Client Component Browser]:
    ./src/lib/prisma.ts [Client Component Browser]
    ./src/lib/open-events.ts [Client Component Browser]
    ./src/components/home/OpenEventsFloatingChip.tsx [Client Component Browser]
    ./src/components/home/OpenEventsFloatingChip.tsx [Server Component]
    ./src/components/home/HomeOpenEventsChip.tsx [Server Component]
    ./src/app/(public)/layout.tsx [Server Component]

  #5 [Client Component SSR]:
    ./src/lib/prisma.ts [Client Component SSR]
    ./src/lib/open-events.ts [Client Component SSR]
    ./src/components/home/OpenEventsFloatingChip.tsx [Client Component SSR]
    ./src/components/home/OpenEventsFloatingChip.tsx [Server Component]
    ./src/components/home/HomeOpenEventsChip.tsx [Server Component]
    ./src/app/(public)/layout.tsx [Server Component] @ http://localhost:3000/_next/static/chunks/node_modules_next_dist_1gdrd03._.js:1945
[    3087ms] [ERROR] ./src/lib/prisma.ts
Code generation for chunk item errored
An error occurred while generating the chunk item [project]/src/lib/prisma.ts [app-client] (ecmascript) <locals>

Caused by:
- the chunking context (unknown) does not support external modules (request: node:dns)

Debug info:
- An error occurred while generating the chunk item [project]/src/lib/prisma.ts [app-client] (ecmascript) <locals>
- Execution of <EcmascriptModuleLocalsModule as EcmascriptChunkPlaceable>::chunk_item_content failed
- Execution of *EcmascriptChunkItemContent::new failed
- Execution of EcmascriptModuleContent::new failed
- the chunking context (unknown) does not support external modules (request: node:dns)

Import traces:
  #1 [Server Component]:
    ./src/lib/prisma.ts
    ./src/auth.ts
    ./src/app/layout.tsx

  #2 [Server Component]:
    ./src/lib/prisma.ts
    ./src/lib/appreciation.ts
    ./src/components/home/HomeAppreciationSnippet.tsx
    ./src/app/(public)/page.tsx

  #3 [Server Component]:
    ./src/lib/prisma.ts
    ./src/lib/open-events.ts
    ./src/components/home/HomeOpenEventsChip.tsx
    ./src/app/(public)/layout.tsx

  #4 [Client Component Browser]:
    ./src/lib/prisma.ts [Client Component Browser]
    ./src/lib/open-events.ts [Client Component Browser]
    ./src/components/home/OpenEventsFloatingChip.tsx [Client Component Browser]
    ./src/components/home/OpenEventsFloatingChip.tsx [Server Component]
    ./src/components/home/HomeOpenEventsChip.tsx [Server Component]
    ./src/app/(public)/layout.tsx [Server Component]

  #5 [Client Component SSR]:
    ./src/lib/prisma.ts [Client Component SSR]
    ./src/lib/open-events.ts [Client Component SSR]
    ./src/components/home/OpenEventsFloatingChip.tsx [Client Component SSR]
    ./src/components/home/OpenEventsFloatingChip.tsx [Server Component]
    ./src/components/home/HomeOpenEventsChip.tsx [Server Component]
    ./src/app/(public)/layout.tsx [Server Component] @ http://localhost:3000/_next/static/chunks/node_modules_next_dist_1gdrd03._.js:1945
[    3149ms] [ERROR] ./src/lib/prisma.ts
Code generation for chunk item errored
An error occurred while generating the chunk item [project]/src/lib/prisma.ts [app-client] (ecmascript) <locals>

Caused by:
- the chunking context (unknown) does not support external modules (request: node:dns)

Debug info:
- An error occurred while generating the chunk item [project]/src/lib/prisma.ts [app-client] (ecmascript) <locals>
- Execution of <EcmascriptModuleLocalsModule as EcmascriptChunkPlaceable>::chunk_item_content failed
- Execution of *EcmascriptChunkItemContent::new failed
- Execution of EcmascriptModuleContent::new failed
- the chunking context (unknown) does not support external modules (request: node:dns)

Import traces:
  #1 [Server Component]:
    ./src/lib/prisma.ts
    ./src/auth.ts
    ./src/app/layout.tsx

  #2 [Server Component]:
    ./src/lib/prisma.ts
    ./src/lib/appreciation.ts
    ./src/components/home/HomeAppreciationSnippet.tsx
    ./src/app/(public)/page.tsx

  #3 [Server Component]:
    ./src/lib/prisma.ts
    ./src/lib/open-events.ts
    ./src/components/home/HomeOpenEventsChip.tsx
    ./src/app/(public)/layout.tsx

  #4 [Client Component Browser]:
    ./src/lib/prisma.ts [Client Component Browser]
    ./src/lib/open-events.ts [Client Component Browser]
    ./src/components/home/OpenEventsFloatingChip.tsx [Client Component Browser]
    ./src/components/home/OpenEventsFloatingChip.tsx [Server Component]
    ./src/components/home/HomeOpenEventsChip.tsx [Server Component]
    ./src/app/(public)/layout.tsx [Server Component]

  #5 [Client Component SSR]:
    ./src/lib/prisma.ts [Client Component SSR]
    ./src/lib/open-events.ts [Client Component SSR]
    ./src/components/home/OpenEventsFloatingChip.tsx [Client Component SSR]
    ./src/components/home/OpenEventsFloatingChip.tsx [Server Component]
    ./src/components/home/HomeOpenEventsChip.tsx [Server Component]
    ./src/app/(public)/layout.tsx [Server Component] @ http://localhost:3000/_next/static/chunks/node_modules_next_dist_1gdrd03._.js:1945
[    3212ms] [ERROR] ./src/lib/prisma.ts
Code generation for chunk item errored
An error occurred while generating the chunk item [project]/src/lib/prisma.ts [app-client] (ecmascript) <locals>

Caused by:
- the chunking context (unknown) does not support external modules (request: node:dns)

Debug info:
- An error occurred while generating the chunk item [project]/src/lib/prisma.ts [app-client] (ecmascript) <locals>
- Execution of <EcmascriptModuleLocalsModule as EcmascriptChunkPlaceable>::chunk_item_content failed
- Execution of *EcmascriptChunkItemContent::new failed
- Execution of EcmascriptModuleContent::new failed
- the chunking context (unknown) does not support external modules (request: node:dns)

Import traces:
  #1 [Server Component]:
    ./src/lib/prisma.ts
    ./src/auth.ts
    ./src/app/layout.tsx

  #2 [Server Component]:
    ./src/lib/prisma.ts
    ./src/lib/appreciation.ts
    ./src/components/home/HomeAppreciationSnippet.tsx
    ./src/app/(public)/page.tsx

  #3 [Server Component]:
    ./src/lib/prisma.ts
    ./src/lib/open-events.ts
    ./src/components/home/HomeOpenEventsChip.tsx
    ./src/app/(public)/layout.tsx

  #4 [Client Component Browser]:
    ./src/lib/prisma.ts [Client Component Browser]
    ./src/lib/open-events.ts [Client Component Browser]
    ./src/components/home/OpenEventsFloatingChip.tsx [Client Component Browser]
    ./src/components/home/OpenEventsFloatingChip.tsx [Server Component]
    ./src/components/home/HomeOpenEventsChip.tsx [Server Component]
    ./src/app/(public)/layout.tsx [Server Component]

  #5 [Client Component SSR]:
    ./src/lib/prisma.ts [Client Component SSR]
    ./src/lib/open-events.ts [Client Component SSR]
    ./src/components/home/OpenEventsFloatingChip.tsx [Client Component SSR]
    ./src/components/home/OpenEventsFloatingChip.tsx [Server Component]
    ./src/components/home/HomeOpenEventsChip.tsx [Server Component]
    ./src/app/(public)/layout.tsx [Server Component] @ http://localhost:3000/_next/static/chunks/node_modules_next_dist_1gdrd03._.js:1945
[    3278ms] [ERROR] ./src/lib/prisma.ts
Code generation for chunk item errored
An error occurred while generating the chunk item [project]/src/lib/prisma.ts [app-client] (ecmascript) <locals>

Caused by:
- the chunking context (unknown) does not support external modules (request: node:dns)

Debug info:
- An error occurred while generating the chunk item [project]/src/lib/prisma.ts [app-client] (ecmascript) <locals>
- Execution of <EcmascriptModuleLocalsModule as EcmascriptChunkPlaceable>::chunk_item_content failed
- Execution of *EcmascriptChunkItemContent::new failed
- Execution of EcmascriptModuleContent::new failed
- the chunking context (unknown) does not support external modules (request: node:dns)

Import traces:
  #1 [Server Component]:
    ./src/lib/prisma.ts
    ./src/auth.ts
    ./src/app/layout.tsx

  #2 [Server Component]:
    ./src/lib/prisma.ts
    ./src/lib/appreciation.ts
    ./src/components/home/HomeAppreciationSnippet.tsx
    ./src/app/(public)/page.tsx

  #3 [Server Component]:
    ./src/lib/prisma.ts
    ./src/lib/open-events.ts
    ./src/components/home/HomeOpenEventsChip.tsx
    ./src/app/(public)/layout.tsx

  #4 [Client Component Browser]:
    ./src/lib/prisma.ts [Client Component Browser]
    ./src/lib/open-events.ts [Client Component Browser]
    ./src/components/home/OpenEventsFloatingChip.tsx [Client Component Browser]
    ./src/components/home/OpenEventsFloatingChip.tsx [Server Component]
    ./src/components/home/HomeOpenEventsChip.tsx [Server Component]
    ./src/app/(public)/layout.tsx [Server Component]

  #5 [Client Component SSR]:
    ./src/lib/prisma.ts [Client Component SSR]
    ./src/lib/open-events.ts [Client Component SSR]
    ./src/components/home/OpenEventsFloatingChip.tsx [Client Component SSR]
    ./src/components/home/OpenEventsFloatingChip.tsx [Server Component]
    ./src/components/home/HomeOpenEventsChip.tsx [Server Component]
    ./src/app/(public)/layout.tsx [Server Component] @ http://localhost:3000/_next/static/chunks/node_modules_next_dist_1gdrd03._.js:1945
[    3339ms] [ERROR] ./src/lib/prisma.ts
Code generation for chunk item errored
An error occurred while generating the chunk item [project]/src/lib/prisma.ts [app-client] (ecmascript) <locals>

Caused by:
- the chunking context (unknown) does not support external modules (request: node:dns)

Debug info:
- An error occurred while generating the chunk item [project]/src/lib/prisma.ts [app-client] (ecmascript) <locals>
- Execution of <EcmascriptModuleLocalsModule as EcmascriptChunkPlaceable>::chunk_item_content failed
- Execution of *EcmascriptChunkItemContent::new failed
- Execution of EcmascriptModuleContent::new failed
- the chunking context (unknown) does not support external modules (request: node:dns)

Import traces:
  #1 [Server Component]:
    ./src/lib/prisma.ts
    ./src/auth.ts
    ./src/app/layout.tsx

  #2 [Server Component]:
    ./src/lib/prisma.ts
    ./src/lib/appreciation.ts
    ./src/components/home/HomeAppreciationSnippet.tsx
    ./src/app/(public)/page.tsx

  #3 [Server Component]:
    ./src/lib/prisma.ts
    ./src/lib/open-events.ts
    ./src/components/home/HomeOpenEventsChip.tsx
    ./src/app/(public)/layout.tsx

  #4 [Client Component Browser]:
    ./src/lib/prisma.ts [Client Component Browser]
    ./src/lib/open-events.ts [Client Component Browser]
    ./src/components/home/OpenEventsFloatingChip.tsx [Client Component Browser]
    ./src/components/home/OpenEventsFloatingChip.tsx [Server Component]
    ./src/components/home/HomeOpenEventsChip.tsx [Server Component]
    ./src/app/(public)/layout.tsx [Server Component]

  #5 [Client Component SSR]:
    ./src/lib/prisma.ts [Client Component SSR]
    ./src/lib/open-events.ts [Client Component SSR]
    ./src/components/home/OpenEventsFloatingChip.tsx [Client Component SSR]
    ./src/components/home/OpenEventsFloatingChip.tsx [Server Component]
    ./src/components/home/HomeOpenEventsChip.tsx [Server Component]
    ./src/app/(public)/layout.tsx [Server Component] @ http://localhost:3000/_next/static/chunks/node_modules_next_dist_1gdrd03._.js:1945
[    3401ms] [ERROR] ./src/lib/prisma.ts
Code generation for chunk item errored
An error occurred while generating the chunk item [project]/src/lib/prisma.ts [app-client] (ecmascript) <locals>

Caused by:
- the chunking context (unknown) does not support external modules (request: node:dns)

Debug info:
- An error occurred while generating the chunk item [project]/src/lib/prisma.ts [app-client] (ecmascript) <locals>
- Execution of <EcmascriptModuleLocalsModule as EcmascriptChunkPlaceable>::chunk_item_content failed
- Execution of *EcmascriptChunkItemContent::new failed
- Execution of EcmascriptModuleContent::new failed
- the chunking context (unknown) does not support external modules (request: node:dns)

Import traces:
  #1 [Server Component]:
    ./src/lib/prisma.ts
    ./src/auth.ts
    ./src/app/layout.tsx

  #2 [Server Component]:
    ./src/lib/prisma.ts
    ./src/lib/appreciation.ts
    ./src/components/home/HomeAppreciationSnippet.tsx
    ./src/app/(public)/page.tsx

  #3 [Server Component]:
    ./src/lib/prisma.ts
    ./src/lib/open-events.ts
    ./src/components/home/HomeOpenEventsChip.tsx
    ./src/app/(public)/layout.tsx

  #4 [Client Component Browser]:
    ./src/lib/prisma.ts [Client Component Browser]
    ./src/lib/open-events.ts [Client Component Browser]
    ./src/components/home/OpenEventsFloatingChip.tsx [Client Component Browser]
    ./src/components/home/OpenEventsFloatingChip.tsx [Server Component]
    ./src/components/home/HomeOpenEventsChip.tsx [Server Component]
    ./src/app/(public)/layout.tsx [Server Component]

  #5 [Client Component SSR]:
    ./src/lib/prisma.ts [Client Component SSR]
    ./src/lib/open-events.ts [Client Component SSR]
    ./src/components/home/OpenEventsFloatingChip.tsx [Client Component SSR]
    ./src/components/home/OpenEventsFloatingChip.tsx [Server Component]
    ./src/components/home/HomeOpenEventsChip.tsx [Server Component]
    ./src/app/(public)/layout.tsx [Server Component] @ http://localhost:3000/_next/static/chunks/node_modules_next_dist_1gdrd03._.js:1945
[    3464ms] [ERROR] ./src/lib/prisma.ts
Code generation for chunk item errored
An error occurred while generating the chunk item [project]/src/lib/prisma.ts [app-client] (ecmascript) <locals>

Caused by:
- the chunking context (unknown) does not support external modules (request: node:dns)

Debug info:
- An error occurred while generating the chunk item [project]/src/lib/prisma.ts [app-client] (ecmascript) <locals>
- Execution of <EcmascriptModuleLocalsModule as EcmascriptChunkPlaceable>::chunk_item_content failed
- Execution of *EcmascriptChunkItemContent::new failed
- Execution of EcmascriptModuleContent::new failed
- the chunking context (unknown) does not support external modules (request: node:dns)

Import traces:
  #1 [Server Component]:
    ./src/lib/prisma.ts
    ./src/auth.ts
    ./src/app/layout.tsx

  #2 [Server Component]:
    ./src/lib/prisma.ts
    ./src/lib/appreciation.ts
    ./src/components/home/HomeAppreciationSnippet.tsx
    ./src/app/(public)/page.tsx

  #3 [Server Component]:
    ./src/lib/prisma.ts
    ./src/lib/open-events.ts
    ./src/components/home/HomeOpenEventsChip.tsx
    ./src/app/(public)/layout.tsx

  #4 [Client Component Browser]:
    ./src/lib/prisma.ts [Client Component Browser]
    ./src/lib/open-events.ts [Client Component Browser]
    ./src/components/home/OpenEventsFloatingChip.tsx [Client Component Browser]
    ./src/components/home/OpenEventsFloatingChip.tsx [Server Component]
    ./src/components/home/HomeOpenEventsChip.tsx [Server Component]
    ./src/app/(public)/layout.tsx [Server Component]

  #5 [Client Component SSR]:
    ./src/lib/prisma.ts [Client Component SSR]
    ./src/lib/open-events.ts [Client Component SSR]
    ./src/components/home/OpenEventsFloatingChip.tsx [Client Component SSR]
    ./src/components/home/OpenEventsFloatingChip.tsx [Server Component]
    ./src/components/home/HomeOpenEventsChip.tsx [Server Component]
    ./src/app/(public)/layout.tsx [Server Component] @ http://localhost:3000/_next/static/chunks/node_modules_next_dist_1gdrd03._.js:1945
[    3530ms] [ERROR] ./src/lib/prisma.ts
Code generation for chunk item errored
An error occurred while generating the chunk item [project]/src/lib/prisma.ts [app-client] (ecmascript) <locals>

Caused by:
- the chunking context (unknown) does not support external modules (request: node:dns)

Debug info:
- An error occurred while generating the chunk item [project]/src/lib/prisma.ts [app-client] (ecmascript) <locals>
- Execution of <EcmascriptModuleLocalsModule as EcmascriptChunkPlaceable>::chunk_item_content failed
- Execution of *EcmascriptChunkItemContent::new failed
- Execution of EcmascriptModuleContent::new failed
- the chunking context (unknown) does not support external modules (request: node:dns)

Import traces:
  #1 [Server Component]:
    ./src/lib/prisma.ts
    ./src/auth.ts
    ./src/app/layout.tsx

  #2 [Server Component]:
    ./src/lib/prisma.ts
    ./src/lib/appreciation.ts
    ./src/components/home/HomeAppreciationSnippet.tsx
    ./src/app/(public)/page.tsx

  #3 [Server Component]:
    ./src/lib/prisma.ts
    ./src/lib/open-events.ts
    ./src/components/home/HomeOpenEventsChip.tsx
    ./src/app/(public)/layout.tsx

  #4 [Client Component Browser]:
    ./src/lib/prisma.ts [Client Component Browser]
    ./src/lib/open-events.ts [Client Component Browser]
    ./src/components/home/OpenEventsFloatingChip.tsx [Client Component Browser]
    ./src/components/home/OpenEventsFloatingChip.tsx [Server Component]
    ./src/components/home/HomeOpenEventsChip.tsx [Server Component]
    ./src/app/(public)/layout.tsx [Server Component]

  #5 [Client Component SSR]:
    ./src/lib/prisma.ts [Client Component SSR]
    ./src/lib/open-events.ts [Client Component SSR]
    ./src/components/home/OpenEventsFloatingChip.tsx [Client Component SSR]
    ./src/components/home/OpenEventsFloatingChip.tsx [Server Component]
    ./src/components/home/HomeOpenEventsChip.tsx [Server Component]
    ./src/app/(public)/layout.tsx [Server Component] @ http://localhost:3000/_next/static/chunks/node_modules_next_dist_1gdrd03._.js:1945
[    3606ms] [ERROR] ./src/lib/prisma.ts
Code generation for chunk item errored
An error occurred while generating the chunk item [project]/src/lib/prisma.ts [app-client] (ecmascript) <locals>

Caused by:
- the chunking context (unknown) does not support external modules (request: node:dns)

Debug info:
- An error occurred while generating the chunk item [project]/src/lib/prisma.ts [app-client] (ecmascript) <locals>
- Execution of <EcmascriptModuleLocalsModule as EcmascriptChunkPlaceable>::chunk_item_content failed
- Execution of *EcmascriptChunkItemContent::new failed
- Execution of EcmascriptModuleContent::new failed
- the chunking context (unknown) does not support external modules (request: node:dns)

Import traces:
  #1 [Server Component]:
    ./src/lib/prisma.ts
    ./src/auth.ts
    ./src/app/layout.tsx

  #2 [Server Component]:
    ./src/lib/prisma.ts
    ./src/lib/appreciation.ts
    ./src/components/home/HomeAppreciationSnippet.tsx
    ./src/app/(public)/page.tsx

  #3 [Server Component]:
    ./src/lib/prisma.ts
    ./src/lib/open-events.ts
    ./src/components/home/HomeOpenEventsChip.tsx
    ./src/app/(public)/layout.tsx

  #4 [Client Component Browser]:
    ./src/lib/prisma.ts [Client Component Browser]
    ./src/lib/open-events.ts [Client Component Browser]
    ./src/components/home/OpenEventsFloatingChip.tsx [Client Component Browser]
    ./src/components/home/OpenEventsFloatingChip.tsx [Server Component]
    ./src/components/home/HomeOpenEventsChip.tsx [Server Component]
    ./src/app/(public)/layout.tsx [Server Component]

  #5 [Client Component SSR]:
    ./src/lib/prisma.ts [Client Component SSR]
    ./src/lib/open-events.ts [Client Component SSR]
    ./src/components/home/OpenEventsFloatingChip.tsx [Client Component SSR]
    ./src/components/home/OpenEventsFloatingChip.tsx [Server Component]
    ./src/components/home/HomeOpenEventsChip.tsx [Server Component]
    ./src/app/(public)/layout.tsx [Server Component] @ http://localhost:3000/_next/static/chunks/node_modules_next_dist_1gdrd03._.js:1945
[    3669ms] [ERROR] ./src/lib/prisma.ts
Code generation for chunk item errored
An error occurred while generating the chunk item [project]/src/lib/prisma.ts [app-client] (ecmascript) <locals>

Caused by:
- the chunking context (unknown) does not support external modules (request: node:dns)

Debug info:
- An error occurred while generating the chunk item [project]/src/lib/prisma.ts [app-client] (ecmascript) <locals>
- Execution of <EcmascriptModuleLocalsModule as EcmascriptChunkPlaceable>::chunk_item_content failed
- Execution of *EcmascriptChunkItemContent::new failed
- Execution of EcmascriptModuleContent::new failed
- the chunking context (unknown) does not support external modules (request: node:dns)

Import traces:
  #1 [Server Component]:
    ./src/lib/prisma.ts
    ./src/auth.ts
    ./src/app/layout.tsx

  #2 [Server Component]:
    ./src/lib/prisma.ts
    ./src/lib/appreciation.ts
    ./src/components/home/HomeAppreciationSnippet.tsx
    ./src/app/(public)/page.tsx

  #3 [Server Component]:
    ./src/lib/prisma.ts
    ./src/lib/open-events.ts
    ./src/components/home/HomeOpenEventsChip.tsx
    ./src/app/(public)/layout.tsx

  #4 [Client Component Browser]:
    ./src/lib/prisma.ts [Client Component Browser]
    ./src/lib/open-events.ts [Client Component Browser]
    ./src/components/home/OpenEventsFloatingChip.tsx [Client Component Browser]
    ./src/components/home/OpenEventsFloatingChip.tsx [Server Component]
    ./src/components/home/HomeOpenEventsChip.tsx [Server Component]
    ./src/app/(public)/layout.tsx [Server Component]

  #5 [Client Component SSR]:
    ./src/lib/prisma.ts [Client Component SSR]
    ./src/lib/open-events.ts [Client Component SSR]
    ./src/components/home/OpenEventsFloatingChip.tsx [Client Component SSR]
    ./src/components/home/OpenEventsFloatingChip.tsx [Server Component]
    ./src/components/home/HomeOpenEventsChip.tsx [Server Component]
    ./src/app/(public)/layout.tsx [Server Component] @ http://localhost:3000/_next/static/chunks/node_modules_next_dist_1gdrd03._.js:1945
[    3731ms] [ERROR] ./src/lib/prisma.ts
Code generation for chunk item errored
An error occurred while generating the chunk item [project]/src/lib/prisma.ts [app-client] (ecmascript) <locals>

Caused by:
- the chunking context (unknown) does not support external modules (request: node:dns)

Debug info:
- An error occurred while generating the chunk item [project]/src/lib/prisma.ts [app-client] (ecmascript) <locals>
- Execution of <EcmascriptModuleLocalsModule as EcmascriptChunkPlaceable>::chunk_item_content failed
- Execution of *EcmascriptChunkItemContent::new failed
- Execution of EcmascriptModuleContent::new failed
- the chunking context (unknown) does not support external modules (request: node:dns)

Import traces:
  #1 [Server Component]:
    ./src/lib/prisma.ts
    ./src/auth.ts
    ./src/app/layout.tsx

  #2 [Server Component]:
    ./src/lib/prisma.ts
    ./src/lib/appreciation.ts
    ./src/components/home/HomeAppreciationSnippet.tsx
    ./src/app/(public)/page.tsx

  #3 [Server Component]:
    ./src/lib/prisma.ts
    ./src/lib/open-events.ts
    ./src/components/home/HomeOpenEventsChip.tsx
    ./src/app/(public)/layout.tsx

  #4 [Client Component Browser]:
    ./src/lib/prisma.ts [Client Component Browser]
    ./src/lib/open-events.ts [Client Component Browser]
    ./src/components/home/OpenEventsFloatingChip.tsx [Client Component Browser]
    ./src/components/home/OpenEventsFloatingChip.tsx [Server Component]
    ./src/components/home/HomeOpenEventsChip.tsx [Server Component]
    ./src/app/(public)/layout.tsx [Server Component]

  #5 [Client Component SSR]:
    ./src/lib/prisma.ts [Client Component SSR]
    ./src/lib/open-events.ts [Client Component SSR]
    ./src/components/home/OpenEventsFloatingChip.tsx [Client Component SSR]
    ./src/components/home/OpenEventsFloatingChip.tsx [Server Component]
    ./src/components/home/HomeOpenEventsChip.tsx [Server Component]
    ./src/app/(public)/layout.tsx [Server Component] @ http://localhost:3000/_next/static/chunks/node_modules_next_dist_1gdrd03._.js:1945
[    3794ms] [ERROR] ./src/lib/prisma.ts
Code generation for chunk item errored
An error occurred while generating the chunk item [project]/src/lib/prisma.ts [app-client] (ecmascript) <locals>

Caused by:
- the chunking context (unknown) does not support external modules (request: node:dns)

Debug info:
- An error occurred while generating the chunk item [project]/src/lib/prisma.ts [app-client] (ecmascript) <locals>
- Execution of <EcmascriptModuleLocalsModule as EcmascriptChunkPlaceable>::chunk_item_content failed
- Execution of *EcmascriptChunkItemContent::new failed
- Execution of EcmascriptModuleContent::new failed
- the chunking context (unknown) does not support external modules (request: node:dns)

Import traces:
  #1 [Server Component]:
    ./src/lib/prisma.ts
    ./src/auth.ts
    ./src/app/layout.tsx

  #2 [Server Component]:
    ./src/lib/prisma.ts
    ./src/lib/appreciation.ts
    ./src/components/home/HomeAppreciationSnippet.tsx
    ./src/app/(public)/page.tsx

  #3 [Server Component]:
    ./src/lib/prisma.ts
    ./src/lib/open-events.ts
    ./src/components/home/HomeOpenEventsChip.tsx
    ./src/app/(public)/layout.tsx

  #4 [Client Component Browser]:
    ./src/lib/prisma.ts [Client Component Browser]
    ./src/lib/open-events.ts [Client Component Browser]
    ./src/components/home/OpenEventsFloatingChip.tsx [Client Component Browser]
    ./src/components/home/OpenEventsFloatingChip.tsx [Server Component]
    ./src/components/home/HomeOpenEventsChip.tsx [Server Component]
    ./src/app/(public)/layout.tsx [Server Component]

  #5 [Client Component SSR]:
    ./src/lib/prisma.ts [Client Component SSR]
    ./src/lib/open-events.ts [Client Component SSR]
    ./src/components/home/OpenEventsFloatingChip.tsx [Client Component SSR]
    ./src/components/home/OpenEventsFloatingChip.tsx [Server Component]
    ./src/components/home/HomeOpenEventsChip.tsx [Server Component]
    ./src/app/(public)/layout.tsx [Server Component] @ http://localhost:3000/_next/static/chunks/node_modules_next_dist_1gdrd03._.js:1945
[    3856ms] [ERROR] ./src/lib/prisma.ts
Code generation for chunk item errored
An error occurred while generating the chunk item [project]/src/lib/prisma.ts [app-client] (ecmascript) <locals>

Caused by:
- the chunking context (unknown) does not support external modules (request: node:dns)

Debug info:
- An error occurred while generating the chunk item [project]/src/lib/prisma.ts [app-client] (ecmascript) <locals>
- Execution of <EcmascriptModuleLocalsModule as EcmascriptChunkPlaceable>::chunk_item_content failed
- Execution of *EcmascriptChunkItemContent::new failed
- Execution of EcmascriptModuleContent::new failed
- the chunking context (unknown) does not support external modules (request: node:dns)

Import traces:
  #1 [Server Component]:
    ./src/lib/prisma.ts
    ./src/auth.ts
    ./src/app/layout.tsx

  #2 [Server Component]:
    ./src/lib/prisma.ts
    ./src/lib/appreciation.ts
    ./src/components/home/HomeAppreciationSnippet.tsx
    ./src/app/(public)/page.tsx

  #3 [Server Component]:
    ./src/lib/prisma.ts
    ./src/lib/open-events.ts
    ./src/components/home/HomeOpenEventsChip.tsx
    ./src/app/(public)/layout.tsx

  #4 [Client Component Browser]:
    ./src/lib/prisma.ts [Client Component Browser]
    ./src/lib/open-events.ts [Client Component Browser]
    ./src/components/home/OpenEventsFloatingChip.tsx [Client Component Browser]
    ./src/components/home/OpenEventsFloatingChip.tsx [Server Component]
    ./src/components/home/HomeOpenEventsChip.tsx [Server Component]
    ./src/app/(public)/layout.tsx [Server Component]

  #5 [Client Component SSR]:
    ./src/lib/prisma.ts [Client Component SSR]
    ./src/lib/open-events.ts [Client Component SSR]
    ./src/components/home/OpenEventsFloatingChip.tsx [Client Component SSR]
    ./src/components/home/OpenEventsFloatingChip.tsx [Server Component]
    ./src/components/home/HomeOpenEventsChip.tsx [Server Component]
    ./src/app/(public)/layout.tsx [Server Component] @ http://localhost:3000/_next/static/chunks/node_modules_next_dist_1gdrd03._.js:1945
[    3919ms] [ERROR] ./src/lib/prisma.ts
Code generation for chunk item errored
An error occurred while generating the chunk item [project]/src/lib/prisma.ts [app-client] (ecmascript) <locals>

Caused by:
- the chunking context (unknown) does not support external modules (request: node:dns)

Debug info:
- An error occurred while generating the chunk item [project]/src/lib/prisma.ts [app-client] (ecmascript) <locals>
- Execution of <EcmascriptModuleLocalsModule as EcmascriptChunkPlaceable>::chunk_item_content failed
- Execution of *EcmascriptChunkItemContent::new failed
- Execution of EcmascriptModuleContent::new failed
- the chunking context (unknown) does not support external modules (request: node:dns)

Import traces:
  #1 [Server Component]:
    ./src/lib/prisma.ts
    ./src/auth.ts
    ./src/app/layout.tsx

  #2 [Server Component]:
    ./src/lib/prisma.ts
    ./src/lib/appreciation.ts
    ./src/components/home/HomeAppreciationSnippet.tsx
    ./src/app/(public)/page.tsx

  #3 [Server Component]:
    ./src/lib/prisma.ts
    ./src/lib/open-events.ts
    ./src/components/home/HomeOpenEventsChip.tsx
    ./src/app/(public)/layout.tsx

  #4 [Client Component Browser]:
    ./src/lib/prisma.ts [Client Component Browser]
    ./src/lib/open-events.ts [Client Component Browser]
    ./src/components/home/OpenEventsFloatingChip.tsx [Client Component Browser]
    ./src/components/home/OpenEventsFloatingChip.tsx [Server Component]
    ./src/components/home/HomeOpenEventsChip.tsx [Server Component]
    ./src/app/(public)/layout.tsx [Server Component]

  #5 [Client Component SSR]:
    ./src/lib/prisma.ts [Client Component SSR]
    ./src/lib/open-events.ts [Client Component SSR]
    ./src/components/home/OpenEventsFloatingChip.tsx [Client Component SSR]
    ./src/components/home/OpenEventsFloatingChip.tsx [Server Component]
    ./src/components/home/HomeOpenEventsChip.tsx [Server Component]
    ./src/app/(public)/layout.tsx [Server Component] @ http://localhost:3000/_next/static/chunks/node_modules_next_dist_1gdrd03._.js:1945
[    3982ms] [ERROR] ./src/lib/prisma.ts
Code generation for chunk item errored
An error occurred while generating the chunk item [project]/src/lib/prisma.ts [app-client] (ecmascript) <locals>

Caused by:
- the chunking context (unknown) does not support external modules (request: node:dns)

Debug info:
- An error occurred while generating the chunk item [project]/src/lib/prisma.ts [app-client] (ecmascript) <locals>
- Execution of <EcmascriptModuleLocalsModule as EcmascriptChunkPlaceable>::chunk_item_content failed
- Execution of *EcmascriptChunkItemContent::new failed
- Execution of EcmascriptModuleContent::new failed
- the chunking context (unknown) does not support external modules (request: node:dns)

Import traces:
  #1 [Server Component]:
    ./src/lib/prisma.ts
    ./src/auth.ts
    ./src/app/layout.tsx

  #2 [Server Component]:
    ./src/lib/prisma.ts
    ./src/lib/appreciation.ts
    ./src/components/home/HomeAppreciationSnippet.tsx
    ./src/app/(public)/page.tsx

  #3 [Server Component]:
    ./src/lib/prisma.ts
    ./src/lib/open-events.ts
    ./src/components/home/HomeOpenEventsChip.tsx
    ./src/app/(public)/layout.tsx

  #4 [Client Component Browser]:
    ./src/lib/prisma.ts [Client Component Browser]
    ./src/lib/open-events.ts [Client Component Browser]
    ./src/components/home/OpenEventsFloatingChip.tsx [Client Component Browser]
    ./src/components/home/OpenEventsFloatingChip.tsx [Server Component]
    ./src/components/home/HomeOpenEventsChip.tsx [Server Component]
    ./src/app/(public)/layout.tsx [Server Component]

  #5 [Client Component SSR]:
    ./src/lib/prisma.ts [Client Component SSR]
    ./src/lib/open-events.ts [Client Component SSR]
    ./src/components/home/OpenEventsFloatingChip.tsx [Client Component SSR]
    ./src/components/home/OpenEventsFloatingChip.tsx [Server Component]
    ./src/components/home/HomeOpenEventsChip.tsx [Server Component]
    ./src/app/(public)/layout.tsx [Server Component] @ http://localhost:3000/_next/static/chunks/node_modules_next_dist_1gdrd03._.js:1945
[    4044ms] [ERROR] ./src/lib/prisma.ts
Code generation for chunk item errored
An error occurred while generating the chunk item [project]/src/lib/prisma.ts [app-client] (ecmascript) <locals>

Caused by:
- the chunking context (unknown) does not support external modules (request: node:dns)

Debug info:
- An error occurred while generating the chunk item [project]/src/lib/prisma.ts [app-client] (ecmascript) <locals>
- Execution of <EcmascriptModuleLocalsModule as EcmascriptChunkPlaceable>::chunk_item_content failed
- Execution of *EcmascriptChunkItemContent::new failed
- Execution of EcmascriptModuleContent::new failed
- the chunking context (unknown) does not support external modules (request: node:dns)

Import traces:
  #1 [Server Component]:
    ./src/lib/prisma.ts
    ./src/auth.ts
    ./src/app/layout.tsx

  #2 [Server Component]:
    ./src/lib/prisma.ts
    ./src/lib/appreciation.ts
    ./src/components/home/HomeAppreciationSnippet.tsx
    ./src/app/(public)/page.tsx

  #3 [Server Component]:
    ./src/lib/prisma.ts
    ./src/lib/open-events.ts
    ./src/components/home/HomeOpenEventsChip.tsx
    ./src/app/(public)/layout.tsx

  #4 [Client Component Browser]:
    ./src/lib/prisma.ts [Client Component Browser]
    ./src/lib/open-events.ts [Client Component Browser]
    ./src/components/home/OpenEventsFloatingChip.tsx [Client Component Browser]
    ./src/components/home/OpenEventsFloatingChip.tsx [Server Component]
    ./src/components/home/HomeOpenEventsChip.tsx [Server Component]
    ./src/app/(public)/layout.tsx [Server Component]

  #5 [Client Component SSR]:
    ./src/lib/prisma.ts [Client Component SSR]
    ./src/lib/open-events.ts [Client Component SSR]
    ./src/components/home/OpenEventsFloatingChip.tsx [Client Component SSR]
    ./src/components/home/OpenEventsFloatingChip.tsx [Server Component]
    ./src/components/home/HomeOpenEventsChip.tsx [Server Component]
    ./src/app/(public)/layout.tsx [Server Component] @ http://localhost:3000/_next/static/chunks/node_modules_next_dist_1gdrd03._.js:1945
[    4108ms] [ERROR] ./src/lib/prisma.ts
Code generation for chunk item errored
An error occurred while generating the chunk item [project]/src/lib/prisma.ts [app-client] (ecmascript) <locals>

Caused by:
- the chunking context (unknown) does not support external modules (request: node:dns)

Debug info:
- An error occurred while generating the chunk item [project]/src/lib/prisma.ts [app-client] (ecmascript) <locals>
- Execution of <EcmascriptModuleLocalsModule as EcmascriptChunkPlaceable>::chunk_item_content failed
- Execution of *EcmascriptChunkItemContent::new failed
- Execution of EcmascriptModuleContent::new failed
- the chunking context (unknown) does not support external modules (request: node:dns)

Import traces:
  #1 [Server Component]:
    ./src/lib/prisma.ts
    ./src/auth.ts
    ./src/app/layout.tsx

  #2 [Server Component]:
    ./src/lib/prisma.ts
    ./src/lib/appreciation.ts
    ./src/components/home/HomeAppreciationSnippet.tsx
    ./src/app/(public)/page.tsx

  #3 [Server Component]:
    ./src/lib/prisma.ts
    ./src/lib/open-events.ts
    ./src/components/home/HomeOpenEventsChip.tsx
    ./src/app/(public)/layout.tsx

  #4 [Client Component Browser]:
    ./src/lib/prisma.ts [Client Component Browser]
    ./src/lib/open-events.ts [Client Component Browser]
    ./src/components/home/OpenEventsFloatingChip.tsx [Client Component Browser]
    ./src/components/home/OpenEventsFloatingChip.tsx [Server Component]
    ./src/components/home/HomeOpenEventsChip.tsx [Server Component]
    ./src/app/(public)/layout.tsx [Server Component]

  #5 [Client Component SSR]:
    ./src/lib/prisma.ts [Client Component SSR]
    ./src/lib/open-events.ts [Client Component SSR]
    ./src/components/home/OpenEventsFloatingChip.tsx [Client Component SSR]
    ./src/components/home/OpenEventsFloatingChip.tsx [Server Component]
    ./src/components/home/HomeOpenEventsChip.tsx [Server Component]
    ./src/app/(public)/layout.tsx [Server Component] @ http://localhost:3000/_next/static/chunks/node_modules_next_dist_1gdrd03._.js:1945
[    4172ms] [ERROR] ./src/lib/prisma.ts
Code generation for chunk item errored
An error occurred while generating the chunk item [project]/src/lib/prisma.ts [app-client] (ecmascript) <locals>

Caused by:
- the chunking context (unknown) does not support external modules (request: node:dns)

Debug info:
- An error occurred while generating the chunk item [project]/src/lib/prisma.ts [app-client] (ecmascript) <locals>
- Execution of <EcmascriptModuleLocalsModule as EcmascriptChunkPlaceable>::chunk_item_content failed
- Execution of *EcmascriptChunkItemContent::new failed
- Execution of EcmascriptModuleContent::new failed
- the chunking context (unknown) does not support external modules (request: node:dns)

Import traces:
  #1 [Server Component]:
    ./src/lib/prisma.ts
    ./src/auth.ts
    ./src/app/layout.tsx

  #2 [Server Component]:
    ./src/lib/prisma.ts
    ./src/lib/appreciation.ts
    ./src/components/home/HomeAppreciationSnippet.tsx
    ./src/app/(public)/page.tsx

  #3 [Server Component]:
    ./src/lib/prisma.ts
    ./src/lib/open-events.ts
    ./src/components/home/HomeOpenEventsChip.tsx
    ./src/app/(public)/layout.tsx

  #4 [Client Component Browser]:
    ./src/lib/prisma.ts [Client Component Browser]
    ./src/lib/open-events.ts [Client Component Browser]
    ./src/components/home/OpenEventsFloatingChip.tsx [Client Component Browser]
    ./src/components/home/OpenEventsFloatingChip.tsx [Server Component]
    ./src/components/home/HomeOpenEventsChip.tsx [Server Component]
    ./src/app/(public)/layout.tsx [Server Component]

  #5 [Client Component SSR]:
    ./src/lib/prisma.ts [Client Component SSR]
    ./src/lib/open-events.ts [Client Component SSR]
    ./src/components/home/OpenEventsFloatingChip.tsx [Client Component SSR]
    ./src/components/home/OpenEventsFloatingChip.tsx [Server Component]
    ./src/components/home/HomeOpenEventsChip.tsx [Server Component]
    ./src/app/(public)/layout.tsx [Server Component] @ http://localhost:3000/_next/static/chunks/node_modules_next_dist_1gdrd03._.js:1945
[    4236ms] [ERROR] ./src/lib/prisma.ts
Code generation for chunk item errored
An error occurred while generating the chunk item [project]/src/lib/prisma.ts [app-client] (ecmascript) <locals>

Caused by:
- the chunking context (unknown) does not support external modules (request: node:dns)

Debug info:
- An error occurred while generating the chunk item [project]/src/lib/prisma.ts [app-client] (ecmascript) <locals>
- Execution of <EcmascriptModuleLocalsModule as EcmascriptChunkPlaceable>::chunk_item_content failed
- Execution of *EcmascriptChunkItemContent::new failed
- Execution of EcmascriptModuleContent::new failed
- the chunking context (unknown) does not support external modules (request: node:dns)

Import traces:
  #1 [Server Component]:
    ./src/lib/prisma.ts
    ./src/auth.ts
    ./src/app/layout.tsx

  #2 [Server Component]:
    ./src/lib/prisma.ts
    ./src/lib/appreciation.ts
    ./src/components/home/HomeAppreciationSnippet.tsx
    ./src/app/(public)/page.tsx

  #3 [Server Component]:
    ./src/lib/prisma.ts
    ./src/lib/open-events.ts
    ./src/components/home/HomeOpenEventsChip.tsx
    ./src/app/(public)/layout.tsx

  #4 [Client Component Browser]:
    ./src/lib/prisma.ts [Client Component Browser]
    ./src/lib/open-events.ts [Client Component Browser]
    ./src/components/home/OpenEventsFloatingChip.tsx [Client Component Browser]
    ./src/components/home/OpenEventsFloatingChip.tsx [Server Component]
    ./src/components/home/HomeOpenEventsChip.tsx [Server Component]
    ./src/app/(public)/layout.tsx [Server Component]

  #5 [Client Component SSR]:
    ./src/lib/prisma.ts [Client Component SSR]
    ./src/lib/open-events.ts [Client Component SSR]
    ./src/components/home/OpenEventsFloatingChip.tsx [Client Component SSR]
    ./src/components/home/OpenEventsFloatingChip.tsx [Server Component]
    ./src/components/home/HomeOpenEventsChip.tsx [Server Component]
    ./src/app/(public)/layout.tsx [Server Component] @ http://localhost:3000/_next/static/chunks/node_modules_next_dist_1gdrd03._.js:1945
[    4298ms] [ERROR] ./src/lib/prisma.ts
Code generation for chunk item errored
An error occurred while generating the chunk item [project]/src/lib/prisma.ts [app-client] (ecmascript) <locals>

Caused by:
- the chunking context (unknown) does not support external modules (request: node:dns)

Debug info:
- An error occurred while generating the chunk item [project]/src/lib/prisma.ts [app-client] (ecmascript) <locals>
- Execution of <EcmascriptModuleLocalsModule as EcmascriptChunkPlaceable>::chunk_item_content failed
- Execution of *EcmascriptChunkItemContent::new failed
- Execution of EcmascriptModuleContent::new failed
- the chunking context (unknown) does not support external modules (request: node:dns)

Import traces:
  #1 [Server Component]:
    ./src/lib/prisma.ts
    ./src/auth.ts
    ./src/app/layout.tsx

  #2 [Server Component]:
    ./src/lib/prisma.ts
    ./src/lib/appreciation.ts
    ./src/components/home/HomeAppreciationSnippet.tsx
    ./src/app/(public)/page.tsx

  #3 [Server Component]:
    ./src/lib/prisma.ts
    ./src/lib/open-events.ts
    ./src/components/home/HomeOpenEventsChip.tsx
    ./src/app/(public)/layout.tsx

  #4 [Client Component Browser]:
    ./src/lib/prisma.ts [Client Component Browser]
    ./src/lib/open-events.ts [Client Component Browser]
    ./src/components/home/OpenEventsFloatingChip.tsx [Client Component Browser]
    ./src/components/home/OpenEventsFloatingChip.tsx [Server Component]
    ./src/components/home/HomeOpenEventsChip.tsx [Server Component]
    ./src/app/(public)/layout.tsx [Server Component]

  #5 [Client Component SSR]:
    ./src/lib/prisma.ts [Client Component SSR]
    ./src/lib/open-events.ts [Client Component SSR]
    ./src/components/home/OpenEventsFloatingChip.tsx [Client Component SSR]
    ./src/components/home/OpenEventsFloatingChip.tsx [Server Component]
    ./src/components/home/HomeOpenEventsChip.tsx [Server Component]
    ./src/app/(public)/layout.tsx [Server Component] @ http://localhost:3000/_next/static/chunks/node_modules_next_dist_1gdrd03._.js:1945
[    4360ms] [ERROR] ./src/lib/prisma.ts
Code generation for chunk item errored
An error occurred while generating the chunk item [project]/src/lib/prisma.ts [app-client] (ecmascript) <locals>

Caused by:
- the chunking context (unknown) does not support external modules (request: node:dns)

Debug info:
- An error occurred while generating the chunk item [project]/src/lib/prisma.ts [app-client] (ecmascript) <locals>
- Execution of <EcmascriptModuleLocalsModule as EcmascriptChunkPlaceable>::chunk_item_content failed
- Execution of *EcmascriptChunkItemContent::new failed
- Execution of EcmascriptModuleContent::new failed
- the chunking context (unknown) does not support external modules (request: node:dns)

Import traces:
  #1 [Server Component]:
    ./src/lib/prisma.ts
    ./src/auth.ts
    ./src/app/layout.tsx

  #2 [Server Component]:
    ./src/lib/prisma.ts
    ./src/lib/appreciation.ts
    ./src/components/home/HomeAppreciationSnippet.tsx
    ./src/app/(public)/page.tsx

  #3 [Server Component]:
    ./src/lib/prisma.ts
    ./src/lib/open-events.ts
    ./src/components/home/HomeOpenEventsChip.tsx
    ./src/app/(public)/layout.tsx

  #4 [Client Component Browser]:
    ./src/lib/prisma.ts [Client Component Browser]
    ./src/lib/open-events.ts [Client Component Browser]
    ./src/components/home/OpenEventsFloatingChip.tsx [Client Component Browser]
    ./src/components/home/OpenEventsFloatingChip.tsx [Server Component]
    ./src/components/home/HomeOpenEventsChip.tsx [Server Component]
    ./src/app/(public)/layout.tsx [Server Component]

  #5 [Client Component SSR]:
    ./src/lib/prisma.ts [Client Component SSR]
    ./src/lib/open-events.ts [Client Component SSR]
    ./src/components/home/OpenEventsFloatingChip.tsx [Client Component SSR]
    ./src/components/home/OpenEventsFloatingChip.tsx [Server Component]
    ./src/components/home/HomeOpenEventsChip.tsx [Server Component]
    ./src/app/(public)/layout.tsx [Server Component] @ http://localhost:3000/_next/static/chunks/node_modules_next_dist_1gdrd03._.js:1945
[    4422ms] [ERROR] ./src/lib/prisma.ts
Code generation for chunk item errored
An error occurred while generating the chunk item [project]/src/lib/prisma.ts [app-client] (ecmascript) <locals>

Caused by:
- the chunking context (unknown) does not support external modules (request: node:dns)

Debug info:
- An error occurred while generating the chunk item [project]/src/lib/prisma.ts [app-client] (ecmascript) <locals>
- Execution of <EcmascriptModuleLocalsModule as EcmascriptChunkPlaceable>::chunk_item_content failed
- Execution of *EcmascriptChunkItemContent::new failed
- Execution of EcmascriptModuleContent::new failed
- the chunking context (unknown) does not support external modules (request: node:dns)

Import traces:
  #1 [Server Component]:
    ./src/lib/prisma.ts
    ./src/auth.ts
    ./src/app/layout.tsx

  #2 [Server Component]:
    ./src/lib/prisma.ts
    ./src/lib/appreciation.ts
    ./src/components/home/HomeAppreciationSnippet.tsx
    ./src/app/(public)/page.tsx

  #3 [Server Component]:
    ./src/lib/prisma.ts
    ./src/lib/open-events.ts
    ./src/components/home/HomeOpenEventsChip.tsx
    ./src/app/(public)/layout.tsx

  #4 [Client Component Browser]:
    ./src/lib/prisma.ts [Client Component Browser]
    ./src/lib/open-events.ts [Client Component Browser]
    ./src/components/home/OpenEventsFloatingChip.tsx [Client Component Browser]
    ./src/components/home/OpenEventsFloatingChip.tsx [Server Component]
    ./src/components/home/HomeOpenEventsChip.tsx [Server Component]
    ./src/app/(public)/layout.tsx [Server Component]

  #5 [Client Component SSR]:
    ./src/lib/prisma.ts [Client Component SSR]
    ./src/lib/open-events.ts [Client Component SSR]
    ./src/components/home/OpenEventsFloatingChip.tsx [Client Component SSR]
    ./src/components/home/OpenEventsFloatingChip.tsx [Server Component]
    ./src/components/home/HomeOpenEventsChip.tsx [Server Component]
    ./src/app/(public)/layout.tsx [Server Component] @ http://localhost:3000/_next/static/chunks/node_modules_next_dist_1gdrd03._.js:1945
[    4481ms] [ERROR] ./src/lib/prisma.ts
Code generation for chunk item errored
An error occurred while generating the chunk item [project]/src/lib/prisma.ts [app-client] (ecmascript) <locals>

Caused by:
- the chunking context (unknown) does not support external modules (request: node:dns)

Debug info:
- An error occurred while generating the chunk item [project]/src/lib/prisma.ts [app-client] (ecmascript) <locals>
- Execution of <EcmascriptModuleLocalsModule as EcmascriptChunkPlaceable>::chunk_item_content failed
- Execution of *EcmascriptChunkItemContent::new failed
- Execution of EcmascriptModuleContent::new failed
- the chunking context (unknown) does not support external modules (request: node:dns)

Import traces:
  #1 [Server Component]:
    ./src/lib/prisma.ts
    ./src/auth.ts
    ./src/app/layout.tsx

  #2 [Server Component]:
    ./src/lib/prisma.ts
    ./src/lib/appreciation.ts
    ./src/components/home/HomeAppreciationSnippet.tsx
    ./src/app/(public)/page.tsx

  #3 [Server Component]:
    ./src/lib/prisma.ts
    ./src/lib/open-events.ts
    ./src/components/home/HomeOpenEventsChip.tsx
    ./src/app/(public)/layout.tsx

  #4 [Client Component Browser]:
    ./src/lib/prisma.ts [Client Component Browser]
    ./src/lib/open-events.ts [Client Component Browser]
    ./src/components/home/OpenEventsFloatingChip.tsx [Client Component Browser]
    ./src/components/home/OpenEventsFloatingChip.tsx [Server Component]
    ./src/components/home/HomeOpenEventsChip.tsx [Server Component]
    ./src/app/(public)/layout.tsx [Server Component]

  #5 [Client Component SSR]:
    ./src/lib/prisma.ts [Client Component SSR]
    ./src/lib/open-events.ts [Client Component SSR]
    ./src/components/home/OpenEventsFloatingChip.tsx [Client Component SSR]
    ./src/components/home/OpenEventsFloatingChip.tsx [Server Component]
    ./src/components/home/HomeOpenEventsChip.tsx [Server Component]
    ./src/app/(public)/layout.tsx [Server Component] @ http://localhost:3000/_next/static/chunks/node_modules_next_dist_1gdrd03._.js:1945
[    4546ms] [ERROR] ./src/lib/prisma.ts
Code generation for chunk item errored
An error occurred while generating the chunk item [project]/src/lib/prisma.ts [app-client] (ecmascript) <locals>

Caused by:
- the chunking context (unknown) does not support external modules (request: node:dns)

Debug info:
- An error occurred while generating the chunk item [project]/src/lib/prisma.ts [app-client] (ecmascript) <locals>
- Execution of <EcmascriptModuleLocalsModule as EcmascriptChunkPlaceable>::chunk_item_content failed
- Execution of *EcmascriptChunkItemContent::new failed
- Execution of EcmascriptModuleContent::new failed
- the chunking context (unknown) does not support external modules (request: node:dns)

Import traces:
  #1 [Server Component]:
    ./src/lib/prisma.ts
    ./src/auth.ts
    ./src/app/layout.tsx

  #2 [Server Component]:
    ./src/lib/prisma.ts
    ./src/lib/appreciation.ts
    ./src/components/home/HomeAppreciationSnippet.tsx
    ./src/app/(public)/page.tsx

  #3 [Server Component]:
    ./src/lib/prisma.ts
    ./src/lib/open-events.ts
    ./src/components/home/HomeOpenEventsChip.tsx
    ./src/app/(public)/layout.tsx

  #4 [Client Component Browser]:
    ./src/lib/prisma.ts [Client Component Browser]
    ./src/lib/open-events.ts [Client Component Browser]
    ./src/components/home/OpenEventsFloatingChip.tsx [Client Component Browser]
    ./src/components/home/OpenEventsFloatingChip.tsx [Server Component]
    ./src/components/home/HomeOpenEventsChip.tsx [Server Component]
    ./src/app/(public)/layout.tsx [Server Component]

  #5 [Client Component SSR]:
    ./src/lib/prisma.ts [Client Component SSR]
    ./src/lib/open-events.ts [Client Component SSR]
    ./src/components/home/OpenEventsFloatingChip.tsx [Client Component SSR]
    ./src/components/home/OpenEventsFloatingChip.tsx [Server Component]
    ./src/components/home/HomeOpenEventsChip.tsx [Server Component]
    ./src/app/(public)/layout.tsx [Server Component] @ http://localhost:3000/_next/static/chunks/node_modules_next_dist_1gdrd03._.js:1945
[    4607ms] [ERROR] ./src/lib/prisma.ts
Code generation for chunk item errored
An error occurred while generating the chunk item [project]/src/lib/prisma.ts [app-client] (ecmascript) <locals>

Caused by:
- the chunking context (unknown) does not support external modules (request: node:dns)

Debug info:
- An error occurred while generating the chunk item [project]/src/lib/prisma.ts [app-client] (ecmascript) <locals>
- Execution of <EcmascriptModuleLocalsModule as EcmascriptChunkPlaceable>::chunk_item_content failed
- Execution of *EcmascriptChunkItemContent::new failed
- Execution of EcmascriptModuleContent::new failed
- the chunking context (unknown) does not support external modules (request: node:dns)

Import traces:
  #1 [Server Component]:
    ./src/lib/prisma.ts
    ./src/auth.ts
    ./src/app/layout.tsx

  #2 [Server Component]:
    ./src/lib/prisma.ts
    ./src/lib/appreciation.ts
    ./src/components/home/HomeAppreciationSnippet.tsx
    ./src/app/(public)/page.tsx

  #3 [Server Component]:
    ./src/lib/prisma.ts
    ./src/lib/open-events.ts
    ./src/components/home/HomeOpenEventsChip.tsx
    ./src/app/(public)/layout.tsx

  #4 [Client Component Browser]:
    ./src/lib/prisma.ts [Client Component Browser]
    ./src/lib/open-events.ts [Client Component Browser]
    ./src/components/home/OpenEventsFloatingChip.tsx [Client Component Browser]
    ./src/components/home/OpenEventsFloatingChip.tsx [Server Component]
    ./src/components/home/HomeOpenEventsChip.tsx [Server Component]
    ./src/app/(public)/layout.tsx [Server Component]

  #5 [Client Component SSR]:
    ./src/lib/prisma.ts [Client Component SSR]
    ./src/lib/open-events.ts [Client Component SSR]
    ./src/components/home/OpenEventsFloatingChip.tsx [Client Component SSR]
    ./src/components/home/OpenEventsFloatingChip.tsx [Server Component]
    ./src/components/home/HomeOpenEventsChip.tsx [Server Component]
    ./src/app/(public)/layout.tsx [Server Component] @ http://localhost:3000/_next/static/chunks/node_modules_next_dist_1gdrd03._.js:1945
[    4671ms] [ERROR] ./src/lib/prisma.ts
Code generation for chunk item errored
An error occurred while generating the chunk item [project]/src/lib/prisma.ts [app-client] (ecmascript) <locals>

Caused by:
- the chunking context (unknown) does not support external modules (request: node:dns)

Debug info:
- An error occurred while generating the chunk item [project]/src/lib/prisma.ts [app-client] (ecmascript) <locals>
- Execution of <EcmascriptModuleLocalsModule as EcmascriptChunkPlaceable>::chunk_item_content failed
- Execution of *EcmascriptChunkItemContent::new failed
- Execution of EcmascriptModuleContent::new failed
- the chunking context (unknown) does not support external modules (request: node:dns)

Import traces:
  #1 [Server Component]:
    ./src/lib/prisma.ts
    ./src/auth.ts
    ./src/app/layout.tsx

  #2 [Server Component]:
    ./src/lib/prisma.ts
    ./src/lib/appreciation.ts
    ./src/components/home/HomeAppreciationSnippet.tsx
    ./src/app/(public)/page.tsx

  #3 [Server Component]:
    ./src/lib/prisma.ts
    ./src/lib/open-events.ts
    ./src/components/home/HomeOpenEventsChip.tsx
    ./src/app/(public)/layout.tsx

  #4 [Client Component Browser]:
    ./src/lib/prisma.ts [Client Component Browser]
    ./src/lib/open-events.ts [Client Component Browser]
    ./src/components/home/OpenEventsFloatingChip.tsx [Client Component Browser]
    ./src/components/home/OpenEventsFloatingChip.tsx [Server Component]
    ./src/components/home/HomeOpenEventsChip.tsx [Server Component]
    ./src/app/(public)/layout.tsx [Server Component]

  #5 [Client Component SSR]:
    ./src/lib/prisma.ts [Client Component SSR]
    ./src/lib/open-events.ts [Client Component SSR]
    ./src/components/home/OpenEventsFloatingChip.tsx [Client Component SSR]
    ./src/components/home/OpenEventsFloatingChip.tsx [Server Component]
    ./src/components/home/HomeOpenEventsChip.tsx [Server Component]
    ./src/app/(public)/layout.tsx [Server Component] @ http://localhost:3000/_next/static/chunks/node_modules_next_dist_1gdrd03._.js:1945
[    4747ms] [ERROR] ./src/lib/prisma.ts
Code generation for chunk item errored
An error occurred while generating the chunk item [project]/src/lib/prisma.ts [app-client] (ecmascript) <locals>

Caused by:
- the chunking context (unknown) does not support external modules (request: node:dns)

Debug info:
- An error occurred while generating the chunk item [project]/src/lib/prisma.ts [app-client] (ecmascript) <locals>
- Execution of <EcmascriptModuleLocalsModule as EcmascriptChunkPlaceable>::chunk_item_content failed
- Execution of *EcmascriptChunkItemContent::new failed
- Execution of EcmascriptModuleContent::new failed
- the chunking context (unknown) does not support external modules (request: node:dns)

Import traces:
  #1 [Server Component]:
    ./src/lib/prisma.ts
    ./src/auth.ts
    ./src/app/layout.tsx

  #2 [Server Component]:
    ./src/lib/prisma.ts
    ./src/lib/appreciation.ts
    ./src/components/home/HomeAppreciationSnippet.tsx
    ./src/app/(public)/page.tsx

  #3 [Server Component]:
    ./src/lib/prisma.ts
    ./src/lib/open-events.ts
    ./src/components/home/HomeOpenEventsChip.tsx
    ./src/app/(public)/layout.tsx

  #4 [Client Component Browser]:
    ./src/lib/prisma.ts [Client Component Browser]
    ./src/lib/open-events.ts [Client Component Browser]
    ./src/components/home/OpenEventsFloatingChip.tsx [Client Component Browser]
    ./src/components/home/OpenEventsFloatingChip.tsx [Server Component]
    ./src/components/home/HomeOpenEventsChip.tsx [Server Component]
    ./src/app/(public)/layout.tsx [Server Component]

  #5 [Client Component SSR]:
    ./src/lib/prisma.ts [Client Component SSR]
    ./src/lib/open-events.ts [Client Component SSR]
    ./src/components/home/OpenEventsFloatingChip.tsx [Client Component SSR]
    ./src/components/home/OpenEventsFloatingChip.tsx [Server Component]
    ./src/components/home/HomeOpenEventsChip.tsx [Server Component]
    ./src/app/(public)/layout.tsx [Server Component] @ http://localhost:3000/_next/static/chunks/node_modules_next_dist_1gdrd03._.js:1945
[    4825ms] [ERROR] ./src/lib/prisma.ts
Code generation for chunk item errored
An error occurred while generating the chunk item [project]/src/lib/prisma.ts [app-client] (ecmascript) <locals>

Caused by:
- the chunking context (unknown) does not support external modules (request: node:dns)

Debug info:
- An error occurred while generating the chunk item [project]/src/lib/prisma.ts [app-client] (ecmascript) <locals>
- Execution of <EcmascriptModuleLocalsModule as EcmascriptChunkPlaceable>::chunk_item_content failed
- Execution of *EcmascriptChunkItemContent::new failed
- Execution of EcmascriptModuleContent::new failed
- the chunking context (unknown) does not support external modules (request: node:dns)

Import traces:
  #1 [Server Component]:
    ./src/lib/prisma.ts
    ./src/auth.ts
    ./src/app/layout.tsx

  #2 [Server Component]:
    ./src/lib/prisma.ts
    ./src/lib/appreciation.ts
    ./src/components/home/HomeAppreciationSnippet.tsx
    ./src/app/(public)/page.tsx

  #3 [Server Component]:
    ./src/lib/prisma.ts
    ./src/lib/open-events.ts
    ./src/components/home/HomeOpenEventsChip.tsx
    ./src/app/(public)/layout.tsx

  #4 [Client Component Browser]:
    ./src/lib/prisma.ts [Client Component Browser]
    ./src/lib/open-events.ts [Client Component Browser]
    ./src/components/home/OpenEventsFloatingChip.tsx [Client Component Browser]
    ./src/components/home/OpenEventsFloatingChip.tsx [Server Component]
    ./src/components/home/HomeOpenEventsChip.tsx [Server Component]
    ./src/app/(public)/layout.tsx [Server Component]

  #5 [Client Component SSR]:
    ./src/lib/prisma.ts [Client Component SSR]
    ./src/lib/open-events.ts [Client Component SSR]
    ./src/components/home/OpenEventsFloatingChip.tsx [Client Component SSR]
    ./src/components/home/OpenEventsFloatingChip.tsx [Server Component]
    ./src/components/home/HomeOpenEventsChip.tsx [Server Component]
    ./src/app/(public)/layout.tsx [Server Component] @ http://localhost:3000/_next/static/chunks/node_modules_next_dist_1gdrd03._.js:1945
[    4901ms] [ERROR] ./src/lib/prisma.ts
Code generation for chunk item errored
An error occurred while generating the chunk item [project]/src/lib/prisma.ts [app-client] (ecmascript) <locals>

Caused by:
- the chunking context (unknown) does not support external modules (request: node:dns)

Debug info:
- An error occurred while generating the chunk item [project]/src/lib/prisma.ts [app-client] (ecmascript) <locals>
- Execution of <EcmascriptModuleLocalsModule as EcmascriptChunkPlaceable>::chunk_item_content failed
- Execution of *EcmascriptChunkItemContent::new failed
- Execution of EcmascriptModuleContent::new failed
- the chunking context (unknown) does not support external modules (request: node:dns)

Import traces:
  #1 [Server Component]:
    ./src/lib/prisma.ts
    ./src/auth.ts
    ./src/app/layout.tsx

  #2 [Server Component]:
    ./src/lib/prisma.ts
    ./src/lib/appreciation.ts
    ./src/components/home/HomeAppreciationSnippet.tsx
    ./src/app/(public)/page.tsx

  #3 [Server Component]:
    ./src/lib/prisma.ts
    ./src/lib/open-events.ts
    ./src/components/home/HomeOpenEventsChip.tsx
    ./src/app/(public)/layout.tsx

  #4 [Client Component Browser]:
    ./src/lib/prisma.ts [Client Component Browser]
    ./src/lib/open-events.ts [Client Component Browser]
    ./src/components/home/OpenEventsFloatingChip.tsx [Client Component Browser]
    ./src/components/home/OpenEventsFloatingChip.tsx [Server Component]
    ./src/components/home/HomeOpenEventsChip.tsx [Server Component]
    ./src/app/(public)/layout.tsx [Server Component]

  #5 [Client Component SSR]:
    ./src/lib/prisma.ts [Client Component SSR]
    ./src/lib/open-events.ts [Client Component SSR]
    ./src/components/home/OpenEventsFloatingChip.tsx [Client Component SSR]
    ./src/components/home/OpenEventsFloatingChip.tsx [Server Component]
    ./src/components/home/HomeOpenEventsChip.tsx [Server Component]
    ./src/app/(public)/layout.tsx [Server Component] @ http://localhost:3000/_next/static/chunks/node_modules_next_dist_1gdrd03._.js:1945
[    4964ms] [ERROR] ./src/lib/prisma.ts
Code generation for chunk item errored
An error occurred while generating the chunk item [project]/src/lib/prisma.ts [app-client] (ecmascript) <locals>

Caused by:
- the chunking context (unknown) does not support external modules (request: node:dns)

Debug info:
- An error occurred while generating the chunk item [project]/src/lib/prisma.ts [app-client] (ecmascript) <locals>
- Execution of <EcmascriptModuleLocalsModule as EcmascriptChunkPlaceable>::chunk_item_content failed
- Execution of *EcmascriptChunkItemContent::new failed
- Execution of EcmascriptModuleContent::new failed
- the chunking context (unknown) does not support external modules (request: node:dns)

Import traces:
  #1 [Server Component]:
    ./src/lib/prisma.ts
    ./src/auth.ts
    ./src/app/layout.tsx

  #2 [Server Component]:
    ./src/lib/prisma.ts
    ./src/lib/appreciation.ts
    ./src/components/home/HomeAppreciationSnippet.tsx
    ./src/app/(public)/page.tsx

  #3 [Server Component]:
    ./src/lib/prisma.ts
    ./src/lib/open-events.ts
    ./src/components/home/HomeOpenEventsChip.tsx
    ./src/app/(public)/layout.tsx

  #4 [Client Component Browser]:
    ./src/lib/prisma.ts [Client Component Browser]
    ./src/lib/open-events.ts [Client Component Browser]
    ./src/components/home/OpenEventsFloatingChip.tsx [Client Component Browser]
    ./src/components/home/OpenEventsFloatingChip.tsx [Server Component]
    ./src/components/home/HomeOpenEventsChip.tsx [Server Component]
    ./src/app/(public)/layout.tsx [Server Component]

  #5 [Client Component SSR]:
    ./src/lib/prisma.ts [Client Component SSR]
    ./src/lib/open-events.ts [Client Component SSR]
    ./src/components/home/OpenEventsFloatingChip.tsx [Client Component SSR]
    ./src/components/home/OpenEventsFloatingChip.tsx [Server Component]
    ./src/components/home/HomeOpenEventsChip.tsx [Server Component]
    ./src/app/(public)/layout.tsx [Server Component] @ http://localhost:3000/_next/static/chunks/node_modules_next_dist_1gdrd03._.js:1945
[    5042ms] [ERROR] ./src/lib/prisma.ts
Code generation for chunk item errored
An error occurred while generating the chunk item [project]/src/lib/prisma.ts [app-client] (ecmascript) <locals>

Caused by:
- the chunking context (unknown) does not support external modules (request: node:dns)

Debug info:
- An error occurred while generating the chunk item [project]/src/lib/prisma.ts [app-client] (ecmascript) <locals>
- Execution of <EcmascriptModuleLocalsModule as EcmascriptChunkPlaceable>::chunk_item_content failed
- Execution of *EcmascriptChunkItemContent::new failed
- Execution of EcmascriptModuleContent::new failed
- the chunking context (unknown) does not support external modules (request: node:dns)

Import traces:
  #1 [Server Component]:
    ./src/lib/prisma.ts
    ./src/auth.ts
    ./src/app/layout.tsx

  #2 [Server Component]:
    ./src/lib/prisma.ts
    ./src/lib/appreciation.ts
    ./src/components/home/HomeAppreciationSnippet.tsx
    ./src/app/(public)/page.tsx

  #3 [Server Component]:
    ./src/lib/prisma.ts
    ./src/lib/open-events.ts
    ./src/components/home/HomeOpenEventsChip.tsx
    ./src/app/(public)/layout.tsx

  #4 [Client Component Browser]:
    ./src/lib/prisma.ts [Client Component Browser]
    ./src/lib/open-events.ts [Client Component Browser]
    ./src/components/home/OpenEventsFloatingChip.tsx [Client Component Browser]
    ./src/components/home/OpenEventsFloatingChip.tsx [Server Component]
    ./src/components/home/HomeOpenEventsChip.tsx [Server Component]
    ./src/app/(public)/layout.tsx [Server Component]

  #5 [Client Component SSR]:
    ./src/lib/prisma.ts [Client Component SSR]
    ./src/lib/open-events.ts [Client Component SSR]
    ./src/components/home/OpenEventsFloatingChip.tsx [Client Component SSR]
    ./src/components/home/OpenEventsFloatingChip.tsx [Server Component]
    ./src/components/home/HomeOpenEventsChip.tsx [Server Component]
    ./src/app/(public)/layout.tsx [Server Component] @ http://localhost:3000/_next/static/chunks/node_modules_next_dist_1gdrd03._.js:1945
[    5134ms] [ERROR] ./src/lib/prisma.ts
Code generation for chunk item errored
An error occurred while generating the chunk item [project]/src/lib/prisma.ts [app-client] (ecmascript) <locals>

Caused by:
- the chunking context (unknown) does not support external modules (request: node:dns)

Debug info:
- An error occurred while generating the chunk item [project]/src/lib/prisma.ts [app-client] (ecmascript) <locals>
- Execution of <EcmascriptModuleLocalsModule as EcmascriptChunkPlaceable>::chunk_item_content failed
- Execution of *EcmascriptChunkItemContent::new failed
- Execution of EcmascriptModuleContent::new failed
- the chunking context (unknown) does not support external modules (request: node:dns)

Import traces:
  #1 [Server Component]:
    ./src/lib/prisma.ts
    ./src/auth.ts
    ./src/app/layout.tsx

  #2 [Server Component]:
    ./src/lib/prisma.ts
    ./src/lib/appreciation.ts
    ./src/components/home/HomeAppreciationSnippet.tsx
    ./src/app/(public)/page.tsx

  #3 [Server Component]:
    ./src/lib/prisma.ts
    ./src/lib/open-events.ts
    ./src/components/home/HomeOpenEventsChip.tsx
    ./src/app/(public)/layout.tsx

  #4 [Client Component Browser]:
    ./src/lib/prisma.ts [Client Component Browser]
    ./src/lib/open-events.ts [Client Component Browser]
    ./src/components/home/OpenEventsFloatingChip.tsx [Client Component Browser]
    ./src/components/home/OpenEventsFloatingChip.tsx [Server Component]
    ./src/components/home/HomeOpenEventsChip.tsx [Server Component]
    ./src/app/(public)/layout.tsx [Server Component]

  #5 [Client Component SSR]:
    ./src/lib/prisma.ts [Client Component SSR]
    ./src/lib/open-events.ts [Client Component SSR]
    ./src/components/home/OpenEventsFloatingChip.tsx [Client Component SSR]
    ./src/components/home/OpenEventsFloatingChip.tsx [Server Component]
    ./src/components/home/HomeOpenEventsChip.tsx [Server Component]
    ./src/app/(public)/layout.tsx [Server Component] @ http://localhost:3000/_next/static/chunks/node_modules_next_dist_1gdrd03._.js:1945
[    5199ms] [ERROR] ./src/lib/prisma.ts
Code generation for chunk item errored
An error occurred while generating the chunk item [project]/src/lib/prisma.ts [app-client] (ecmascript) <locals>

Caused by:
- the chunking context (unknown) does not support external modules (request: node:dns)

Debug info:
- An error occurred while generating the chunk item [project]/src/lib/prisma.ts [app-client] (ecmascript) <locals>
- Execution of <EcmascriptModuleLocalsModule as EcmascriptChunkPlaceable>::chunk_item_content failed
- Execution of *EcmascriptChunkItemContent::new failed
- Execution of EcmascriptModuleContent::new failed
- the chunking context (unknown) does not support external modules (request: node:dns)

Import traces:
  #1 [Server Component]:
    ./src/lib/prisma.ts
    ./src/auth.ts
    ./src/app/layout.tsx

  #2 [Server Component]:
    ./src/lib/prisma.ts
    ./src/lib/appreciation.ts
    ./src/components/home/HomeAppreciationSnippet.tsx
    ./src/app/(public)/page.tsx

  #3 [Server Component]:
    ./src/lib/prisma.ts
    ./src/lib/open-events.ts
    ./src/components/home/HomeOpenEventsChip.tsx
    ./src/app/(public)/layout.tsx

  #4 [Client Component Browser]:
    ./src/lib/prisma.ts [Client Component Browser]
    ./src/lib/open-events.ts [Client Component Browser]
    ./src/components/home/OpenEventsFloatingChip.tsx [Client Component Browser]
    ./src/components/home/OpenEventsFloatingChip.tsx [Server Component]
    ./src/components/home/HomeOpenEventsChip.tsx [Server Component]
    ./src/app/(public)/layout.tsx [Server Component]

  #5 [Client Component SSR]:
    ./src/lib/prisma.ts [Client Component SSR]
    ./src/lib/open-events.ts [Client Component SSR]
    ./src/components/home/OpenEventsFloatingChip.tsx [Client Component SSR]
    ./src/components/home/OpenEventsFloatingChip.tsx [Server Component]
    ./src/components/home/HomeOpenEventsChip.tsx [Server Component]
    ./src/app/(public)/layout.tsx [Server Component] @ http://localhost:3000/_next/static/chunks/node_modules_next_dist_1gdrd03._.js:1945
[    5262ms] [ERROR] ./src/lib/prisma.ts
Code generation for chunk item errored
An error occurred while generating the chunk item [project]/src/lib/prisma.ts [app-client] (ecmascript) <locals>

Caused by:
- the chunking context (unknown) does not support external modules (request: node:dns)

Debug info:
- An error occurred while generating the chunk item [project]/src/lib/prisma.ts [app-client] (ecmascript) <locals>
- Execution of <EcmascriptModuleLocalsModule as EcmascriptChunkPlaceable>::chunk_item_content failed
- Execution of *EcmascriptChunkItemContent::new failed
- Execution of EcmascriptModuleContent::new failed
- the chunking context (unknown) does not support external modules (request: node:dns)

Import traces:
  #1 [Server Component]:
    ./src/lib/prisma.ts
    ./src/auth.ts
    ./src/app/layout.tsx

  #2 [Server Component]:
    ./src/lib/prisma.ts
    ./src/lib/appreciation.ts
    ./src/components/home/HomeAppreciationSnippet.tsx
    ./src/app/(public)/page.tsx

  #3 [Server Component]:
    ./src/lib/prisma.ts
    ./src/lib/open-events.ts
    ./src/components/home/HomeOpenEventsChip.tsx
    ./src/app/(public)/layout.tsx

  #4 [Client Component Browser]:
    ./src/lib/prisma.ts [Client Component Browser]
    ./src/lib/open-events.ts [Client Component Browser]
    ./src/components/home/OpenEventsFloatingChip.tsx [Client Component Browser]
    ./src/components/home/OpenEventsFloatingChip.tsx [Server Component]
    ./src/components/home/HomeOpenEventsChip.tsx [Server Component]
    ./src/app/(public)/layout.tsx [Server Component]

  #5 [Client Component SSR]:
    ./src/lib/prisma.ts [Client Component SSR]
    ./src/lib/open-events.ts [Client Component SSR]
    ./src/components/home/OpenEventsFloatingChip.tsx [Client Component SSR]
    ./src/components/home/OpenEventsFloatingChip.tsx [Server Component]
    ./src/components/home/HomeOpenEventsChip.tsx [Server Component]
    ./src/app/(public)/layout.tsx [Server Component] @ http://localhost:3000/_next/static/chunks/node_modules_next_dist_1gdrd03._.js:1945
[    5323ms] [ERROR] ./src/lib/prisma.ts
Code generation for chunk item errored
An error occurred while generating the chunk item [project]/src/lib/prisma.ts [app-client] (ecmascript) <locals>

Caused by:
- the chunking context (unknown) does not support external modules (request: node:dns)

Debug info:
- An error occurred while generating the chunk item [project]/src/lib/prisma.ts [app-client] (ecmascript) <locals>
- Execution of <EcmascriptModuleLocalsModule as EcmascriptChunkPlaceable>::chunk_item_content failed
- Execution of *EcmascriptChunkItemContent::new failed
- Execution of EcmascriptModuleContent::new failed
- the chunking context (unknown) does not support external modules (request: node:dns)

Import traces:
  #1 [Server Component]:
    ./src/lib/prisma.ts
    ./src/auth.ts
    ./src/app/layout.tsx

  #2 [Server Component]:
    ./src/lib/prisma.ts
    ./src/lib/appreciation.ts
    ./src/components/home/HomeAppreciationSnippet.tsx
    ./src/app/(public)/page.tsx

  #3 [Server Component]:
    ./src/lib/prisma.ts
    ./src/lib/open-events.ts
    ./src/components/home/HomeOpenEventsChip.tsx
    ./src/app/(public)/layout.tsx

  #4 [Client Component Browser]:
    ./src/lib/prisma.ts [Client Component Browser]
    ./src/lib/open-events.ts [Client Component Browser]
    ./src/components/home/OpenEventsFloatingChip.tsx [Client Component Browser]
    ./src/components/home/OpenEventsFloatingChip.tsx [Server Component]
    ./src/components/home/HomeOpenEventsChip.tsx [Server Component]
    ./src/app/(public)/layout.tsx [Server Component]

  #5 [Client Component SSR]:
    ./src/lib/prisma.ts [Client Component SSR]
    ./src/lib/open-events.ts [Client Component SSR]
    ./src/components/home/OpenEventsFloatingChip.tsx [Client Component SSR]
    ./src/components/home/OpenEventsFloatingChip.tsx [Server Component]
    ./src/components/home/HomeOpenEventsChip.tsx [Server Component]
    ./src/app/(public)/layout.tsx [Server Component] @ http://localhost:3000/_next/static/chunks/node_modules_next_dist_1gdrd03._.js:1945
[    5382ms] [ERROR] ./src/lib/prisma.ts
Code generation for chunk item errored
An error occurred while generating the chunk item [project]/src/lib/prisma.ts [app-client] (ecmascript) <locals>

Caused by:
- the chunking context (unknown) does not support external modules (request: node:dns)

Debug info:
- An error occurred while generating the chunk item [project]/src/lib/prisma.ts [app-client] (ecmascript) <locals>
- Execution of <EcmascriptModuleLocalsModule as EcmascriptChunkPlaceable>::chunk_item_content failed
- Execution of *EcmascriptChunkItemContent::new failed
- Execution of EcmascriptModuleContent::new failed
- the chunking context (unknown) does not support external modules (request: node:dns)

Import traces:
  #1 [Server Component]:
    ./src/lib/prisma.ts
    ./src/auth.ts
    ./src/app/layout.tsx

  #2 [Server Component]:
    ./src/lib/prisma.ts
    ./src/lib/appreciation.ts
    ./src/components/home/HomeAppreciationSnippet.tsx
    ./src/app/(public)/page.tsx

  #3 [Server Component]:
    ./src/lib/prisma.ts
    ./src/lib/open-events.ts
    ./src/components/home/HomeOpenEventsChip.tsx
    ./src/app/(public)/layout.tsx

  #4 [Client Component Browser]:
    ./src/lib/prisma.ts [Client Component Browser]
    ./src/lib/open-events.ts [Client Component Browser]
    ./src/components/home/OpenEventsFloatingChip.tsx [Client Component Browser]
    ./src/components/home/OpenEventsFloatingChip.tsx [Server Component]
    ./src/components/home/HomeOpenEventsChip.tsx [Server Component]
    ./src/app/(public)/layout.tsx [Server Component]

  #5 [Client Component SSR]:
    ./src/lib/prisma.ts [Client Component SSR]
    ./src/lib/open-events.ts [Client Component SSR]
    ./src/components/home/OpenEventsFloatingChip.tsx [Client Component SSR]
    ./src/components/home/OpenEventsFloatingChip.tsx [Server Component]
    ./src/components/home/HomeOpenEventsChip.tsx [Server Component]
    ./src/app/(public)/layout.tsx [Server Component] @ http://localhost:3000/_next/static/chunks/node_modules_next_dist_1gdrd03._.js:1945
[    5443ms] [ERROR] ./src/lib/prisma.ts
Code generation for chunk item errored
An error occurred while generating the chunk item [project]/src/lib/prisma.ts [app-client] (ecmascript) <locals>

Caused by:
- the chunking context (unknown) does not support external modules (request: node:dns)

Debug info:
- An error occurred while generating the chunk item [project]/src/lib/prisma.ts [app-client] (ecmascript) <locals>
- Execution of <EcmascriptModuleLocalsModule as EcmascriptChunkPlaceable>::chunk_item_content failed
- Execution of *EcmascriptChunkItemContent::new failed
- Execution of EcmascriptModuleContent::new failed
- the chunking context (unknown) does not support external modules (request: node:dns)

Import traces:
  #1 [Server Component]:
    ./src/lib/prisma.ts
    ./src/auth.ts
    ./src/app/layout.tsx

  #2 [Server Component]:
    ./src/lib/prisma.ts
    ./src/lib/appreciation.ts
    ./src/components/home/HomeAppreciationSnippet.tsx
    ./src/app/(public)/page.tsx

  #3 [Server Component]:
    ./src/lib/prisma.ts
    ./src/lib/open-events.ts
    ./src/components/home/HomeOpenEventsChip.tsx
    ./src/app/(public)/layout.tsx

  #4 [Client Component Browser]:
    ./src/lib/prisma.ts [Client Component Browser]
    ./src/lib/open-events.ts [Client Component Browser]
    ./src/components/home/OpenEventsFloatingChip.tsx [Client Component Browser]
    ./src/components/home/OpenEventsFloatingChip.tsx [Server Component]
    ./src/components/home/HomeOpenEventsChip.tsx [Server Component]
    ./src/app/(public)/layout.tsx [Server Component]

  #5 [Client Component SSR]:
    ./src/lib/prisma.ts [Client Component SSR]
    ./src/lib/open-events.ts [Client Component SSR]
    ./src/components/home/OpenEventsFloatingChip.tsx [Client Component SSR]
    ./src/components/home/OpenEventsFloatingChip.tsx [Server Component]
    ./src/components/home/HomeOpenEventsChip.tsx [Server Component]
    ./src/app/(public)/layout.tsx [Server Component] @ http://localhost:3000/_next/static/chunks/node_modules_next_dist_1gdrd03._.js:1945
[    5505ms] [ERROR] ./src/lib/prisma.ts
Code generation for chunk item errored
An error occurred while generating the chunk item [project]/src/lib/prisma.ts [app-client] (ecmascript) <locals>

Caused by:
- the chunking context (unknown) does not support external modules (request: node:dns)

Debug info:
- An error occurred while generating the chunk item [project]/src/lib/prisma.ts [app-client] (ecmascript) <locals>
- Execution of <EcmascriptModuleLocalsModule as EcmascriptChunkPlaceable>::chunk_item_content failed
- Execution of *EcmascriptChunkItemContent::new failed
- Execution of EcmascriptModuleContent::new failed
- the chunking context (unknown) does not support external modules (request: node:dns)

Import traces:
  #1 [Server Component]:
    ./src/lib/prisma.ts
    ./src/auth.ts
    ./src/app/layout.tsx

  #2 [Server Component]:
    ./src/lib/prisma.ts
    ./src/lib/appreciation.ts
    ./src/components/home/HomeAppreciationSnippet.tsx
    ./src/app/(public)/page.tsx

  #3 [Server Component]:
    ./src/lib/prisma.ts
    ./src/lib/open-events.ts
    ./src/components/home/HomeOpenEventsChip.tsx
    ./src/app/(public)/layout.tsx

  #4 [Client Component Browser]:
    ./src/lib/prisma.ts [Client Component Browser]
    ./src/lib/open-events.ts [Client Component Browser]
    ./src/components/home/OpenEventsFloatingChip.tsx [Client Component Browser]
    ./src/components/home/OpenEventsFloatingChip.tsx [Server Component]
    ./src/components/home/HomeOpenEventsChip.tsx [Server Component]
    ./src/app/(public)/layout.tsx [Server Component]

  #5 [Client Component SSR]:
    ./src/lib/prisma.ts [Client Component SSR]
    ./src/lib/open-events.ts [Client Component SSR]
    ./src/components/home/OpenEventsFloatingChip.tsx [Client Component SSR]
    ./src/components/home/OpenEventsFloatingChip.tsx [Server Component]
    ./src/components/home/HomeOpenEventsChip.tsx [Server Component]
    ./src/app/(public)/layout.tsx [Server Component] @ http://localhost:3000/_next/static/chunks/node_modules_next_dist_1gdrd03._.js:1945
[    5569ms] [ERROR] ./src/lib/prisma.ts
Code generation for chunk item errored
An error occurred while generating the chunk item [project]/src/lib/prisma.ts [app-client] (ecmascript) <locals>

Caused by:
- the chunking context (unknown) does not support external modules (request: node:dns)

Debug info:
- An error occurred while generating the chunk item [project]/src/lib/prisma.ts [app-client] (ecmascript) <locals>
- Execution of <EcmascriptModuleLocalsModule as EcmascriptChunkPlaceable>::chunk_item_content failed
- Execution of *EcmascriptChunkItemContent::new failed
- Execution of EcmascriptModuleContent::new failed
- the chunking context (unknown) does not support external modules (request: node:dns)

Import traces:
  #1 [Server Component]:
    ./src/lib/prisma.ts
    ./src/auth.ts
    ./src/app/layout.tsx

  #2 [Server Component]:
    ./src/lib/prisma.ts
    ./src/lib/appreciation.ts
    ./src/components/home/HomeAppreciationSnippet.tsx
    ./src/app/(public)/page.tsx

  #3 [Server Component]:
    ./src/lib/prisma.ts
    ./src/lib/open-events.ts
    ./src/components/home/HomeOpenEventsChip.tsx
    ./src/app/(public)/layout.tsx

  #4 [Client Component Browser]:
    ./src/lib/prisma.ts [Client Component Browser]
    ./src/lib/open-events.ts [Client Component Browser]
    ./src/components/home/OpenEventsFloatingChip.tsx [Client Component Browser]
    ./src/components/home/OpenEventsFloatingChip.tsx [Server Component]
    ./src/components/home/HomeOpenEventsChip.tsx [Server Component]
    ./src/app/(public)/layout.tsx [Server Component]

  #5 [Client Component SSR]:
    ./src/lib/prisma.ts [Client Component SSR]
    ./src/lib/open-events.ts [Client Component SSR]
    ./src/components/home/OpenEventsFloatingChip.tsx [Client Component SSR]
    ./src/components/home/OpenEventsFloatingChip.tsx [Server Component]
    ./src/components/home/HomeOpenEventsChip.tsx [Server Component]
    ./src/app/(public)/layout.tsx [Server Component] @ http://localhost:3000/_next/static/chunks/node_modules_next_dist_1gdrd03._.js:1945
[    5630ms] [ERROR] ./src/lib/prisma.ts
Code generation for chunk item errored
An error occurred while generating the chunk item [project]/src/lib/prisma.ts [app-client] (ecmascript) <locals>

Caused by:
- the chunking context (unknown) does not support external modules (request: node:dns)

Debug info:
- An error occurred while generating the chunk item [project]/src/lib/prisma.ts [app-client] (ecmascript) <locals>
- Execution of <EcmascriptModuleLocalsModule as EcmascriptChunkPlaceable>::chunk_item_content failed
- Execution of *EcmascriptChunkItemContent::new failed
- Execution of EcmascriptModuleContent::new failed
- the chunking context (unknown) does not support external modules (request: node:dns)

Import traces:
  #1 [Server Component]:
    ./src/lib/prisma.ts
    ./src/auth.ts
    ./src/app/layout.tsx

  #2 [Server Component]:
    ./src/lib/prisma.ts
    ./src/lib/appreciation.ts
    ./src/components/home/HomeAppreciationSnippet.tsx
    ./src/app/(public)/page.tsx

  #3 [Server Component]:
    ./src/lib/prisma.ts
    ./src/lib/open-events.ts
    ./src/components/home/HomeOpenEventsChip.tsx
    ./src/app/(public)/layout.tsx

  #4 [Client Component Browser]:
    ./src/lib/prisma.ts [Client Component Browser]
    ./src/lib/open-events.ts [Client Component Browser]
    ./src/components/home/OpenEventsFloatingChip.tsx [Client Component Browser]
    ./src/components/home/OpenEventsFloatingChip.tsx [Server Component]
    ./src/components/home/HomeOpenEventsChip.tsx [Server Component]
    ./src/app/(public)/layout.tsx [Server Component]

  #5 [Client Component SSR]:
    ./src/lib/prisma.ts [Client Component SSR]
    ./src/lib/open-events.ts [Client Component SSR]
    ./src/components/home/OpenEventsFloatingChip.tsx [Client Component SSR]
    ./src/components/home/OpenEventsFloatingChip.tsx [Server Component]
    ./src/components/home/HomeOpenEventsChip.tsx [Server Component]
    ./src/app/(public)/layout.tsx [Server Component] @ http://localhost:3000/_next/static/chunks/node_modules_next_dist_1gdrd03._.js:1945
[    5694ms] [ERROR] ./src/lib/prisma.ts
Code generation for chunk item errored
An error occurred while generating the chunk item [project]/src/lib/prisma.ts [app-client] (ecmascript) <locals>

Caused by:
- the chunking context (unknown) does not support external modules (request: node:dns)

Debug info:
- An error occurred while generating the chunk item [project]/src/lib/prisma.ts [app-client] (ecmascript) <locals>
- Execution of <EcmascriptModuleLocalsModule as EcmascriptChunkPlaceable>::chunk_item_content failed
- Execution of *EcmascriptChunkItemContent::new failed
- Execution of EcmascriptModuleContent::new failed
- the chunking context (unknown) does not support external modules (request: node:dns)

Import traces:
  #1 [Server Component]:
    ./src/lib/prisma.ts
    ./src/auth.ts
    ./src/app/layout.tsx

  #2 [Server Component]:
    ./src/lib/prisma.ts
    ./src/lib/appreciation.ts
    ./src/components/home/HomeAppreciationSnippet.tsx
    ./src/app/(public)/page.tsx

  #3 [Server Component]:
    ./src/lib/prisma.ts
    ./src/lib/open-events.ts
    ./src/components/home/HomeOpenEventsChip.tsx
    ./src/app/(public)/layout.tsx

  #4 [Client Component Browser]:
    ./src/lib/prisma.ts [Client Component Browser]
    ./src/lib/open-events.ts [Client Component Browser]
    ./src/components/home/OpenEventsFloatingChip.tsx [Client Component Browser]
    ./src/components/home/OpenEventsFloatingChip.tsx [Server Component]
    ./src/components/home/HomeOpenEventsChip.tsx [Server Component]
    ./src/app/(public)/layout.tsx [Server Component]

  #5 [Client Component SSR]:
    ./src/lib/prisma.ts [Client Component SSR]
    ./src/lib/open-events.ts [Client Component SSR]
    ./src/components/home/OpenEventsFloatingChip.tsx [Client Component SSR]
    ./src/components/home/OpenEventsFloatingChip.tsx [Server Component]
    ./src/components/home/HomeOpenEventsChip.tsx [Server Component]
    ./src/app/(public)/layout.tsx [Server Component] @ http://localhost:3000/_next/static/chunks/node_modules_next_dist_1gdrd03._.js:1945
[    5755ms] [ERROR] ./src/lib/prisma.ts
Code generation for chunk item errored
An error occurred while generating the chunk item [project]/src/lib/prisma.ts [app-client] (ecmascript) <locals>

Caused by:
- the chunking context (unknown) does not support external modules (request: node:dns)

Debug info:
- An error occurred while generating the chunk item [project]/src/lib/prisma.ts [app-client] (ecmascript) <locals>
- Execution of <EcmascriptModuleLocalsModule as EcmascriptChunkPlaceable>::chunk_item_content failed
- Execution of *EcmascriptChunkItemContent::new failed
- Execution of EcmascriptModuleContent::new failed
- the chunking context (unknown) does not support external modules (request: node:dns)

Import traces:
  #1 [Server Component]:
    ./src/lib/prisma.ts
    ./src/auth.ts
    ./src/app/layout.tsx

  #2 [Server Component]:
    ./src/lib/prisma.ts
    ./src/lib/appreciation.ts
    ./src/components/home/HomeAppreciationSnippet.tsx
    ./src/app/(public)/page.tsx

  #3 [Server Component]:
    ./src/lib/prisma.ts
    ./src/lib/open-events.ts
    ./src/components/home/HomeOpenEventsChip.tsx
    ./src/app/(public)/layout.tsx

  #4 [Client Component Browser]:
    ./src/lib/prisma.ts [Client Component Browser]
    ./src/lib/open-events.ts [Client Component Browser]
    ./src/components/home/OpenEventsFloatingChip.tsx [Client Component Browser]
    ./src/components/home/OpenEventsFloatingChip.tsx [Server Component]
    ./src/components/home/HomeOpenEventsChip.tsx [Server Component]
    ./src/app/(public)/layout.tsx [Server Component]

  #5 [Client Component SSR]:
    ./src/lib/prisma.ts [Client Component SSR]
    ./src/lib/open-events.ts [Client Component SSR]
    ./src/components/home/OpenEventsFloatingChip.tsx [Client Component SSR]
    ./src/components/home/OpenEventsFloatingChip.tsx [Server Component]
    ./src/components/home/HomeOpenEventsChip.tsx [Server Component]
    ./src/app/(public)/layout.tsx [Server Component] @ http://localhost:3000/_next/static/chunks/node_modules_next_dist_1gdrd03._.js:1945
[    5818ms] [ERROR] ./src/lib/prisma.ts
Code generation for chunk item errored
An error occurred while generating the chunk item [project]/src/lib/prisma.ts [app-client] (ecmascript) <locals>

Caused by:
- the chunking context (unknown) does not support external modules (request: node:dns)

Debug info:
- An error occurred while generating the chunk item [project]/src/lib/prisma.ts [app-client] (ecmascript) <locals>
- Execution of <EcmascriptModuleLocalsModule as EcmascriptChunkPlaceable>::chunk_item_content failed
- Execution of *EcmascriptChunkItemContent::new failed
- Execution of EcmascriptModuleContent::new failed
- the chunking context (unknown) does not support external modules (request: node:dns)

Import traces:
  #1 [Server Component]:
    ./src/lib/prisma.ts
    ./src/auth.ts
    ./src/app/layout.tsx

  #2 [Server Component]:
    ./src/lib/prisma.ts
    ./src/lib/appreciation.ts
    ./src/components/home/HomeAppreciationSnippet.tsx
    ./src/app/(public)/page.tsx

  #3 [Server Component]:
    ./src/lib/prisma.ts
    ./src/lib/open-events.ts
    ./src/components/home/HomeOpenEventsChip.tsx
    ./src/app/(public)/layout.tsx

  #4 [Client Component Browser]:
    ./src/lib/prisma.ts [Client Component Browser]
    ./src/lib/open-events.ts [Client Component Browser]
    ./src/components/home/OpenEventsFloatingChip.tsx [Client Component Browser]
    ./src/components/home/OpenEventsFloatingChip.tsx [Server Component]
    ./src/components/home/HomeOpenEventsChip.tsx [Server Component]
    ./src/app/(public)/layout.tsx [Server Component]

  #5 [Client Component SSR]:
    ./src/lib/prisma.ts [Client Component SSR]
    ./src/lib/open-events.ts [Client Component SSR]
    ./src/components/home/OpenEventsFloatingChip.tsx [Client Component SSR]
    ./src/components/home/OpenEventsFloatingChip.tsx [Server Component]
    ./src/components/home/HomeOpenEventsChip.tsx [Server Component]
    ./src/app/(public)/layout.tsx [Server Component] @ http://localhost:3000/_next/static/chunks/node_modules_next_dist_1gdrd03._.js:1945
[    5880ms] [ERROR] ./src/lib/prisma.ts
Code generation for chunk item errored
An error occurred while generating the chunk item [project]/src/lib/prisma.ts [app-client] (ecmascript) <locals>

Caused by:
- the chunking context (unknown) does not support external modules (request: node:dns)

Debug info:
- An error occurred while generating the chunk item [project]/src/lib/prisma.ts [app-client] (ecmascript) <locals>
- Execution of <EcmascriptModuleLocalsModule as EcmascriptChunkPlaceable>::chunk_item_content failed
- Execution of *EcmascriptChunkItemContent::new failed
- Execution of EcmascriptModuleContent::new failed
- the chunking context (unknown) does not support external modules (request: node:dns)

Import traces:
  #1 [Server Component]:
    ./src/lib/prisma.ts
    ./src/auth.ts
    ./src/app/layout.tsx

  #2 [Server Component]:
    ./src/lib/prisma.ts
    ./src/lib/appreciation.ts
    ./src/components/home/HomeAppreciationSnippet.tsx
    ./src/app/(public)/page.tsx

  #3 [Server Component]:
    ./src/lib/prisma.ts
    ./src/lib/open-events.ts
    ./src/components/home/HomeOpenEventsChip.tsx
    ./src/app/(public)/layout.tsx

  #4 [Client Component Browser]:
    ./src/lib/prisma.ts [Client Component Browser]
    ./src/lib/open-events.ts [Client Component Browser]
    ./src/components/home/OpenEventsFloatingChip.tsx [Client Component Browser]
    ./src/components/home/OpenEventsFloatingChip.tsx [Server Component]
    ./src/components/home/HomeOpenEventsChip.tsx [Server Component]
    ./src/app/(public)/layout.tsx [Server Component]

  #5 [Client Component SSR]:
    ./src/lib/prisma.ts [Client Component SSR]
    ./src/lib/open-events.ts [Client Component SSR]
    ./src/components/home/OpenEventsFloatingChip.tsx [Client Component SSR]
    ./src/components/home/OpenEventsFloatingChip.tsx [Server Component]
    ./src/components/home/HomeOpenEventsChip.tsx [Server Component]
    ./src/app/(public)/layout.tsx [Server Component] @ http://localhost:3000/_next/static/chunks/node_modules_next_dist_1gdrd03._.js:1945
[    5944ms] [ERROR] ./src/lib/prisma.ts
Code generation for chunk item errored
An error occurred while generating the chunk item [project]/src/lib/prisma.ts [app-client] (ecmascript) <locals>

Caused by:
- the chunking context (unknown) does not support external modules (request: node:dns)

Debug info:
- An error occurred while generating the chunk item [project]/src/lib/prisma.ts [app-client] (ecmascript) <locals>
- Execution of <EcmascriptModuleLocalsModule as EcmascriptChunkPlaceable>::chunk_item_content failed
- Execution of *EcmascriptChunkItemContent::new failed
- Execution of EcmascriptModuleContent::new failed
- the chunking context (unknown) does not support external modules (request: node:dns)

Import traces:
  #1 [Server Component]:
    ./src/lib/prisma.ts
    ./src/auth.ts
    ./src/app/layout.tsx

  #2 [Server Component]:
    ./src/lib/prisma.ts
    ./src/lib/appreciation.ts
    ./src/components/home/HomeAppreciationSnippet.tsx
    ./src/app/(public)/page.tsx

  #3 [Server Component]:
    ./src/lib/prisma.ts
    ./src/lib/open-events.ts
    ./src/components/home/HomeOpenEventsChip.tsx
    ./src/app/(public)/layout.tsx

  #4 [Client Component Browser]:
    ./src/lib/prisma.ts [Client Component Browser]
    ./src/lib/open-events.ts [Client Component Browser]
    ./src/components/home/OpenEventsFloatingChip.tsx [Client Component Browser]
    ./src/components/home/OpenEventsFloatingChip.tsx [Server Component]
    ./src/components/home/HomeOpenEventsChip.tsx [Server Component]
    ./src/app/(public)/layout.tsx [Server Component]

  #5 [Client Component SSR]:
    ./src/lib/prisma.ts [Client Component SSR]
    ./src/lib/open-events.ts [Client Component SSR]
    ./src/components/home/OpenEventsFloatingChip.tsx [Client Component SSR]
    ./src/components/home/OpenEventsFloatingChip.tsx [Server Component]
    ./src/components/home/HomeOpenEventsChip.tsx [Server Component]
    ./src/app/(public)/layout.tsx [Server Component] @ http://localhost:3000/_next/static/chunks/node_modules_next_dist_1gdrd03._.js:1945
[    6006ms] [ERROR] ./src/lib/prisma.ts
Code generation for chunk item errored
An error occurred while generating the chunk item [project]/src/lib/prisma.ts [app-client] (ecmascript) <locals>

Caused by:
- the chunking context (unknown) does not support external modules (request: node:dns)

Debug info:
- An error occurred while generating the chunk item [project]/src/lib/prisma.ts [app-client] (ecmascript) <locals>
- Execution of <EcmascriptModuleLocalsModule as EcmascriptChunkPlaceable>::chunk_item_content failed
- Execution of *EcmascriptChunkItemContent::new failed
- Execution of EcmascriptModuleContent::new failed
- the chunking context (unknown) does not support external modules (request: node:dns)

Import traces:
  #1 [Server Component]:
    ./src/lib/prisma.ts
    ./src/auth.ts
    ./src/app/layout.tsx

  #2 [Server Component]:
    ./src/lib/prisma.ts
    ./src/lib/appreciation.ts
    ./src/components/home/HomeAppreciationSnippet.tsx
    ./src/app/(public)/page.tsx

  #3 [Server Component]:
    ./src/lib/prisma.ts
    ./src/lib/open-events.ts
    ./src/components/home/HomeOpenEventsChip.tsx
    ./src/app/(public)/layout.tsx

  #4 [Client Component Browser]:
    ./src/lib/prisma.ts [Client Component Browser]
    ./src/lib/open-events.ts [Client Component Browser]
    ./src/components/home/OpenEventsFloatingChip.tsx [Client Component Browser]
    ./src/components/home/OpenEventsFloatingChip.tsx [Server Component]
    ./src/components/home/HomeOpenEventsChip.tsx [Server Component]
    ./src/app/(public)/layout.tsx [Server Component]

  #5 [Client Component SSR]:
    ./src/lib/prisma.ts [Client Component SSR]
    ./src/lib/open-events.ts [Client Component SSR]
    ./src/components/home/OpenEventsFloatingChip.tsx [Client Component SSR]
    ./src/components/home/OpenEventsFloatingChip.tsx [Server Component]
    ./src/components/home/HomeOpenEventsChip.tsx [Server Component]
    ./src/app/(public)/layout.tsx [Server Component] @ http://localhost:3000/_next/static/chunks/node_modules_next_dist_1gdrd03._.js:1945
[    6069ms] [ERROR] ./src/lib/prisma.ts
Code generation for chunk item errored
An error occurred while generating the chunk item [project]/src/lib/prisma.ts [app-client] (ecmascript) <locals>

Caused by:
- the chunking context (unknown) does not support external modules (request: node:dns)

Debug info:
- An error occurred while generating the chunk item [project]/src/lib/prisma.ts [app-client] (ecmascript) <locals>
- Execution of <EcmascriptModuleLocalsModule as EcmascriptChunkPlaceable>::chunk_item_content failed
- Execution of *EcmascriptChunkItemContent::new failed
- Execution of EcmascriptModuleContent::new failed
- the chunking context (unknown) does not support external modules (request: node:dns)

Import traces:
  #1 [Server Component]:
    ./src/lib/prisma.ts
    ./src/auth.ts
    ./src/app/layout.tsx

  #2 [Server Component]:
    ./src/lib/prisma.ts
    ./src/lib/appreciation.ts
    ./src/components/home/HomeAppreciationSnippet.tsx
    ./src/app/(public)/page.tsx

  #3 [Server Component]:
    ./src/lib/prisma.ts
    ./src/lib/open-events.ts
    ./src/components/home/HomeOpenEventsChip.tsx
    ./src/app/(public)/layout.tsx

  #4 [Client Component Browser]:
    ./src/lib/prisma.ts [Client Component Browser]
    ./src/lib/open-events.ts [Client Component Browser]
    ./src/components/home/OpenEventsFloatingChip.tsx [Client Component Browser]
    ./src/components/home/OpenEventsFloatingChip.tsx [Server Component]
    ./src/components/home/HomeOpenEventsChip.tsx [Server Component]
    ./src/app/(public)/layout.tsx [Server Component]

  #5 [Client Component SSR]:
    ./src/lib/prisma.ts [Client Component SSR]
    ./src/lib/open-events.ts [Client Component SSR]
    ./src/components/home/OpenEventsFloatingChip.tsx [Client Component SSR]
    ./src/components/home/OpenEventsFloatingChip.tsx [Server Component]
    ./src/components/home/HomeOpenEventsChip.tsx [Server Component]
    ./src/app/(public)/layout.tsx [Server Component] @ http://localhost:3000/_next/static/chunks/node_modules_next_dist_1gdrd03._.js:1945
[    6132ms] [ERROR] ./src/lib/prisma.ts
Code generation for chunk item errored
An error occurred while generating the chunk item [project]/src/lib/prisma.ts [app-client] (ecmascript) <locals>

Caused by:
- the chunking context (unknown) does not support external modules (request: node:dns)

Debug info:
- An error occurred while generating the chunk item [project]/src/lib/prisma.ts [app-client] (ecmascript) <locals>
- Execution of <EcmascriptModuleLocalsModule as EcmascriptChunkPlaceable>::chunk_item_content failed
- Execution of *EcmascriptChunkItemContent::new failed
- Execution of EcmascriptModuleContent::new failed
- the chunking context (unknown) does not support external modules (request: node:dns)

Import traces:
  #1 [Server Component]:
    ./src/lib/prisma.ts
    ./src/auth.ts
    ./src/app/layout.tsx

  #2 [Server Component]:
    ./src/lib/prisma.ts
    ./src/lib/appreciation.ts
    ./src/components/home/HomeAppreciationSnippet.tsx
    ./src/app/(public)/page.tsx

  #3 [Server Component]:
    ./src/lib/prisma.ts
    ./src/lib/open-events.ts
    ./src/components/home/HomeOpenEventsChip.tsx
    ./src/app/(public)/layout.tsx

  #4 [Client Component Browser]:
    ./src/lib/prisma.ts [Client Component Browser]
    ./src/lib/open-events.ts [Client Component Browser]
    ./src/components/home/OpenEventsFloatingChip.tsx [Client Component Browser]
    ./src/components/home/OpenEventsFloatingChip.tsx [Server Component]
    ./src/components/home/HomeOpenEventsChip.tsx [Server Component]
    ./src/app/(public)/layout.tsx [Server Component]

  #5 [Client Component SSR]:
    ./src/lib/prisma.ts [Client Component SSR]
    ./src/lib/open-events.ts [Client Component SSR]
    ./src/components/home/OpenEventsFloatingChip.tsx [Client Component SSR]
    ./src/components/home/OpenEventsFloatingChip.tsx [Server Component]
    ./src/components/home/HomeOpenEventsChip.tsx [Server Component]
    ./src/app/(public)/layout.tsx [Server Component] @ http://localhost:3000/_next/static/chunks/node_modules_next_dist_1gdrd03._.js:1945
[    6195ms] [ERROR] ./src/lib/prisma.ts
Code generation for chunk item errored
An error occurred while generating the chunk item [project]/src/lib/prisma.ts [app-client] (ecmascript) <locals>

Caused by:
- the chunking context (unknown) does not support external modules (request: node:dns)

Debug info:
- An error occurred while generating the chunk item [project]/src/lib/prisma.ts [app-client] (ecmascript) <locals>
- Execution of <EcmascriptModuleLocalsModule as EcmascriptChunkPlaceable>::chunk_item_content failed
- Execution of *EcmascriptChunkItemContent::new failed
- Execution of EcmascriptModuleContent::new failed
- the chunking context (unknown) does not support external modules (request: node:dns)

Import traces:
  #1 [Server Component]:
    ./src/lib/prisma.ts
    ./src/auth.ts
    ./src/app/layout.tsx

  #2 [Server Component]:
    ./src/lib/prisma.ts
    ./src/lib/appreciation.ts
    ./src/components/home/HomeAppreciationSnippet.tsx
    ./src/app/(public)/page.tsx

  #3 [Server Component]:
    ./src/lib/prisma.ts
    ./src/lib/open-events.ts
    ./src/components/home/HomeOpenEventsChip.tsx
    ./src/app/(public)/layout.tsx

  #4 [Client Component Browser]:
    ./src/lib/prisma.ts [Client Component Browser]
    ./src/lib/open-events.ts [Client Component Browser]
    ./src/components/home/OpenEventsFloatingChip.tsx [Client Component Browser]
    ./src/components/home/OpenEventsFloatingChip.tsx [Server Component]
    ./src/components/home/HomeOpenEventsChip.tsx [Server Component]
    ./src/app/(public)/layout.tsx [Server Component]

  #5 [Client Component SSR]:
    ./src/lib/prisma.ts [Client Component SSR]
    ./src/lib/open-events.ts [Client Component SSR]
    ./src/components/home/OpenEventsFloatingChip.tsx [Client Component SSR]
    ./src/components/home/OpenEventsFloatingChip.tsx [Server Component]
    ./src/components/home/HomeOpenEventsChip.tsx [Server Component]
    ./src/app/(public)/layout.tsx [Server Component] @ http://localhost:3000/_next/static/chunks/node_modules_next_dist_1gdrd03._.js:1945
[    6257ms] [ERROR] ./src/lib/prisma.ts
Code generation for chunk item errored
An error occurred while generating the chunk item [project]/src/lib/prisma.ts [app-client] (ecmascript) <locals>

Caused by:
- the chunking context (unknown) does not support external modules (request: node:dns)

Debug info:
- An error occurred while generating the chunk item [project]/src/lib/prisma.ts [app-client] (ecmascript) <locals>
- Execution of <EcmascriptModuleLocalsModule as EcmascriptChunkPlaceable>::chunk_item_content failed
- Execution of *EcmascriptChunkItemContent::new failed
- Execution of EcmascriptModuleContent::new failed
- the chunking context (unknown) does not support external modules (request: node:dns)

Import traces:
  #1 [Server Component]:
    ./src/lib/prisma.ts
    ./src/auth.ts
    ./src/app/layout.tsx

  #2 [Server Component]:
    ./src/lib/prisma.ts
    ./src/lib/appreciation.ts
    ./src/components/home/HomeAppreciationSnippet.tsx
    ./src/app/(public)/page.tsx

  #3 [Server Component]:
    ./src/lib/prisma.ts
    ./src/lib/open-events.ts
    ./src/components/home/HomeOpenEventsChip.tsx
    ./src/app/(public)/layout.tsx

  #4 [Client Component Browser]:
    ./src/lib/prisma.ts [Client Component Browser]
    ./src/lib/open-events.ts [Client Component Browser]
    ./src/components/home/OpenEventsFloatingChip.tsx [Client Component Browser]
    ./src/components/home/OpenEventsFloatingChip.tsx [Server Component]
    ./src/components/home/HomeOpenEventsChip.tsx [Server Component]
    ./src/app/(public)/layout.tsx [Server Component]

  #5 [Client Component SSR]:
    ./src/lib/prisma.ts [Client Component SSR]
    ./src/lib/open-events.ts [Client Component SSR]
    ./src/components/home/OpenEventsFloatingChip.tsx [Client Component SSR]
    ./src/components/home/OpenEventsFloatingChip.tsx [Server Component]
    ./src/components/home/HomeOpenEventsChip.tsx [Server Component]
    ./src/app/(public)/layout.tsx [Server Component] @ http://localhost:3000/_next/static/chunks/node_modules_next_dist_1gdrd03._.js:1945
[    6320ms] [ERROR] ./src/lib/prisma.ts
Code generation for chunk item errored
An error occurred while generating the chunk item [project]/src/lib/prisma.ts [app-client] (ecmascript) <locals>

Caused by:
- the chunking context (unknown) does not support external modules (request: node:dns)

Debug info:
- An error occurred while generating the chunk item [project]/src/lib/prisma.ts [app-client] (ecmascript) <locals>
- Execution of <EcmascriptModuleLocalsModule as EcmascriptChunkPlaceable>::chunk_item_content failed
- Execution of *EcmascriptChunkItemContent::new failed
- Execution of EcmascriptModuleContent::new failed
- the chunking context (unknown) does not support external modules (request: node:dns)

Import traces:
  #1 [Server Component]:
    ./src/lib/prisma.ts
    ./src/auth.ts
    ./src/app/layout.tsx

  #2 [Server Component]:
    ./src/lib/prisma.ts
    ./src/lib/appreciation.ts
    ./src/components/home/HomeAppreciationSnippet.tsx
    ./src/app/(public)/page.tsx

  #3 [Server Component]:
    ./src/lib/prisma.ts
    ./src/lib/open-events.ts
    ./src/components/home/HomeOpenEventsChip.tsx
    ./src/app/(public)/layout.tsx

  #4 [Client Component Browser]:
    ./src/lib/prisma.ts [Client Component Browser]
    ./src/lib/open-events.ts [Client Component Browser]
    ./src/components/home/OpenEventsFloatingChip.tsx [Client Component Browser]
    ./src/components/home/OpenEventsFloatingChip.tsx [Server Component]
    ./src/components/home/HomeOpenEventsChip.tsx [Server Component]
    ./src/app/(public)/layout.tsx [Server Component]

  #5 [Client Component SSR]:
    ./src/lib/prisma.ts [Client Component SSR]
    ./src/lib/open-events.ts [Client Component SSR]
    ./src/components/home/OpenEventsFloatingChip.tsx [Client Component SSR]
    ./src/components/home/OpenEventsFloatingChip.tsx [Server Component]
    ./src/components/home/HomeOpenEventsChip.tsx [Server Component]
    ./src/app/(public)/layout.tsx [Server Component] @ http://localhost:3000/_next/static/chunks/node_modules_next_dist_1gdrd03._.js:1945
[    6380ms] [ERROR] ./src/lib/prisma.ts
Code generation for chunk item errored
An error occurred while generating the chunk item [project]/src/lib/prisma.ts [app-client] (ecmascript) <locals>

Caused by:
- the chunking context (unknown) does not support external modules (request: node:dns)

Debug info:
- An error occurred while generating the chunk item [project]/src/lib/prisma.ts [app-client] (ecmascript) <locals>
- Execution of <EcmascriptModuleLocalsModule as EcmascriptChunkPlaceable>::chunk_item_content failed
- Execution of *EcmascriptChunkItemContent::new failed
- Execution of EcmascriptModuleContent::new failed
- the chunking context (unknown) does not support external modules (request: node:dns)

Import traces:
  #1 [Server Component]:
    ./src/lib/prisma.ts
    ./src/auth.ts
    ./src/app/layout.tsx

  #2 [Server Component]:
    ./src/lib/prisma.ts
    ./src/lib/appreciation.ts
    ./src/components/home/HomeAppreciationSnippet.tsx
    ./src/app/(public)/page.tsx

  #3 [Server Component]:
    ./src/lib/prisma.ts
    ./src/lib/open-events.ts
    ./src/components/home/HomeOpenEventsChip.tsx
    ./src/app/(public)/layout.tsx

  #4 [Client Component Browser]:
    ./src/lib/prisma.ts [Client Component Browser]
    ./src/lib/open-events.ts [Client Component Browser]
    ./src/components/home/OpenEventsFloatingChip.tsx [Client Component Browser]
    ./src/components/home/OpenEventsFloatingChip.tsx [Server Component]
    ./src/components/home/HomeOpenEventsChip.tsx [Server Component]
    ./src/app/(public)/layout.tsx [Server Component]

  #5 [Client Component SSR]:
    ./src/lib/prisma.ts [Client Component SSR]
    ./src/lib/open-events.ts [Client Component SSR]
    ./src/components/home/OpenEventsFloatingChip.tsx [Client Component SSR]
    ./src/components/home/OpenEventsFloatingChip.tsx [Server Component]
    ./src/components/home/HomeOpenEventsChip.tsx [Server Component]
    ./src/app/(public)/layout.tsx [Server Component] @ http://localhost:3000/_next/static/chunks/node_modules_next_dist_1gdrd03._.js:1945
[    6445ms] [ERROR] ./src/lib/prisma.ts
Code generation for chunk item errored
An error occurred while generating the chunk item [project]/src/lib/prisma.ts [app-client] (ecmascript) <locals>

Caused by:
- the chunking context (unknown) does not support external modules (request: node:dns)

Debug info:
- An error occurred while generating the chunk item [project]/src/lib/prisma.ts [app-client] (ecmascript) <locals>
- Execution of <EcmascriptModuleLocalsModule as EcmascriptChunkPlaceable>::chunk_item_content failed
- Execution of *EcmascriptChunkItemContent::new failed
- Execution of EcmascriptModuleContent::new failed
- the chunking context (unknown) does not support external modules (request: node:dns)

Import traces:
  #1 [Server Component]:
    ./src/lib/prisma.ts
    ./src/auth.ts
    ./src/app/layout.tsx

  #2 [Server Component]:
    ./src/lib/prisma.ts
    ./src/lib/appreciation.ts
    ./src/components/home/HomeAppreciationSnippet.tsx
    ./src/app/(public)/page.tsx

  #3 [Server Component]:
    ./src/lib/prisma.ts
    ./src/lib/open-events.ts
    ./src/components/home/HomeOpenEventsChip.tsx
    ./src/app/(public)/layout.tsx

  #4 [Client Component Browser]:
    ./src/lib/prisma.ts [Client Component Browser]
    ./src/lib/open-events.ts [Client Component Browser]
    ./src/components/home/OpenEventsFloatingChip.tsx [Client Component Browser]
    ./src/components/home/OpenEventsFloatingChip.tsx [Server Component]
    ./src/components/home/HomeOpenEventsChip.tsx [Server Component]
    ./src/app/(public)/layout.tsx [Server Component]

  #5 [Client Component SSR]:
    ./src/lib/prisma.ts [Client Component SSR]
    ./src/lib/open-events.ts [Client Component SSR]
    ./src/components/home/OpenEventsFloatingChip.tsx [Client Component SSR]
    ./src/components/home/OpenEventsFloatingChip.tsx [Server Component]
    ./src/components/home/HomeOpenEventsChip.tsx [Server Component]
    ./src/app/(public)/layout.tsx [Server Component] @ http://localhost:3000/_next/static/chunks/node_modules_next_dist_1gdrd03._.js:1945
[    6506ms] [ERROR] ./src/lib/prisma.ts
Code generation for chunk item errored
An error occurred while generating the chunk item [project]/src/lib/prisma.ts [app-client] (ecmascript) <locals>

Caused by:
- the chunking context (unknown) does not support external modules (request: node:dns)

Debug info:
- An error occurred while generating the chunk item [project]/src/lib/prisma.ts [app-client] (ecmascript) <locals>
- Execution of <EcmascriptModuleLocalsModule as EcmascriptChunkPlaceable>::chunk_item_content failed
- Execution of *EcmascriptChunkItemContent::new failed
- Execution of EcmascriptModuleContent::new failed
- the chunking context (unknown) does not support external modules (request: node:dns)

Import traces:
  #1 [Server Component]:
    ./src/lib/prisma.ts
    ./src/auth.ts
    ./src/app/layout.tsx

  #2 [Server Component]:
    ./src/lib/prisma.ts
    ./src/lib/appreciation.ts
    ./src/components/home/HomeAppreciationSnippet.tsx
    ./src/app/(public)/page.tsx

  #3 [Server Component]:
    ./src/lib/prisma.ts
    ./src/lib/open-events.ts
    ./src/components/home/HomeOpenEventsChip.tsx
    ./src/app/(public)/layout.tsx

  #4 [Client Component Browser]:
    ./src/lib/prisma.ts [Client Component Browser]
    ./src/lib/open-events.ts [Client Component Browser]
    ./src/components/home/OpenEventsFloatingChip.tsx [Client Component Browser]
    ./src/components/home/OpenEventsFloatingChip.tsx [Server Component]
    ./src/components/home/HomeOpenEventsChip.tsx [Server Component]
    ./src/app/(public)/layout.tsx [Server Component]

  #5 [Client Component SSR]:
    ./src/lib/prisma.ts [Client Component SSR]
    ./src/lib/open-events.ts [Client Component SSR]
    ./src/components/home/OpenEventsFloatingChip.tsx [Client Component SSR]
    ./src/components/home/OpenEventsFloatingChip.tsx [Server Component]
    ./src/components/home/HomeOpenEventsChip.tsx [Server Component]
    ./src/app/(public)/layout.tsx [Server Component] @ http://localhost:3000/_next/static/chunks/node_modules_next_dist_1gdrd03._.js:1945
[    6569ms] [ERROR] ./src/lib/prisma.ts
Code generation for chunk item errored
An error occurred while generating the chunk item [project]/src/lib/prisma.ts [app-client] (ecmascript) <locals>

Caused by:
- the chunking context (unknown) does not support external modules (request: node:dns)

Debug info:
- An error occurred while generating the chunk item [project]/src/lib/prisma.ts [app-client] (ecmascript) <locals>
- Execution of <EcmascriptModuleLocalsModule as EcmascriptChunkPlaceable>::chunk_item_content failed
- Execution of *EcmascriptChunkItemContent::new failed
- Execution of EcmascriptModuleContent::new failed
- the chunking context (unknown) does not support external modules (request: node:dns)

Import traces:
  #1 [Server Component]:
    ./src/lib/prisma.ts
    ./src/auth.ts
    ./src/app/layout.tsx

  #2 [Server Component]:
    ./src/lib/prisma.ts
    ./src/lib/appreciation.ts
    ./src/components/home/HomeAppreciationSnippet.tsx
    ./src/app/(public)/page.tsx

  #3 [Server Component]:
    ./src/lib/prisma.ts
    ./src/lib/open-events.ts
    ./src/components/home/HomeOpenEventsChip.tsx
    ./src/app/(public)/layout.tsx

  #4 [Client Component Browser]:
    ./src/lib/prisma.ts [Client Component Browser]
    ./src/lib/open-events.ts [Client Component Browser]
    ./src/components/home/OpenEventsFloatingChip.tsx [Client Component Browser]
    ./src/components/home/OpenEventsFloatingChip.tsx [Server Component]
    ./src/components/home/HomeOpenEventsChip.tsx [Server Component]
    ./src/app/(public)/layout.tsx [Server Component]

  #5 [Client Component SSR]:
    ./src/lib/prisma.ts [Client Component SSR]
    ./src/lib/open-events.ts [Client Component SSR]
    ./src/components/home/OpenEventsFloatingChip.tsx [Client Component SSR]
    ./src/components/home/OpenEventsFloatingChip.tsx [Server Component]
    ./src/components/home/HomeOpenEventsChip.tsx [Server Component]
    ./src/app/(public)/layout.tsx [Server Component] @ http://localhost:3000/_next/static/chunks/node_modules_next_dist_1gdrd03._.js:1945
[    6631ms] [ERROR] ./src/lib/prisma.ts
Code generation for chunk item errored
An error occurred while generating the chunk item [project]/src/lib/prisma.ts [app-client] (ecmascript) <locals>

Caused by:
- the chunking context (unknown) does not support external modules (request: node:dns)

Debug info:
- An error occurred while generating the chunk item [project]/src/lib/prisma.ts [app-client] (ecmascript) <locals>
- Execution of <EcmascriptModuleLocalsModule as EcmascriptChunkPlaceable>::chunk_item_content failed
- Execution of *EcmascriptChunkItemContent::new failed
- Execution of EcmascriptModuleContent::new failed
- the chunking context (unknown) does not support external modules (request: node:dns)

Import traces:
  #1 [Server Component]:
    ./src/lib/prisma.ts
    ./src/auth.ts
    ./src/app/layout.tsx

  #2 [Server Component]:
    ./src/lib/prisma.ts
    ./src/lib/appreciation.ts
    ./src/components/home/HomeAppreciationSnippet.tsx
    ./src/app/(public)/page.tsx

  #3 [Server Component]:
    ./src/lib/prisma.ts
    ./src/lib/open-events.ts
    ./src/components/home/HomeOpenEventsChip.tsx
    ./src/app/(public)/layout.tsx

  #4 [Client Component Browser]:
    ./src/lib/prisma.ts [Client Component Browser]
    ./src/lib/open-events.ts [Client Component Browser]
    ./src/components/home/OpenEventsFloatingChip.tsx [Client Component Browser]
    ./src/components/home/OpenEventsFloatingChip.tsx [Server Component]
    ./src/components/home/HomeOpenEventsChip.tsx [Server Component]
    ./src/app/(public)/layout.tsx [Server Component]

  #5 [Client Component SSR]:
    ./src/lib/prisma.ts [Client Component SSR]
    ./src/lib/open-events.ts [Client Component SSR]
    ./src/components/home/OpenEventsFloatingChip.tsx [Client Component SSR]
    ./src/components/home/OpenEventsFloatingChip.tsx [Server Component]
    ./src/components/home/HomeOpenEventsChip.tsx [Server Component]
    ./src/app/(public)/layout.tsx [Server Component] @ http://localhost:3000/_next/static/chunks/node_modules_next_dist_1gdrd03._.js:1945
[    6693ms] [ERROR] ./src/lib/prisma.ts
Code generation for chunk item errored
An error occurred while generating the chunk item [project]/src/lib/prisma.ts [app-client] (ecmascript) <locals>

Caused by:
- the chunking context (unknown) does not support external modules (request: node:dns)

Debug info:
- An error occurred while generating the chunk item [project]/src/lib/prisma.ts [app-client] (ecmascript) <locals>
- Execution of <EcmascriptModuleLocalsModule as EcmascriptChunkPlaceable>::chunk_item_content failed
- Execution of *EcmascriptChunkItemContent::new failed
- Execution of EcmascriptModuleContent::new failed
- the chunking context (unknown) does not support external modules (request: node:dns)

Import traces:
  #1 [Server Component]:
    ./src/lib/prisma.ts
    ./src/auth.ts
    ./src/app/layout.tsx

  #2 [Server Component]:
    ./src/lib/prisma.ts
    ./src/lib/appreciation.ts
    ./src/components/home/HomeAppreciationSnippet.tsx
    ./src/app/(public)/page.tsx

  #3 [Server Component]:
    ./src/lib/prisma.ts
    ./src/lib/open-events.ts
    ./src/components/home/HomeOpenEventsChip.tsx
    ./src/app/(public)/layout.tsx

  #4 [Client Component Browser]:
    ./src/lib/prisma.ts [Client Component Browser]
    ./src/lib/open-events.ts [Client Component Browser]
    ./src/components/home/OpenEventsFloatingChip.tsx [Client Component Browser]
    ./src/components/home/OpenEventsFloatingChip.tsx [Server Component]
    ./src/components/home/HomeOpenEventsChip.tsx [Server Component]
    ./src/app/(public)/layout.tsx [Server Component]

  #5 [Client Component SSR]:
    ./src/lib/prisma.ts [Client Component SSR]
    ./src/lib/open-events.ts [Client Component SSR]
    ./src/components/home/OpenEventsFloatingChip.tsx [Client Component SSR]
    ./src/components/home/OpenEventsFloatingChip.tsx [Server Component]
    ./src/components/home/HomeOpenEventsChip.tsx [Server Component]
    ./src/app/(public)/layout.tsx [Server Component] @ http://localhost:3000/_next/static/chunks/node_modules_next_dist_1gdrd03._.js:1945
[    6754ms] [ERROR] ./src/lib/prisma.ts
Code generation for chunk item errored
An error occurred while generating the chunk item [project]/src/lib/prisma.ts [app-client] (ecmascript) <locals>

Caused by:
- the chunking context (unknown) does not support external modules (request: node:dns)

Debug info:
- An error occurred while generating the chunk item [project]/src/lib/prisma.ts [app-client] (ecmascript) <locals>
- Execution of <EcmascriptModuleLocalsModule as EcmascriptChunkPlaceable>::chunk_item_content failed
- Execution of *EcmascriptChunkItemContent::new failed
- Execution of EcmascriptModuleContent::new failed
- the chunking context (unknown) does not support external modules (request: node:dns)

Import traces:
  #1 [Server Component]:
    ./src/lib/prisma.ts
    ./src/auth.ts
    ./src/app/layout.tsx

  #2 [Server Component]:
    ./src/lib/prisma.ts
    ./src/lib/appreciation.ts
    ./src/components/home/HomeAppreciationSnippet.tsx
    ./src/app/(public)/page.tsx

  #3 [Server Component]:
    ./src/lib/prisma.ts
    ./src/lib/open-events.ts
    ./src/components/home/HomeOpenEventsChip.tsx
    ./src/app/(public)/layout.tsx

  #4 [Client Component Browser]:
    ./src/lib/prisma.ts [Client Component Browser]
    ./src/lib/open-events.ts [Client Component Browser]
    ./src/components/home/OpenEventsFloatingChip.tsx [Client Component Browser]
    ./src/components/home/OpenEventsFloatingChip.tsx [Server Component]
    ./src/components/home/HomeOpenEventsChip.tsx [Server Component]
    ./src/app/(public)/layout.tsx [Server Component]

  #5 [Client Component SSR]:
    ./src/lib/prisma.ts [Client Component SSR]
    ./src/lib/open-events.ts [Client Component SSR]
    ./src/components/home/OpenEventsFloatingChip.tsx [Client Component SSR]
    ./src/components/home/OpenEventsFloatingChip.tsx [Server Component]
    ./src/components/home/HomeOpenEventsChip.tsx [Server Component]
    ./src/app/(public)/layout.tsx [Server Component] @ http://localhost:3000/_next/static/chunks/node_modules_next_dist_1gdrd03._.js:1945
[    6817ms] [ERROR] ./src/lib/prisma.ts
Code generation for chunk item errored
An error occurred while generating the chunk item [project]/src/lib/prisma.ts [app-client] (ecmascript) <locals>

Caused by:
- the chunking context (unknown) does not support external modules (request: node:dns)

Debug info:
- An error occurred while generating the chunk item [project]/src/lib/prisma.ts [app-client] (ecmascript) <locals>
- Execution of <EcmascriptModuleLocalsModule as EcmascriptChunkPlaceable>::chunk_item_content failed
- Execution of *EcmascriptChunkItemContent::new failed
- Execution of EcmascriptModuleContent::new failed
- the chunking context (unknown) does not support external modules (request: node:dns)

Import traces:
  #1 [Server Component]:
    ./src/lib/prisma.ts
    ./src/auth.ts
    ./src/app/layout.tsx

  #2 [Server Component]:
    ./src/lib/prisma.ts
    ./src/lib/appreciation.ts
    ./src/components/home/HomeAppreciationSnippet.tsx
    ./src/app/(public)/page.tsx

  #3 [Server Component]:
    ./src/lib/prisma.ts
    ./src/lib/open-events.ts
    ./src/components/home/HomeOpenEventsChip.tsx
    ./src/app/(public)/layout.tsx

  #4 [Client Component Browser]:
    ./src/lib/prisma.ts [Client Component Browser]
    ./src/lib/open-events.ts [Client Component Browser]
    ./src/components/home/OpenEventsFloatingChip.tsx [Client Component Browser]
    ./src/components/home/OpenEventsFloatingChip.tsx [Server Component]
    ./src/components/home/HomeOpenEventsChip.tsx [Server Component]
    ./src/app/(public)/layout.tsx [Server Component]

  #5 [Client Component SSR]:
    ./src/lib/prisma.ts [Client Component SSR]
    ./src/lib/open-events.ts [Client Component SSR]
    ./src/components/home/OpenEventsFloatingChip.tsx [Client Component SSR]
    ./src/components/home/OpenEventsFloatingChip.tsx [Server Component]
    ./src/components/home/HomeOpenEventsChip.tsx [Server Component]
    ./src/app/(public)/layout.tsx [Server Component] @ http://localhost:3000/_next/static/chunks/node_modules_next_dist_1gdrd03._.js:1945
[    6881ms] [ERROR] ./src/lib/prisma.ts
Code generation for chunk item errored
An error occurred while generating the chunk item [project]/src/lib/prisma.ts [app-client] (ecmascript) <locals>

Caused by:
- the chunking context (unknown) does not support external modules (request: node:dns)

Debug info:
- An error occurred while generating the chunk item [project]/src/lib/prisma.ts [app-client] (ecmascript) <locals>
- Execution of <EcmascriptModuleLocalsModule as EcmascriptChunkPlaceable>::chunk_item_content failed
- Execution of *EcmascriptChunkItemContent::new failed
- Execution of EcmascriptModuleContent::new failed
- the chunking context (unknown) does not support external modules (request: node:dns)

Import traces:
  #1 [Server Component]:
    ./src/lib/prisma.ts
    ./src/auth.ts
    ./src/app/layout.tsx

  #2 [Server Component]:
    ./src/lib/prisma.ts
    ./src/lib/appreciation.ts
    ./src/components/home/HomeAppreciationSnippet.tsx
    ./src/app/(public)/page.tsx

  #3 [Server Component]:
    ./src/lib/prisma.ts
    ./src/lib/open-events.ts
    ./src/components/home/HomeOpenEventsChip.tsx
    ./src/app/(public)/layout.tsx

  #4 [Client Component Browser]:
    ./src/lib/prisma.ts [Client Component Browser]
    ./src/lib/open-events.ts [Client Component Browser]
    ./src/components/home/OpenEventsFloatingChip.tsx [Client Component Browser]
    ./src/components/home/OpenEventsFloatingChip.tsx [Server Component]
    ./src/components/home/HomeOpenEventsChip.tsx [Server Component]
    ./src/app/(public)/layout.tsx [Server Component]

  #5 [Client Component SSR]:
    ./src/lib/prisma.ts [Client Component SSR]
    ./src/lib/open-events.ts [Client Component SSR]
    ./src/components/home/OpenEventsFloatingChip.tsx [Client Component SSR]
    ./src/components/home/OpenEventsFloatingChip.tsx [Server Component]
    ./src/components/home/HomeOpenEventsChip.tsx [Server Component]
    ./src/app/(public)/layout.tsx [Server Component] @ http://localhost:3000/_next/static/chunks/node_modules_next_dist_1gdrd03._.js:1945
[    6941ms] [ERROR] ./src/lib/prisma.ts
Code generation for chunk item errored
An error occurred while generating the chunk item [project]/src/lib/prisma.ts [app-client] (ecmascript) <locals>

Caused by:
- the chunking context (unknown) does not support external modules (request: node:dns)

Debug info:
- An error occurred while generating the chunk item [project]/src/lib/prisma.ts [app-client] (ecmascript) <locals>
- Execution of <EcmascriptModuleLocalsModule as EcmascriptChunkPlaceable>::chunk_item_content failed
- Execution of *EcmascriptChunkItemContent::new failed
- Execution of EcmascriptModuleContent::new failed
- the chunking context (unknown) does not support external modules (request: node:dns)

Import traces:
  #1 [Server Component]:
    ./src/lib/prisma.ts
    ./src/auth.ts
    ./src/app/layout.tsx

  #2 [Server Component]:
    ./src/lib/prisma.ts
    ./src/lib/appreciation.ts
    ./src/components/home/HomeAppreciationSnippet.tsx
    ./src/app/(public)/page.tsx

  #3 [Server Component]:
    ./src/lib/prisma.ts
    ./src/lib/open-events.ts
    ./src/components/home/HomeOpenEventsChip.tsx
    ./src/app/(public)/layout.tsx

  #4 [Client Component Browser]:
    ./src/lib/prisma.ts [Client Component Browser]
    ./src/lib/open-events.ts [Client Component Browser]
    ./src/components/home/OpenEventsFloatingChip.tsx [Client Component Browser]
    ./src/components/home/OpenEventsFloatingChip.tsx [Server Component]
    ./src/components/home/HomeOpenEventsChip.tsx [Server Component]
    ./src/app/(public)/layout.tsx [Server Component]

  #5 [Client Component SSR]:
    ./src/lib/prisma.ts [Client Component SSR]
    ./src/lib/open-events.ts [Client Component SSR]
    ./src/components/home/OpenEventsFloatingChip.tsx [Client Component SSR]
    ./src/components/home/OpenEventsFloatingChip.tsx [Server Component]
    ./src/components/home/HomeOpenEventsChip.tsx [Server Component]
    ./src/app/(public)/layout.tsx [Server Component] @ http://localhost:3000/_next/static/chunks/node_modules_next_dist_1gdrd03._.js:1945
[    7005ms] [ERROR] ./src/lib/prisma.ts
Code generation for chunk item errored
An error occurred while generating the chunk item [project]/src/lib/prisma.ts [app-client] (ecmascript) <locals>

Caused by:
- the chunking context (unknown) does not support external modules (request: node:dns)

Debug info:
- An error occurred while generating the chunk item [project]/src/lib/prisma.ts [app-client] (ecmascript) <locals>
- Execution of <EcmascriptModuleLocalsModule as EcmascriptChunkPlaceable>::chunk_item_content failed
- Execution of *EcmascriptChunkItemContent::new failed
- Execution of EcmascriptModuleContent::new failed
- the chunking context (unknown) does not support external modules (request: node:dns)

Import traces:
  #1 [Server Component]:
    ./src/lib/prisma.ts
    ./src/auth.ts
    ./src/app/layout.tsx

  #2 [Server Component]:
    ./src/lib/prisma.ts
    ./src/lib/appreciation.ts
    ./src/components/home/HomeAppreciationSnippet.tsx
    ./src/app/(public)/page.tsx

  #3 [Server Component]:
    ./src/lib/prisma.ts
    ./src/lib/open-events.ts
    ./src/components/home/HomeOpenEventsChip.tsx
    ./src/app/(public)/layout.tsx

  #4 [Client Component Browser]:
    ./src/lib/prisma.ts [Client Component Browser]
    ./src/lib/open-events.ts [Client Component Browser]
    ./src/components/home/OpenEventsFloatingChip.tsx [Client Component Browser]
    ./src/components/home/OpenEventsFloatingChip.tsx [Server Component]
    ./src/components/home/HomeOpenEventsChip.tsx [Server Component]
    ./src/app/(public)/layout.tsx [Server Component]

  #5 [Client Component SSR]:
    ./src/lib/prisma.ts [Client Component SSR]
    ./src/lib/open-events.ts [Client Component SSR]
    ./src/components/home/OpenEventsFloatingChip.tsx [Client Component SSR]
    ./src/components/home/OpenEventsFloatingChip.tsx [Server Component]
    ./src/components/home/HomeOpenEventsChip.tsx [Server Component]
    ./src/app/(public)/layout.tsx [Server Component] @ http://localhost:3000/_next/static/chunks/node_modules_next_dist_1gdrd03._.js:1945
[    7068ms] [ERROR] ./src/lib/prisma.ts
Code generation for chunk item errored
An error occurred while generating the chunk item [project]/src/lib/prisma.ts [app-client] (ecmascript) <locals>

Caused by:
- the chunking context (unknown) does not support external modules (request: node:dns)

Debug info:
- An error occurred while generating the chunk item [project]/src/lib/prisma.ts [app-client] (ecmascript) <locals>
- Execution of <EcmascriptModuleLocalsModule as EcmascriptChunkPlaceable>::chunk_item_content failed
- Execution of *EcmascriptChunkItemContent::new failed
- Execution of EcmascriptModuleContent::new failed
- the chunking context (unknown) does not support external modules (request: node:dns)

Import traces:
  #1 [Server Component]:
    ./src/lib/prisma.ts
    ./src/auth.ts
    ./src/app/layout.tsx

  #2 [Server Component]:
    ./src/lib/prisma.ts
    ./src/lib/appreciation.ts
    ./src/components/home/HomeAppreciationSnippet.tsx
    ./src/app/(public)/page.tsx

  #3 [Server Component]:
    ./src/lib/prisma.ts
    ./src/lib/open-events.ts
    ./src/components/home/HomeOpenEventsChip.tsx
    ./src/app/(public)/layout.tsx

  #4 [Client Component Browser]:
    ./src/lib/prisma.ts [Client Component Browser]
    ./src/lib/open-events.ts [Client Component Browser]
    ./src/components/home/OpenEventsFloatingChip.tsx [Client Component Browser]
    ./src/components/home/OpenEventsFloatingChip.tsx [Server Component]
    ./src/components/home/HomeOpenEventsChip.tsx [Server Component]
    ./src/app/(public)/layout.tsx [Server Component]

  #5 [Client Component SSR]:
    ./src/lib/prisma.ts [Client Component SSR]
    ./src/lib/open-events.ts [Client Component SSR]
    ./src/components/home/OpenEventsFloatingChip.tsx [Client Component SSR]
    ./src/components/home/OpenEventsFloatingChip.tsx [Server Component]
    ./src/components/home/HomeOpenEventsChip.tsx [Server Component]
    ./src/app/(public)/layout.tsx [Server Component] @ http://localhost:3000/_next/static/chunks/node_modules_next_dist_1gdrd03._.js:1945
[    7131ms] [ERROR] ./src/lib/prisma.ts
Code generation for chunk item errored
An error occurred while generating the chunk item [project]/src/lib/prisma.ts [app-client] (ecmascript) <locals>

Caused by:
- the chunking context (unknown) does not support external modules (request: node:dns)

Debug info:
- An error occurred while generating the chunk item [project]/src/lib/prisma.ts [app-client] (ecmascript) <locals>
- Execution of <EcmascriptModuleLocalsModule as EcmascriptChunkPlaceable>::chunk_item_content failed
- Execution of *EcmascriptChunkItemContent::new failed
- Execution of EcmascriptModuleContent::new failed
- the chunking context (unknown) does not support external modules (request: node:dns)

Import traces:
  #1 [Server Component]:
    ./src/lib/prisma.ts
    ./src/auth.ts
    ./src/app/layout.tsx

  #2 [Server Component]:
    ./src/lib/prisma.ts
    ./src/lib/appreciation.ts
    ./src/components/home/HomeAppreciationSnippet.tsx
    ./src/app/(public)/page.tsx

  #3 [Server Component]:
    ./src/lib/prisma.ts
    ./src/lib/open-events.ts
    ./src/components/home/HomeOpenEventsChip.tsx
    ./src/app/(public)/layout.tsx

  #4 [Client Component Browser]:
    ./src/lib/prisma.ts [Client Component Browser]
    ./src/lib/open-events.ts [Client Component Browser]
    ./src/components/home/OpenEventsFloatingChip.tsx [Client Component Browser]
    ./src/components/home/OpenEventsFloatingChip.tsx [Server Component]
    ./src/components/home/HomeOpenEventsChip.tsx [Server Component]
    ./src/app/(public)/layout.tsx [Server Component]

  #5 [Client Component SSR]:
    ./src/lib/prisma.ts [Client Component SSR]
    ./src/lib/open-events.ts [Client Component SSR]
    ./src/components/home/OpenEventsFloatingChip.tsx [Client Component SSR]
    ./src/components/home/OpenEventsFloatingChip.tsx [Server Component]
    ./src/components/home/HomeOpenEventsChip.tsx [Server Component]
    ./src/app/(public)/layout.tsx [Server Component] @ http://localhost:3000/_next/static/chunks/node_modules_next_dist_1gdrd03._.js:1945
[    7193ms] [ERROR] ./src/lib/prisma.ts
Code generation for chunk item errored
An error occurred while generating the chunk item [project]/src/lib/prisma.ts [app-client] (ecmascript) <locals>

Caused by:
- the chunking context (unknown) does not support external modules (request: node:dns)

Debug info:
- An error occurred while generating the chunk item [project]/src/lib/prisma.ts [app-client] (ecmascript) <locals>
- Execution of <EcmascriptModuleLocalsModule as EcmascriptChunkPlaceable>::chunk_item_content failed
- Execution of *EcmascriptChunkItemContent::new failed
- Execution of EcmascriptModuleContent::new failed
- the chunking context (unknown) does not support external modules (request: node:dns)

Import traces:
  #1 [Server Component]:
    ./src/lib/prisma.ts
    ./src/auth.ts
    ./src/app/layout.tsx

  #2 [Server Component]:
    ./src/lib/prisma.ts
    ./src/lib/appreciation.ts
    ./src/components/home/HomeAppreciationSnippet.tsx
    ./src/app/(public)/page.tsx

  #3 [Server Component]:
    ./src/lib/prisma.ts
    ./src/lib/open-events.ts
    ./src/components/home/HomeOpenEventsChip.tsx
    ./src/app/(public)/layout.tsx

  #4 [Client Component Browser]:
    ./src/lib/prisma.ts [Client Component Browser]
    ./src/lib/open-events.ts [Client Component Browser]
    ./src/components/home/OpenEventsFloatingChip.tsx [Client Component Browser]
    ./src/components/home/OpenEventsFloatingChip.tsx [Server Component]
    ./src/components/home/HomeOpenEventsChip.tsx [Server Component]
    ./src/app/(public)/layout.tsx [Server Component]

  #5 [Client Component SSR]:
    ./src/lib/prisma.ts [Client Component SSR]
    ./src/lib/open-events.ts [Client Component SSR]
    ./src/components/home/OpenEventsFloatingChip.tsx [Client Component SSR]
    ./src/components/home/OpenEventsFloatingChip.tsx [Server Component]
    ./src/components/home/HomeOpenEventsChip.tsx [Server Component]
    ./src/app/(public)/layout.tsx [Server Component] @ http://localhost:3000/_next/static/chunks/node_modules_next_dist_1gdrd03._.js:1945
[    7255ms] [ERROR] ./src/lib/prisma.ts
Code generation for chunk item errored
An error occurred while generating the chunk item [project]/src/lib/prisma.ts [app-client] (ecmascript) <locals>

Caused by:
- the chunking context (unknown) does not support external modules (request: node:dns)

Debug info:
- An error occurred while generating the chunk item [project]/src/lib/prisma.ts [app-client] (ecmascript) <locals>
- Execution of <EcmascriptModuleLocalsModule as EcmascriptChunkPlaceable>::chunk_item_content failed
- Execution of *EcmascriptChunkItemContent::new failed
- Execution of EcmascriptModuleContent::new failed
- the chunking context (unknown) does not support external modules (request: node:dns)

Import traces:
  #1 [Server Component]:
    ./src/lib/prisma.ts
    ./src/auth.ts
    ./src/app/layout.tsx

  #2 [Server Component]:
    ./src/lib/prisma.ts
    ./src/lib/appreciation.ts
    ./src/components/home/HomeAppreciationSnippet.tsx
    ./src/app/(public)/page.tsx

  #3 [Server Component]:
    ./src/lib/prisma.ts
    ./src/lib/open-events.ts
    ./src/components/home/HomeOpenEventsChip.tsx
    ./src/app/(public)/layout.tsx

  #4 [Client Component Browser]:
    ./src/lib/prisma.ts [Client Component Browser]
    ./src/lib/open-events.ts [Client Component Browser]
    ./src/components/home/OpenEventsFloatingChip.tsx [Client Component Browser]
    ./src/components/home/OpenEventsFloatingChip.tsx [Server Component]
    ./src/components/home/HomeOpenEventsChip.tsx [Server Component]
    ./src/app/(public)/layout.tsx [Server Component]

  #5 [Client Component SSR]:
    ./src/lib/prisma.ts [Client Component SSR]
    ./src/lib/open-events.ts [Client Component SSR]
    ./src/components/home/OpenEventsFloatingChip.tsx [Client Component SSR]
    ./src/components/home/OpenEventsFloatingChip.tsx [Server Component]
    ./src/components/home/HomeOpenEventsChip.tsx [Server Component]
    ./src/app/(public)/layout.tsx [Server Component] @ http://localhost:3000/_next/static/chunks/node_modules_next_dist_1gdrd03._.js:1945
[    7317ms] [ERROR] ./src/lib/prisma.ts
Code generation for chunk item errored
An error occurred while generating the chunk item [project]/src/lib/prisma.ts [app-client] (ecmascript) <locals>

Caused by:
- the chunking context (unknown) does not support external modules (request: node:dns)

Debug info:
- An error occurred while generating the chunk item [project]/src/lib/prisma.ts [app-client] (ecmascript) <locals>
- Execution of <EcmascriptModuleLocalsModule as EcmascriptChunkPlaceable>::chunk_item_content failed
- Execution of *EcmascriptChunkItemContent::new failed
- Execution of EcmascriptModuleContent::new failed
- the chunking context (unknown) does not support external modules (request: node:dns)

Import traces:
  #1 [Server Component]:
    ./src/lib/prisma.ts
    ./src/auth.ts
    ./src/app/layout.tsx

  #2 [Server Component]:
    ./src/lib/prisma.ts
    ./src/lib/appreciation.ts
    ./src/components/home/HomeAppreciationSnippet.tsx
    ./src/app/(public)/page.tsx

  #3 [Server Component]:
    ./src/lib/prisma.ts
    ./src/lib/open-events.ts
    ./src/components/home/HomeOpenEventsChip.tsx
    ./src/app/(public)/layout.tsx

  #4 [Client Component Browser]:
    ./src/lib/prisma.ts [Client Component Browser]
    ./src/lib/open-events.ts [Client Component Browser]
    ./src/components/home/OpenEventsFloatingChip.tsx [Client Component Browser]
    ./src/components/home/OpenEventsFloatingChip.tsx [Server Component]
    ./src/components/home/HomeOpenEventsChip.tsx [Server Component]
    ./src/app/(public)/layout.tsx [Server Component]

  #5 [Client Component SSR]:
    ./src/lib/prisma.ts [Client Component SSR]
    ./src/lib/open-events.ts [Client Component SSR]
    ./src/components/home/OpenEventsFloatingChip.tsx [Client Component SSR]
    ./src/components/home/OpenEventsFloatingChip.tsx [Server Component]
    ./src/components/home/HomeOpenEventsChip.tsx [Server Component]
    ./src/app/(public)/layout.tsx [Server Component] @ http://localhost:3000/_next/static/chunks/node_modules_next_dist_1gdrd03._.js:1945
[    7380ms] [ERROR] ./src/lib/prisma.ts
Code generation for chunk item errored
An error occurred while generating the chunk item [project]/src/lib/prisma.ts [app-client] (ecmascript) <locals>

Caused by:
- the chunking context (unknown) does not support external modules (request: node:dns)

Debug info:
- An error occurred while generating the chunk item [project]/src/lib/prisma.ts [app-client] (ecmascript) <locals>
- Execution of <EcmascriptModuleLocalsModule as EcmascriptChunkPlaceable>::chunk_item_content failed
- Execution of *EcmascriptChunkItemContent::new failed
- Execution of EcmascriptModuleContent::new failed
- the chunking context (unknown) does not support external modules (request: node:dns)

Import traces:
  #1 [Server Component]:
    ./src/lib/prisma.ts
    ./src/auth.ts
    ./src/app/layout.tsx

  #2 [Server Component]:
    ./src/lib/prisma.ts
    ./src/lib/appreciation.ts
    ./src/components/home/HomeAppreciationSnippet.tsx
    ./src/app/(public)/page.tsx

  #3 [Server Component]:
    ./src/lib/prisma.ts
    ./src/lib/open-events.ts
    ./src/components/home/HomeOpenEventsChip.tsx
    ./src/app/(public)/layout.tsx

  #4 [Client Component Browser]:
    ./src/lib/prisma.ts [Client Component Browser]
    ./src/lib/open-events.ts [Client Component Browser]
    ./src/components/home/OpenEventsFloatingChip.tsx [Client Component Browser]
    ./src/components/home/OpenEventsFloatingChip.tsx [Server Component]
    ./src/components/home/HomeOpenEventsChip.tsx [Server Component]
    ./src/app/(public)/layout.tsx [Server Component]

  #5 [Client Component SSR]:
    ./src/lib/prisma.ts [Client Component SSR]
    ./src/lib/open-events.ts [Client Component SSR]
    ./src/components/home/OpenEventsFloatingChip.tsx [Client Component SSR]
    ./src/components/home/OpenEventsFloatingChip.tsx [Server Component]
    ./src/components/home/HomeOpenEventsChip.tsx [Server Component]
    ./src/app/(public)/layout.tsx [Server Component] @ http://localhost:3000/_next/static/chunks/node_modules_next_dist_1gdrd03._.js:1945
[    7443ms] [ERROR] ./src/lib/prisma.ts
Code generation for chunk item errored
An error occurred while generating the chunk item [project]/src/lib/prisma.ts [app-client] (ecmascript) <locals>

Caused by:
- the chunking context (unknown) does not support external modules (request: node:dns)

Debug info:
- An error occurred while generating the chunk item [project]/src/lib/prisma.ts [app-client] (ecmascript) <locals>
- Execution of <EcmascriptModuleLocalsModule as EcmascriptChunkPlaceable>::chunk_item_content failed
- Execution of *EcmascriptChunkItemContent::new failed
- Execution of EcmascriptModuleContent::new failed
- the chunking context (unknown) does not support external modules (request: node:dns)

Import traces:
  #1 [Server Component]:
    ./src/lib/prisma.ts
    ./src/auth.ts
    ./src/app/layout.tsx

  #2 [Server Component]:
    ./src/lib/prisma.ts
    ./src/lib/appreciation.ts
    ./src/components/home/HomeAppreciationSnippet.tsx
    ./src/app/(public)/page.tsx

  #3 [Server Component]:
    ./src/lib/prisma.ts
    ./src/lib/open-events.ts
    ./src/components/home/HomeOpenEventsChip.tsx
    ./src/app/(public)/layout.tsx

  #4 [Client Component Browser]:
    ./src/lib/prisma.ts [Client Component Browser]
    ./src/lib/open-events.ts [Client Component Browser]
    ./src/components/home/OpenEventsFloatingChip.tsx [Client Component Browser]
    ./src/components/home/OpenEventsFloatingChip.tsx [Server Component]
    ./src/components/home/HomeOpenEventsChip.tsx [Server Component]
    ./src/app/(public)/layout.tsx [Server Component]

  #5 [Client Component SSR]:
    ./src/lib/prisma.ts [Client Component SSR]
    ./src/lib/open-events.ts [Client Component SSR]
    ./src/components/home/OpenEventsFloatingChip.tsx [Client Component SSR]
    ./src/components/home/OpenEventsFloatingChip.tsx [Server Component]
    ./src/components/home/HomeOpenEventsChip.tsx [Server Component]
    ./src/app/(public)/layout.tsx [Server Component] @ http://localhost:3000/_next/static/chunks/node_modules_next_dist_1gdrd03._.js:1945
[    7503ms] [ERROR] ./src/lib/prisma.ts
Code generation for chunk item errored
An error occurred while generating the chunk item [project]/src/lib/prisma.ts [app-client] (ecmascript) <locals>

Caused by:
- the chunking context (unknown) does not support external modules (request: node:dns)

Debug info:
- An error occurred while generating the chunk item [project]/src/lib/prisma.ts [app-client] (ecmascript) <locals>
- Execution of <EcmascriptModuleLocalsModule as EcmascriptChunkPlaceable>::chunk_item_content failed
- Execution of *EcmascriptChunkItemContent::new failed
- Execution of EcmascriptModuleContent::new failed
- the chunking context (unknown) does not support external modules (request: node:dns)

Import traces:
  #1 [Server Component]:
    ./src/lib/prisma.ts
    ./src/auth.ts
    ./src/app/layout.tsx

  #2 [Server Component]:
    ./src/lib/prisma.ts
    ./src/lib/appreciation.ts
    ./src/components/home/HomeAppreciationSnippet.tsx
    ./src/app/(public)/page.tsx

  #3 [Server Component]:
    ./src/lib/prisma.ts
    ./src/lib/open-events.ts
    ./src/components/home/HomeOpenEventsChip.tsx
    ./src/app/(public)/layout.tsx

  #4 [Client Component Browser]:
    ./src/lib/prisma.ts [Client Component Browser]
    ./src/lib/open-events.ts [Client Component Browser]
    ./src/components/home/OpenEventsFloatingChip.tsx [Client Component Browser]
    ./src/components/home/OpenEventsFloatingChip.tsx [Server Component]
    ./src/components/home/HomeOpenEventsChip.tsx [Server Component]
    ./src/app/(public)/layout.tsx [Server Component]

  #5 [Client Component SSR]:
    ./src/lib/prisma.ts [Client Component SSR]
    ./src/lib/open-events.ts [Client Component SSR]
    ./src/components/home/OpenEventsFloatingChip.tsx [Client Component SSR]
    ./src/components/home/OpenEventsFloatingChip.tsx [Server Component]
    ./src/components/home/HomeOpenEventsChip.tsx [Server Component]
    ./src/app/(public)/layout.tsx [Server Component] @ http://localhost:3000/_next/static/chunks/node_modules_next_dist_1gdrd03._.js:1945
[    7564ms] [ERROR] ./src/lib/prisma.ts
Code generation for chunk item errored
An error occurred while generating the chunk item [project]/src/lib/prisma.ts [app-client] (ecmascript) <locals>

Caused by:
- the chunking context (unknown) does not support external modules (request: node:dns)

Debug info:
- An error occurred while generating the chunk item [project]/src/lib/prisma.ts [app-client] (ecmascript) <locals>
- Execution of <EcmascriptModuleLocalsModule as EcmascriptChunkPlaceable>::chunk_item_content failed
- Execution of *EcmascriptChunkItemContent::new failed
- Execution of EcmascriptModuleContent::new failed
- the chunking context (unknown) does not support external modules (request: node:dns)

Import traces:
  #1 [Server Component]:
    ./src/lib/prisma.ts
    ./src/auth.ts
    ./src/app/layout.tsx

  #2 [Server Component]:
    ./src/lib/prisma.ts
    ./src/lib/appreciation.ts
    ./src/components/home/HomeAppreciationSnippet.tsx
    ./src/app/(public)/page.tsx

  #3 [Server Component]:
    ./src/lib/prisma.ts
    ./src/lib/open-events.ts
    ./src/components/home/HomeOpenEventsChip.tsx
    ./src/app/(public)/layout.tsx

  #4 [Client Component Browser]:
    ./src/lib/prisma.ts [Client Component Browser]
    ./src/lib/open-events.ts [Client Component Browser]
    ./src/components/home/OpenEventsFloatingChip.tsx [Client Component Browser]
    ./src/components/home/OpenEventsFloatingChip.tsx [Server Component]
    ./src/components/home/HomeOpenEventsChip.tsx [Server Component]
    ./src/app/(public)/layout.tsx [Server Component]

  #5 [Client Component SSR]:
    ./src/lib/prisma.ts [Client Component SSR]
    ./src/lib/open-events.ts [Client Component SSR]
    ./src/components/home/OpenEventsFloatingChip.tsx [Client Component SSR]
    ./src/components/home/OpenEventsFloatingChip.tsx [Server Component]
    ./src/components/home/HomeOpenEventsChip.tsx [Server Component]
    ./src/app/(public)/layout.tsx [Server Component] @ http://localhost:3000/_next/static/chunks/node_modules_next_dist_1gdrd03._.js:1945
[    7628ms] [ERROR] ./src/lib/prisma.ts
Code generation for chunk item errored
An error occurred while generating the chunk item [project]/src/lib/prisma.ts [app-client] (ecmascript) <locals>

Caused by:
- the chunking context (unknown) does not support external modules (request: node:dns)

Debug info:
- An error occurred while generating the chunk item [project]/src/lib/prisma.ts [app-client] (ecmascript) <locals>
- Execution of <EcmascriptModuleLocalsModule as EcmascriptChunkPlaceable>::chunk_item_content failed
- Execution of *EcmascriptChunkItemContent::new failed
- Execution of EcmascriptModuleContent::new failed
- the chunking context (unknown) does not support external modules (request: node:dns)

Import traces:
  #1 [Server Component]:
    ./src/lib/prisma.ts
    ./src/auth.ts
    ./src/app/layout.tsx

  #2 [Server Component]:
    ./src/lib/prisma.ts
    ./src/lib/appreciation.ts
    ./src/components/home/HomeAppreciationSnippet.tsx
    ./src/app/(public)/page.tsx

  #3 [Server Component]:
    ./src/lib/prisma.ts
    ./src/lib/open-events.ts
    ./src/components/home/HomeOpenEventsChip.tsx
    ./src/app/(public)/layout.tsx

  #4 [Client Component Browser]:
    ./src/lib/prisma.ts [Client Component Browser]
    ./src/lib/open-events.ts [Client Component Browser]
    ./src/components/home/OpenEventsFloatingChip.tsx [Client Component Browser]
    ./src/components/home/OpenEventsFloatingChip.tsx [Server Component]
    ./src/components/home/HomeOpenEventsChip.tsx [Server Component]
    ./src/app/(public)/layout.tsx [Server Component]

  #5 [Client Component SSR]:
    ./src/lib/prisma.ts [Client Component SSR]
    ./src/lib/open-events.ts [Client Component SSR]
    ./src/components/home/OpenEventsFloatingChip.tsx [Client Component SSR]
    ./src/components/home/OpenEventsFloatingChip.tsx [Server Component]
    ./src/components/home/HomeOpenEventsChip.tsx [Server Component]
    ./src/app/(public)/layout.tsx [Server Component] @ http://localhost:3000/_next/static/chunks/node_modules_next_dist_1gdrd03._.js:1945
[    7690ms] [ERROR] ./src/lib/prisma.ts
Code generation for chunk item errored
An error occurred while generating the chunk item [project]/src/lib/prisma.ts [app-client] (ecmascript) <locals>

Caused by:
- the chunking context (unknown) does not support external modules (request: node:dns)

Debug info:
- An error occurred while generating the chunk item [project]/src/lib/prisma.ts [app-client] (ecmascript) <locals>
- Execution of <EcmascriptModuleLocalsModule as EcmascriptChunkPlaceable>::chunk_item_content failed
- Execution of *EcmascriptChunkItemContent::new failed
- Execution of EcmascriptModuleContent::new failed
- the chunking context (unknown) does not support external modules (request: node:dns)

Import traces:
  #1 [Server Component]:
    ./src/lib/prisma.ts
    ./src/auth.ts
    ./src/app/layout.tsx

  #2 [Server Component]:
    ./src/lib/prisma.ts
    ./src/lib/appreciation.ts
    ./src/components/home/HomeAppreciationSnippet.tsx
    ./src/app/(public)/page.tsx

  #3 [Server Component]:
    ./src/lib/prisma.ts
    ./src/lib/open-events.ts
    ./src/components/home/HomeOpenEventsChip.tsx
    ./src/app/(public)/layout.tsx

  #4 [Client Component Browser]:
    ./src/lib/prisma.ts [Client Component Browser]
    ./src/lib/open-events.ts [Client Component Browser]
    ./src/components/home/OpenEventsFloatingChip.tsx [Client Component Browser]
    ./src/components/home/OpenEventsFloatingChip.tsx [Server Component]
    ./src/components/home/HomeOpenEventsChip.tsx [Server Component]
    ./src/app/(public)/layout.tsx [Server Component]

  #5 [Client Component SSR]:
    ./src/lib/prisma.ts [Client Component SSR]
    ./src/lib/open-events.ts [Client Component SSR]
    ./src/components/home/OpenEventsFloatingChip.tsx [Client Component SSR]
    ./src/components/home/OpenEventsFloatingChip.tsx [Server Component]
    ./src/components/home/HomeOpenEventsChip.tsx [Server Component]
    ./src/app/(public)/layout.tsx [Server Component] @ http://localhost:3000/_next/static/chunks/node_modules_next_dist_1gdrd03._.js:1945
[    7753ms] [ERROR] ./src/lib/prisma.ts
Code generation for chunk item errored
An error occurred while generating the chunk item [project]/src/lib/prisma.ts [app-client] (ecmascript) <locals>

Caused by:
- the chunking context (unknown) does not support external modules (request: node:dns)

Debug info:
- An error occurred while generating the chunk item [project]/src/lib/prisma.ts [app-client] (ecmascript) <locals>
- Execution of <EcmascriptModuleLocalsModule as EcmascriptChunkPlaceable>::chunk_item_content failed
- Execution of *EcmascriptChunkItemContent::new failed
- Execution of EcmascriptModuleContent::new failed
- the chunking context (unknown) does not support external modules (request: node:dns)

Import traces:
  #1 [Server Component]:
    ./src/lib/prisma.ts
    ./src/auth.ts
    ./src/app/layout.tsx

  #2 [Server Component]:
    ./src/lib/prisma.ts
    ./src/lib/appreciation.ts
    ./src/components/home/HomeAppreciationSnippet.tsx
    ./src/app/(public)/page.tsx

  #3 [Server Component]:
    ./src/lib/prisma.ts
    ./src/lib/open-events.ts
    ./src/components/home/HomeOpenEventsChip.tsx
    ./src/app/(public)/layout.tsx

  #4 [Client Component Browser]:
    ./src/lib/prisma.ts [Client Component Browser]
    ./src/lib/open-events.ts [Client Component Browser]
    ./src/components/home/OpenEventsFloatingChip.tsx [Client Component Browser]
    ./src/components/home/OpenEventsFloatingChip.tsx [Server Component]
    ./src/components/home/HomeOpenEventsChip.tsx [Server Component]
    ./src/app/(public)/layout.tsx [Server Component]

  #5 [Client Component SSR]:
    ./src/lib/prisma.ts [Client Component SSR]
    ./src/lib/open-events.ts [Client Component SSR]
    ./src/components/home/OpenEventsFloatingChip.tsx [Client Component SSR]
    ./src/components/home/OpenEventsFloatingChip.tsx [Server Component]
    ./src/components/home/HomeOpenEventsChip.tsx [Server Component]
    ./src/app/(public)/layout.tsx [Server Component] @ http://localhost:3000/_next/static/chunks/node_modules_next_dist_1gdrd03._.js:1945
[    7815ms] [ERROR] ./src/lib/prisma.ts
Code generation for chunk item errored
An error occurred while generating the chunk item [project]/src/lib/prisma.ts [app-client] (ecmascript) <locals>

Caused by:
- the chunking context (unknown) does not support external modules (request: node:dns)

Debug info:
- An error occurred while generating the chunk item [project]/src/lib/prisma.ts [app-client] (ecmascript) <locals>
- Execution of <EcmascriptModuleLocalsModule as EcmascriptChunkPlaceable>::chunk_item_content failed
- Execution of *EcmascriptChunkItemContent::new failed
- Execution of EcmascriptModuleContent::new failed
- the chunking context (unknown) does not support external modules (request: node:dns)

Import traces:
  #1 [Server Component]:
    ./src/lib/prisma.ts
    ./src/auth.ts
    ./src/app/layout.tsx

  #2 [Server Component]:
    ./src/lib/prisma.ts
    ./src/lib/appreciation.ts
    ./src/components/home/HomeAppreciationSnippet.tsx
    ./src/app/(public)/page.tsx

  #3 [Server Component]:
    ./src/lib/prisma.ts
    ./src/lib/open-events.ts
    ./src/components/home/HomeOpenEventsChip.tsx
    ./src/app/(public)/layout.tsx

  #4 [Client Component Browser]:
    ./src/lib/prisma.ts [Client Component Browser]
    ./src/lib/open-events.ts [Client Component Browser]
    ./src/components/home/OpenEventsFloatingChip.tsx [Client Component Browser]
    ./src/components/home/OpenEventsFloatingChip.tsx [Server Component]
    ./src/components/home/HomeOpenEventsChip.tsx [Server Component]
    ./src/app/(public)/layout.tsx [Server Component]

  #5 [Client Component SSR]:
    ./src/lib/prisma.ts [Client Component SSR]
    ./src/lib/open-events.ts [Client Component SSR]
    ./src/components/home/OpenEventsFloatingChip.tsx [Client Component SSR]
    ./src/components/home/OpenEventsFloatingChip.tsx [Server Component]
    ./src/components/home/HomeOpenEventsChip.tsx [Server Component]
    ./src/app/(public)/layout.tsx [Server Component] @ http://localhost:3000/_next/static/chunks/node_modules_next_dist_1gdrd03._.js:1945
[    7875ms] [ERROR] ./src/lib/prisma.ts
Code generation for chunk item errored
An error occurred while generating the chunk item [project]/src/lib/prisma.ts [app-client] (ecmascript) <locals>

Caused by:
- the chunking context (unknown) does not support external modules (request: node:dns)

Debug info:
- An error occurred while generating the chunk item [project]/src/lib/prisma.ts [app-client] (ecmascript) <locals>
- Execution of <EcmascriptModuleLocalsModule as EcmascriptChunkPlaceable>::chunk_item_content failed
- Execution of *EcmascriptChunkItemContent::new failed
- Execution of EcmascriptModuleContent::new failed
- the chunking context (unknown) does not support external modules (request: node:dns)

Import traces:
  #1 [Server Component]:
    ./src/lib/prisma.ts
    ./src/auth.ts
    ./src/app/layout.tsx

  #2 [Server Component]:
    ./src/lib/prisma.ts
    ./src/lib/appreciation.ts
    ./src/components/home/HomeAppreciationSnippet.tsx
    ./src/app/(public)/page.tsx

  #3 [Server Component]:
    ./src/lib/prisma.ts
    ./src/lib/open-events.ts
    ./src/components/home/HomeOpenEventsChip.tsx
    ./src/app/(public)/layout.tsx

  #4 [Client Component Browser]:
    ./src/lib/prisma.ts [Client Component Browser]
    ./src/lib/open-events.ts [Client Component Browser]
    ./src/components/home/OpenEventsFloatingChip.tsx [Client Component Browser]
    ./src/components/home/OpenEventsFloatingChip.tsx [Server Component]
    ./src/components/home/HomeOpenEventsChip.tsx [Server Component]
    ./src/app/(public)/layout.tsx [Server Component]

  #5 [Client Component SSR]:
    ./src/lib/prisma.ts [Client Component SSR]
    ./src/lib/open-events.ts [Client Component SSR]
    ./src/components/home/OpenEventsFloatingChip.tsx [Client Component SSR]
    ./src/components/home/OpenEventsFloatingChip.tsx [Server Component]
    ./src/components/home/HomeOpenEventsChip.tsx [Server Component]
    ./src/app/(public)/layout.tsx [Server Component] @ http://localhost:3000/_next/static/chunks/node_modules_next_dist_1gdrd03._.js:1945
[    7937ms] [ERROR] ./src/lib/prisma.ts
Code generation for chunk item errored
An error occurred while generating the chunk item [project]/src/lib/prisma.ts [app-client] (ecmascript) <locals>

Caused by:
- the chunking context (unknown) does not support external modules (request: node:dns)

Debug info:
- An error occurred while generating the chunk item [project]/src/lib/prisma.ts [app-client] (ecmascript) <locals>
- Execution of <EcmascriptModuleLocalsModule as EcmascriptChunkPlaceable>::chunk_item_content failed
- Execution of *EcmascriptChunkItemContent::new failed
- Execution of EcmascriptModuleContent::new failed
- the chunking context (unknown) does not support external modules (request: node:dns)

Import traces:
  #1 [Server Component]:
    ./src/lib/prisma.ts
    ./src/auth.ts
    ./src/app/layout.tsx

  #2 [Server Component]:
    ./src/lib/prisma.ts
    ./src/lib/appreciation.ts
    ./src/components/home/HomeAppreciationSnippet.tsx
    ./src/app/(public)/page.tsx

  #3 [Server Component]:
    ./src/lib/prisma.ts
    ./src/lib/open-events.ts
    ./src/components/home/HomeOpenEventsChip.tsx
    ./src/app/(public)/layout.tsx

  #4 [Client Component Browser]:
    ./src/lib/prisma.ts [Client Component Browser]
    ./src/lib/open-events.ts [Client Component Browser]
    ./src/components/home/OpenEventsFloatingChip.tsx [Client Component Browser]
    ./src/components/home/OpenEventsFloatingChip.tsx [Server Component]
    ./src/components/home/HomeOpenEventsChip.tsx [Server Component]
    ./src/app/(public)/layout.tsx [Server Component]

  #5 [Client Component SSR]:
    ./src/lib/prisma.ts [Client Component SSR]
    ./src/lib/open-events.ts [Client Component SSR]
    ./src/components/home/OpenEventsFloatingChip.tsx [Client Component SSR]
    ./src/components/home/OpenEventsFloatingChip.tsx [Server Component]
    ./src/components/home/HomeOpenEventsChip.tsx [Server Component]
    ./src/app/(public)/layout.tsx [Server Component] @ http://localhost:3000/_next/static/chunks/node_modules_next_dist_1gdrd03._.js:1945
[    7999ms] [ERROR] ./src/lib/prisma.ts
Code generation for chunk item errored
An error occurred while generating the chunk item [project]/src/lib/prisma.ts [app-client] (ecmascript) <locals>

Caused by:
- the chunking context (unknown) does not support external modules (request: node:dns)

Debug info:
- An error occurred while generating the chunk item [project]/src/lib/prisma.ts [app-client] (ecmascript) <locals>
- Execution of <EcmascriptModuleLocalsModule as EcmascriptChunkPlaceable>::chunk_item_content failed
- Execution of *EcmascriptChunkItemContent::new failed
- Execution of EcmascriptModuleContent::new failed
- the chunking context (unknown) does not support external modules (request: node:dns)

Import traces:
  #1 [Server Component]:
    ./src/lib/prisma.ts
    ./src/auth.ts
    ./src/app/layout.tsx

  #2 [Server Component]:
    ./src/lib/prisma.ts
    ./src/lib/appreciation.ts
    ./src/components/home/HomeAppreciationSnippet.tsx
    ./src/app/(public)/page.tsx

  #3 [Server Component]:
    ./src/lib/prisma.ts
    ./src/lib/open-events.ts
    ./src/components/home/HomeOpenEventsChip.tsx
    ./src/app/(public)/layout.tsx

  #4 [Client Component Browser]:
    ./src/lib/prisma.ts [Client Component Browser]
    ./src/lib/open-events.ts [Client Component Browser]
    ./src/components/home/OpenEventsFloatingChip.tsx [Client Component Browser]
    ./src/components/home/OpenEventsFloatingChip.tsx [Server Component]
    ./src/components/home/HomeOpenEventsChip.tsx [Server Component]
    ./src/app/(public)/layout.tsx [Server Component]

  #5 [Client Component SSR]:
    ./src/lib/prisma.ts [Client Component SSR]
    ./src/lib/open-events.ts [Client Component SSR]
    ./src/components/home/OpenEventsFloatingChip.tsx [Client Component SSR]
    ./src/components/home/OpenEventsFloatingChip.tsx [Server Component]
    ./src/components/home/HomeOpenEventsChip.tsx [Server Component]
    ./src/app/(public)/layout.tsx [Server Component] @ http://localhost:3000/_next/static/chunks/node_modules_next_dist_1gdrd03._.js:1945
[    8062ms] [ERROR] ./src/lib/prisma.ts
Code generation for chunk item errored
An error occurred while generating the chunk item [project]/src/lib/prisma.ts [app-client] (ecmascript) <locals>

Caused by:
- the chunking context (unknown) does not support external modules (request: node:dns)

Debug info:
- An error occurred while generating the chunk item [project]/src/lib/prisma.ts [app-client] (ecmascript) <locals>
- Execution of <EcmascriptModuleLocalsModule as EcmascriptChunkPlaceable>::chunk_item_content failed
- Execution of *EcmascriptChunkItemContent::new failed
- Execution of EcmascriptModuleContent::new failed
- the chunking context (unknown) does not support external modules (request: node:dns)

Import traces:
  #1 [Server Component]:
    ./src/lib/prisma.ts
    ./src/auth.ts
    ./src/app/layout.tsx

  #2 [Server Component]:
    ./src/lib/prisma.ts
    ./src/lib/appreciation.ts
    ./src/components/home/HomeAppreciationSnippet.tsx
    ./src/app/(public)/page.tsx

  #3 [Server Component]:
    ./src/lib/prisma.ts
    ./src/lib/open-events.ts
    ./src/components/home/HomeOpenEventsChip.tsx
    ./src/app/(public)/layout.tsx

  #4 [Client Component Browser]:
    ./src/lib/prisma.ts [Client Component Browser]
    ./src/lib/open-events.ts [Client Component Browser]
    ./src/components/home/OpenEventsFloatingChip.tsx [Client Component Browser]
    ./src/components/home/OpenEventsFloatingChip.tsx [Server Component]
    ./src/components/home/HomeOpenEventsChip.tsx [Server Component]
    ./src/app/(public)/layout.tsx [Server Component]

  #5 [Client Component SSR]:
    ./src/lib/prisma.ts [Client Component SSR]
    ./src/lib/open-events.ts [Client Component SSR]
    ./src/components/home/OpenEventsFloatingChip.tsx [Client Component SSR]
    ./src/components/home/OpenEventsFloatingChip.tsx [Server Component]
    ./src/components/home/HomeOpenEventsChip.tsx [Server Component]
    ./src/app/(public)/layout.tsx [Server Component] @ http://localhost:3000/_next/static/chunks/node_modules_next_dist_1gdrd03._.js:1945
[    8124ms] [ERROR] ./src/lib/prisma.ts
Code generation for chunk item errored
An error occurred while generating the chunk item [project]/src/lib/prisma.ts [app-client] (ecmascript) <locals>

Caused by:
- the chunking context (unknown) does not support external modules (request: node:dns)

Debug info:
- An error occurred while generating the chunk item [project]/src/lib/prisma.ts [app-client] (ecmascript) <locals>
- Execution of <EcmascriptModuleLocalsModule as EcmascriptChunkPlaceable>::chunk_item_content failed
- Execution of *EcmascriptChunkItemContent::new failed
- Execution of EcmascriptModuleContent::new failed
- the chunking context (unknown) does not support external modules (request: node:dns)

Import traces:
  #1 [Server Component]:
    ./src/lib/prisma.ts
    ./src/auth.ts
    ./src/app/layout.tsx

  #2 [Server Component]:
    ./src/lib/prisma.ts
    ./src/lib/appreciation.ts
    ./src/components/home/HomeAppreciationSnippet.tsx
    ./src/app/(public)/page.tsx

  #3 [Server Component]:
    ./src/lib/prisma.ts
    ./src/lib/open-events.ts
    ./src/components/home/HomeOpenEventsChip.tsx
    ./src/app/(public)/layout.tsx

  #4 [Client Component Browser]:
    ./src/lib/prisma.ts [Client Component Browser]
    ./src/lib/open-events.ts [Client Component Browser]
    ./src/components/home/OpenEventsFloatingChip.tsx [Client Component Browser]
    ./src/components/home/OpenEventsFloatingChip.tsx [Server Component]
    ./src/components/home/HomeOpenEventsChip.tsx [Server Component]
    ./src/app/(public)/layout.tsx [Server Component]

  #5 [Client Component SSR]:
    ./src/lib/prisma.ts [Client Component SSR]
    ./src/lib/open-events.ts [Client Component SSR]
    ./src/components/home/OpenEventsFloatingChip.tsx [Client Component SSR]
    ./src/components/home/OpenEventsFloatingChip.tsx [Server Component]
    ./src/components/home/HomeOpenEventsChip.tsx [Server Component]
    ./src/app/(public)/layout.tsx [Server Component] @ http://localhost:3000/_next/static/chunks/node_modules_next_dist_1gdrd03._.js:1945
[    8186ms] [ERROR] ./src/lib/prisma.ts
Code generation for chunk item errored
An error occurred while generating the chunk item [project]/src/lib/prisma.ts [app-client] (ecmascript) <locals>

Caused by:
- the chunking context (unknown) does not support external modules (request: node:dns)

Debug info:
- An error occurred while generating the chunk item [project]/src/lib/prisma.ts [app-client] (ecmascript) <locals>
- Execution of <EcmascriptModuleLocalsModule as EcmascriptChunkPlaceable>::chunk_item_content failed
- Execution of *EcmascriptChunkItemContent::new failed
- Execution of EcmascriptModuleContent::new failed
- the chunking context (unknown) does not support external modules (request: node:dns)

Import traces:
  #1 [Server Component]:
    ./src/lib/prisma.ts
    ./src/auth.ts
    ./src/app/layout.tsx

  #2 [Server Component]:
    ./src/lib/prisma.ts
    ./src/lib/appreciation.ts
    ./src/components/home/HomeAppreciationSnippet.tsx
    ./src/app/(public)/page.tsx

  #3 [Server Component]:
    ./src/lib/prisma.ts
    ./src/lib/open-events.ts
    ./src/components/home/HomeOpenEventsChip.tsx
    ./src/app/(public)/layout.tsx

  #4 [Client Component Browser]:
    ./src/lib/prisma.ts [Client Component Browser]
    ./src/lib/open-events.ts [Client Component Browser]
    ./src/components/home/OpenEventsFloatingChip.tsx [Client Component Browser]
    ./src/components/home/OpenEventsFloatingChip.tsx [Server Component]
    ./src/components/home/HomeOpenEventsChip.tsx [Server Component]
    ./src/app/(public)/layout.tsx [Server Component]

  #5 [Client Component SSR]:
    ./src/lib/prisma.ts [Client Component SSR]
    ./src/lib/open-events.ts [Client Component SSR]
    ./src/components/home/OpenEventsFloatingChip.tsx [Client Component SSR]
    ./src/components/home/OpenEventsFloatingChip.tsx [Server Component]
    ./src/components/home/HomeOpenEventsChip.tsx [Server Component]
    ./src/app/(public)/layout.tsx [Server Component] @ http://localhost:3000/_next/static/chunks/node_modules_next_dist_1gdrd03._.js:1945
[    8247ms] [ERROR] ./src/lib/prisma.ts
Code generation for chunk item errored
An error occurred while generating the chunk item [project]/src/lib/prisma.ts [app-client] (ecmascript) <locals>

Caused by:
- the chunking context (unknown) does not support external modules (request: node:dns)

Debug info:
- An error occurred while generating the chunk item [project]/src/lib/prisma.ts [app-client] (ecmascript) <locals>
- Execution of <EcmascriptModuleLocalsModule as EcmascriptChunkPlaceable>::chunk_item_content failed
- Execution of *EcmascriptChunkItemContent::new failed
- Execution of EcmascriptModuleContent::new failed
- the chunking context (unknown) does not support external modules (request: node:dns)

Import traces:
  #1 [Server Component]:
    ./src/lib/prisma.ts
    ./src/auth.ts
    ./src/app/layout.tsx

  #2 [Server Component]:
    ./src/lib/prisma.ts
    ./src/lib/appreciation.ts
    ./src/components/home/HomeAppreciationSnippet.tsx
    ./src/app/(public)/page.tsx

  #3 [Server Component]:
    ./src/lib/prisma.ts
    ./src/lib/open-events.ts
    ./src/components/home/HomeOpenEventsChip.tsx
    ./src/app/(public)/layout.tsx

  #4 [Client Component Browser]:
    ./src/lib/prisma.ts [Client Component Browser]
    ./src/lib/open-events.ts [Client Component Browser]
    ./src/components/home/OpenEventsFloatingChip.tsx [Client Component Browser]
    ./src/components/home/OpenEventsFloatingChip.tsx [Server Component]
    ./src/components/home/HomeOpenEventsChip.tsx [Server Component]
    ./src/app/(public)/layout.tsx [Server Component]

  #5 [Client Component SSR]:
    ./src/lib/prisma.ts [Client Component SSR]
    ./src/lib/open-events.ts [Client Component SSR]
    ./src/components/home/OpenEventsFloatingChip.tsx [Client Component SSR]
    ./src/components/home/OpenEventsFloatingChip.tsx [Server Component]
    ./src/components/home/HomeOpenEventsChip.tsx [Server Component]
    ./src/app/(public)/layout.tsx [Server Component] @ http://localhost:3000/_next/static/chunks/node_modules_next_dist_1gdrd03._.js:1945
[    8309ms] [ERROR] ./src/lib/prisma.ts
Code generation for chunk item errored
An error occurred while generating the chunk item [project]/src/lib/prisma.ts [app-client] (ecmascript) <locals>

Caused by:
- the chunking context (unknown) does not support external modules (request: node:dns)

Debug info:
- An error occurred while generating the chunk item [project]/src/lib/prisma.ts [app-client] (ecmascript) <locals>
- Execution of <EcmascriptModuleLocalsModule as EcmascriptChunkPlaceable>::chunk_item_content failed
- Execution of *EcmascriptChunkItemContent::new failed
- Execution of EcmascriptModuleContent::new failed
- the chunking context (unknown) does not support external modules (request: node:dns)

Import traces:
  #1 [Server Component]:
    ./src/lib/prisma.ts
    ./src/auth.ts
    ./src/app/layout.tsx

  #2 [Server Component]:
    ./src/lib/prisma.ts
    ./src/lib/appreciation.ts
    ./src/components/home/HomeAppreciationSnippet.tsx
    ./src/app/(public)/page.tsx

  #3 [Server Component]:
    ./src/lib/prisma.ts
    ./src/lib/open-events.ts
    ./src/components/home/HomeOpenEventsChip.tsx
    ./src/app/(public)/layout.tsx

  #4 [Client Component Browser]:
    ./src/lib/prisma.ts [Client Component Browser]
    ./src/lib/open-events.ts [Client Component Browser]
    ./src/components/home/OpenEventsFloatingChip.tsx [Client Component Browser]
    ./src/components/home/OpenEventsFloatingChip.tsx [Server Component]
    ./src/components/home/HomeOpenEventsChip.tsx [Server Component]
    ./src/app/(public)/layout.tsx [Server Component]

  #5 [Client Component SSR]:
    ./src/lib/prisma.ts [Client Component SSR]
    ./src/lib/open-events.ts [Client Component SSR]
    ./src/components/home/OpenEventsFloatingChip.tsx [Client Component SSR]
    ./src/components/home/OpenEventsFloatingChip.tsx [Server Component]
    ./src/components/home/HomeOpenEventsChip.tsx [Server Component]
    ./src/app/(public)/layout.tsx [Server Component] @ http://localhost:3000/_next/static/chunks/node_modules_next_dist_1gdrd03._.js:1945
[    8371ms] [ERROR] ./src/lib/prisma.ts
Code generation for chunk item errored
An error occurred while generating the chunk item [project]/src/lib/prisma.ts [app-client] (ecmascript) <locals>

Caused by:
- the chunking context (unknown) does not support external modules (request: node:dns)

Debug info:
- An error occurred while generating the chunk item [project]/src/lib/prisma.ts [app-client] (ecmascript) <locals>
- Execution of <EcmascriptModuleLocalsModule as EcmascriptChunkPlaceable>::chunk_item_content failed
- Execution of *EcmascriptChunkItemContent::new failed
- Execution of EcmascriptModuleContent::new failed
- the chunking context (unknown) does not support external modules (request: node:dns)

Import traces:
  #1 [Server Component]:
    ./src/lib/prisma.ts
    ./src/auth.ts
    ./src/app/layout.tsx

  #2 [Server Component]:
    ./src/lib/prisma.ts
    ./src/lib/appreciation.ts
    ./src/components/home/HomeAppreciationSnippet.tsx
    ./src/app/(public)/page.tsx

  #3 [Server Component]:
    ./src/lib/prisma.ts
    ./src/lib/open-events.ts
    ./src/components/home/HomeOpenEventsChip.tsx
    ./src/app/(public)/layout.tsx

  #4 [Client Component Browser]:
    ./src/lib/prisma.ts [Client Component Browser]
    ./src/lib/open-events.ts [Client Component Browser]
    ./src/components/home/OpenEventsFloatingChip.tsx [Client Component Browser]
    ./src/components/home/OpenEventsFloatingChip.tsx [Server Component]
    ./src/components/home/HomeOpenEventsChip.tsx [Server Component]
    ./src/app/(public)/layout.tsx [Server Component]

  #5 [Client Component SSR]:
    ./src/lib/prisma.ts [Client Component SSR]
    ./src/lib/open-events.ts [Client Component SSR]
    ./src/components/home/OpenEventsFloatingChip.tsx [Client Component SSR]
    ./src/components/home/OpenEventsFloatingChip.tsx [Server Component]
    ./src/components/home/HomeOpenEventsChip.tsx [Server Component]
    ./src/app/(public)/layout.tsx [Server Component] @ http://localhost:3000/_next/static/chunks/node_modules_next_dist_1gdrd03._.js:1945
[    8433ms] [ERROR] ./src/lib/prisma.ts
Code generation for chunk item errored
An error occurred while generating the chunk item [project]/src/lib/prisma.ts [app-client] (ecmascript) <locals>

Caused by:
- the chunking context (unknown) does not support external modules (request: node:dns)

Debug info:
- An error occurred while generating the chunk item [project]/src/lib/prisma.ts [app-client] (ecmascript) <locals>
- Execution of <EcmascriptModuleLocalsModule as EcmascriptChunkPlaceable>::chunk_item_content failed
- Execution of *EcmascriptChunkItemContent::new failed
- Execution of EcmascriptModuleContent::new failed
- the chunking context (unknown) does not support external modules (request: node:dns)

Import traces:
  #1 [Server Component]:
    ./src/lib/prisma.ts
    ./src/auth.ts
    ./src/app/layout.tsx

  #2 [Server Component]:
    ./src/lib/prisma.ts
    ./src/lib/appreciation.ts
    ./src/components/home/HomeAppreciationSnippet.tsx
    ./src/app/(public)/page.tsx

  #3 [Server Component]:
    ./src/lib/prisma.ts
    ./src/lib/open-events.ts
    ./src/components/home/HomeOpenEventsChip.tsx
    ./src/app/(public)/layout.tsx

  #4 [Client Component Browser]:
    ./src/lib/prisma.ts [Client Component Browser]
    ./src/lib/open-events.ts [Client Component Browser]
    ./src/components/home/OpenEventsFloatingChip.tsx [Client Component Browser]
    ./src/components/home/OpenEventsFloatingChip.tsx [Server Component]
    ./src/components/home/HomeOpenEventsChip.tsx [Server Component]
    ./src/app/(public)/layout.tsx [Server Component]

  #5 [Client Component SSR]:
    ./src/lib/prisma.ts [Client Component SSR]
    ./src/lib/open-events.ts [Client Component SSR]
    ./src/components/home/OpenEventsFloatingChip.tsx [Client Component SSR]
    ./src/components/home/OpenEventsFloatingChip.tsx [Server Component]
    ./src/components/home/HomeOpenEventsChip.tsx [Server Component]
    ./src/app/(public)/layout.tsx [Server Component] @ http://localhost:3000/_next/static/chunks/node_modules_next_dist_1gdrd03._.js:1945
[    8495ms] [ERROR] ./src/lib/prisma.ts
Code generation for chunk item errored
An error occurred while generating the chunk item [project]/src/lib/prisma.ts [app-client] (ecmascript) <locals>

Caused by:
- the chunking context (unknown) does not support external modules (request: node:dns)

Debug info:
- An error occurred while generating the chunk item [project]/src/lib/prisma.ts [app-client] (ecmascript) <locals>
- Execution of <EcmascriptModuleLocalsModule as EcmascriptChunkPlaceable>::chunk_item_content failed
- Execution of *EcmascriptChunkItemContent::new failed
- Execution of EcmascriptModuleContent::new failed
- the chunking context (unknown) does not support external modules (request: node:dns)

Import traces:
  #1 [Server Component]:
    ./src/lib/prisma.ts
    ./src/auth.ts
    ./src/app/layout.tsx

  #2 [Server Component]:
    ./src/lib/prisma.ts
    ./src/lib/appreciation.ts
    ./src/components/home/HomeAppreciationSnippet.tsx
    ./src/app/(public)/page.tsx

  #3 [Server Component]:
    ./src/lib/prisma.ts
    ./src/lib/open-events.ts
    ./src/components/home/HomeOpenEventsChip.tsx
    ./src/app/(public)/layout.tsx

  #4 [Client Component Browser]:
    ./src/lib/prisma.ts [Client Component Browser]
    ./src/lib/open-events.ts [Client Component Browser]
    ./src/components/home/OpenEventsFloatingChip.tsx [Client Component Browser]
    ./src/components/home/OpenEventsFloatingChip.tsx [Server Component]
    ./src/components/home/HomeOpenEventsChip.tsx [Server Component]
    ./src/app/(public)/layout.tsx [Server Component]

  #5 [Client Component SSR]:
    ./src/lib/prisma.ts [Client Component SSR]
    ./src/lib/open-events.ts [Client Component SSR]
    ./src/components/home/OpenEventsFloatingChip.tsx [Client Component SSR]
    ./src/components/home/OpenEventsFloatingChip.tsx [Server Component]
    ./src/components/home/HomeOpenEventsChip.tsx [Server Component]
    ./src/app/(public)/layout.tsx [Server Component] @ http://localhost:3000/_next/static/chunks/node_modules_next_dist_1gdrd03._.js:1945
[    8558ms] [ERROR] ./src/lib/prisma.ts
Code generation for chunk item errored
An error occurred while generating the chunk item [project]/src/lib/prisma.ts [app-client] (ecmascript) <locals>

Caused by:
- the chunking context (unknown) does not support external modules (request: node:dns)

Debug info:
- An error occurred while generating the chunk item [project]/src/lib/prisma.ts [app-client] (ecmascript) <locals>
- Execution of <EcmascriptModuleLocalsModule as EcmascriptChunkPlaceable>::chunk_item_content failed
- Execution of *EcmascriptChunkItemContent::new failed
- Execution of EcmascriptModuleContent::new failed
- the chunking context (unknown) does not support external modules (request: node:dns)

Import traces:
  #1 [Server Component]:
    ./src/lib/prisma.ts
    ./src/auth.ts
    ./src/app/layout.tsx

  #2 [Server Component]:
    ./src/lib/prisma.ts
    ./src/lib/appreciation.ts
    ./src/components/home/HomeAppreciationSnippet.tsx
    ./src/app/(public)/page.tsx

  #3 [Server Component]:
    ./src/lib/prisma.ts
    ./src/lib/open-events.ts
    ./src/components/home/HomeOpenEventsChip.tsx
    ./src/app/(public)/layout.tsx

  #4 [Client Component Browser]:
    ./src/lib/prisma.ts [Client Component Browser]
    ./src/lib/open-events.ts [Client Component Browser]
    ./src/components/home/OpenEventsFloatingChip.tsx [Client Component Browser]
    ./src/components/home/OpenEventsFloatingChip.tsx [Server Component]
    ./src/components/home/HomeOpenEventsChip.tsx [Server Component]
    ./src/app/(public)/layout.tsx [Server Component]

  #5 [Client Component SSR]:
    ./src/lib/prisma.ts [Client Component SSR]
    ./src/lib/open-events.ts [Client Component SSR]
    ./src/components/home/OpenEventsFloatingChip.tsx [Client Component SSR]
    ./src/components/home/OpenEventsFloatingChip.tsx [Server Component]
    ./src/components/home/HomeOpenEventsChip.tsx [Server Component]
    ./src/app/(public)/layout.tsx [Server Component] @ http://localhost:3000/_next/static/chunks/node_modules_next_dist_1gdrd03._.js:1945
[    8621ms] [ERROR] ./src/lib/prisma.ts
Code generation for chunk item errored
An error occurred while generating the chunk item [project]/src/lib/prisma.ts [app-client] (ecmascript) <locals>

Caused by:
- the chunking context (unknown) does not support external modules (request: node:dns)

Debug info:
- An error occurred while generating the chunk item [project]/src/lib/prisma.ts [app-client] (ecmascript) <locals>
- Execution of <EcmascriptModuleLocalsModule as EcmascriptChunkPlaceable>::chunk_item_content failed
- Execution of *EcmascriptChunkItemContent::new failed
- Execution of EcmascriptModuleContent::new failed
- the chunking context (unknown) does not support external modules (request: node:dns)

Import traces:
  #1 [Server Component]:
    ./src/lib/prisma.ts
    ./src/auth.ts
    ./src/app/layout.tsx

  #2 [Server Component]:
    ./src/lib/prisma.ts
    ./src/lib/appreciation.ts
    ./src/components/home/HomeAppreciationSnippet.tsx
    ./src/app/(public)/page.tsx

  #3 [Server Component]:
    ./src/lib/prisma.ts
    ./src/lib/open-events.ts
    ./src/components/home/HomeOpenEventsChip.tsx
    ./src/app/(public)/layout.tsx

  #4 [Client Component Browser]:
    ./src/lib/prisma.ts [Client Component Browser]
    ./src/lib/open-events.ts [Client Component Browser]
    ./src/components/home/OpenEventsFloatingChip.tsx [Client Component Browser]
    ./src/components/home/OpenEventsFloatingChip.tsx [Server Component]
    ./src/components/home/HomeOpenEventsChip.tsx [Server Component]
    ./src/app/(public)/layout.tsx [Server Component]

  #5 [Client Component SSR]:
    ./src/lib/prisma.ts [Client Component SSR]
    ./src/lib/open-events.ts [Client Component SSR]
    ./src/components/home/OpenEventsFloatingChip.tsx [Client Component SSR]
    ./src/components/home/OpenEventsFloatingChip.tsx [Server Component]
    ./src/components/home/HomeOpenEventsChip.tsx [Server Component]
    ./src/app/(public)/layout.tsx [Server Component] @ http://localhost:3000/_next/static/chunks/node_modules_next_dist_1gdrd03._.js:1945
[    8684ms] [ERROR] ./src/lib/prisma.ts
Code generation for chunk item errored
An error occurred while generating the chunk item [project]/src/lib/prisma.ts [app-client] (ecmascript) <locals>

Caused by:
- the chunking context (unknown) does not support external modules (request: node:dns)

Debug info:
- An error occurred while generating the chunk item [project]/src/lib/prisma.ts [app-client] (ecmascript) <locals>
- Execution of <EcmascriptModuleLocalsModule as EcmascriptChunkPlaceable>::chunk_item_content failed
- Execution of *EcmascriptChunkItemContent::new failed
- Execution of EcmascriptModuleContent::new failed
- the chunking context (unknown) does not support external modules (request: node:dns)

Import traces:
  #1 [Server Component]:
    ./src/lib/prisma.ts
    ./src/auth.ts
    ./src/app/layout.tsx

  #2 [Server Component]:
    ./src/lib/prisma.ts
    ./src/lib/appreciation.ts
    ./src/components/home/HomeAppreciationSnippet.tsx
    ./src/app/(public)/page.tsx

  #3 [Server Component]:
    ./src/lib/prisma.ts
    ./src/lib/open-events.ts
    ./src/components/home/HomeOpenEventsChip.tsx
    ./src/app/(public)/layout.tsx

  #4 [Client Component Browser]:
    ./src/lib/prisma.ts [Client Component Browser]
    ./src/lib/open-events.ts [Client Component Browser]
    ./src/components/home/OpenEventsFloatingChip.tsx [Client Component Browser]
    ./src/components/home/OpenEventsFloatingChip.tsx [Server Component]
    ./src/components/home/HomeOpenEventsChip.tsx [Server Component]
    ./src/app/(public)/layout.tsx [Server Component]

  #5 [Client Component SSR]:
    ./src/lib/prisma.ts [Client Component SSR]
    ./src/lib/open-events.ts [Client Component SSR]
    ./src/components/home/OpenEventsFloatingChip.tsx [Client Component SSR]
    ./src/components/home/OpenEventsFloatingChip.tsx [Server Component]
    ./src/components/home/HomeOpenEventsChip.tsx [Server Component]
    ./src/app/(public)/layout.tsx [Server Component] @ http://localhost:3000/_next/static/chunks/node_modules_next_dist_1gdrd03._.js:1945
[    8747ms] [ERROR] ./src/lib/prisma.ts
Code generation for chunk item errored
An error occurred while generating the chunk item [project]/src/lib/prisma.ts [app-client] (ecmascript) <locals>

Caused by:
- the chunking context (unknown) does not support external modules (request: node:dns)

Debug info:
- An error occurred while generating the chunk item [project]/src/lib/prisma.ts [app-client] (ecmascript) <locals>
- Execution of <EcmascriptModuleLocalsModule as EcmascriptChunkPlaceable>::chunk_item_content failed
- Execution of *EcmascriptChunkItemContent::new failed
- Execution of EcmascriptModuleContent::new failed
- the chunking context (unknown) does not support external modules (request: node:dns)

Import traces:
  #1 [Server Component]:
    ./src/lib/prisma.ts
    ./src/auth.ts
    ./src/app/layout.tsx

  #2 [Server Component]:
    ./src/lib/prisma.ts
    ./src/lib/appreciation.ts
    ./src/components/home/HomeAppreciationSnippet.tsx
    ./src/app/(public)/page.tsx

  #3 [Server Component]:
    ./src/lib/prisma.ts
    ./src/lib/open-events.ts
    ./src/components/home/HomeOpenEventsChip.tsx
    ./src/app/(public)/layout.tsx

  #4 [Client Component Browser]:
    ./src/lib/prisma.ts [Client Component Browser]
    ./src/lib/open-events.ts [Client Component Browser]
    ./src/components/home/OpenEventsFloatingChip.tsx [Client Component Browser]
    ./src/components/home/OpenEventsFloatingChip.tsx [Server Component]
    ./src/components/home/HomeOpenEventsChip.tsx [Server Component]
    ./src/app/(public)/layout.tsx [Server Component]

  #5 [Client Component SSR]:
    ./src/lib/prisma.ts [Client Component SSR]
    ./src/lib/open-events.ts [Client Component SSR]
    ./src/components/home/OpenEventsFloatingChip.tsx [Client Component SSR]
    ./src/components/home/OpenEventsFloatingChip.tsx [Server Component]
    ./src/components/home/HomeOpenEventsChip.tsx [Server Component]
    ./src/app/(public)/layout.tsx [Server Component] @ http://localhost:3000/_next/static/chunks/node_modules_next_dist_1gdrd03._.js:1945
[    8809ms] [ERROR] ./src/lib/prisma.ts
Code generation for chunk item errored
An error occurred while generating the chunk item [project]/src/lib/prisma.ts [app-client] (ecmascript) <locals>

Caused by:
- the chunking context (unknown) does not support external modules (request: node:dns)

Debug info:
- An error occurred while generating the chunk item [project]/src/lib/prisma.ts [app-client] (ecmascript) <locals>
- Execution of <EcmascriptModuleLocalsModule as EcmascriptChunkPlaceable>::chunk_item_content failed
- Execution of *EcmascriptChunkItemContent::new failed
- Execution of EcmascriptModuleContent::new failed
- the chunking context (unknown) does not support external modules (request: node:dns)

Import traces:
  #1 [Server Component]:
    ./src/lib/prisma.ts
    ./src/auth.ts
    ./src/app/layout.tsx

  #2 [Server Component]:
    ./src/lib/prisma.ts
    ./src/lib/appreciation.ts
    ./src/components/home/HomeAppreciationSnippet.tsx
    ./src/app/(public)/page.tsx

  #3 [Server Component]:
    ./src/lib/prisma.ts
    ./src/lib/open-events.ts
    ./src/components/home/HomeOpenEventsChip.tsx
    ./src/app/(public)/layout.tsx

  #4 [Client Component Browser]:
    ./src/lib/prisma.ts [Client Component Browser]
    ./src/lib/open-events.ts [Client Component Browser]
    ./src/components/home/OpenEventsFloatingChip.tsx [Client Component Browser]
    ./src/components/home/OpenEventsFloatingChip.tsx [Server Component]
    ./src/components/home/HomeOpenEventsChip.tsx [Server Component]
    ./src/app/(public)/layout.tsx [Server Component]

  #5 [Client Component SSR]:
    ./src/lib/prisma.ts [Client Component SSR]
    ./src/lib/open-events.ts [Client Component SSR]
    ./src/components/home/OpenEventsFloatingChip.tsx [Client Component SSR]
    ./src/components/home/OpenEventsFloatingChip.tsx [Server Component]
    ./src/components/home/HomeOpenEventsChip.tsx [Server Component]
    ./src/app/(public)/layout.tsx [Server Component] @ http://localhost:3000/_next/static/chunks/node_modules_next_dist_1gdrd03._.js:1945
[    8873ms] [ERROR] ./src/lib/prisma.ts
Code generation for chunk item errored
An error occurred while generating the chunk item [project]/src/lib/prisma.ts [app-client] (ecmascript) <locals>

Caused by:
- the chunking context (unknown) does not support external modules (request: node:dns)

Debug info:
- An error occurred while generating the chunk item [project]/src/lib/prisma.ts [app-client] (ecmascript) <locals>
- Execution of <EcmascriptModuleLocalsModule as EcmascriptChunkPlaceable>::chunk_item_content failed
- Execution of *EcmascriptChunkItemContent::new failed
- Execution of EcmascriptModuleContent::new failed
- the chunking context (unknown) does not support external modules (request: node:dns)

Import traces:
  #1 [Server Component]:
    ./src/lib/prisma.ts
    ./src/auth.ts
    ./src/app/layout.tsx

  #2 [Server Component]:
    ./src/lib/prisma.ts
    ./src/lib/appreciation.ts
    ./src/components/home/HomeAppreciationSnippet.tsx
    ./src/app/(public)/page.tsx

  #3 [Server Component]:
    ./src/lib/prisma.ts
    ./src/lib/open-events.ts
    ./src/components/home/HomeOpenEventsChip.tsx
    ./src/app/(public)/layout.tsx

  #4 [Client Component Browser]:
    ./src/lib/prisma.ts [Client Component Browser]
    ./src/lib/open-events.ts [Client Component Browser]
    ./src/components/home/OpenEventsFloatingChip.tsx [Client Component Browser]
    ./src/components/home/OpenEventsFloatingChip.tsx [Server Component]
    ./src/components/home/HomeOpenEventsChip.tsx [Server Component]
    ./src/app/(public)/layout.tsx [Server Component]

  #5 [Client Component SSR]:
    ./src/lib/prisma.ts [Client Component SSR]
    ./src/lib/open-events.ts [Client Component SSR]
    ./src/components/home/OpenEventsFloatingChip.tsx [Client Component SSR]
    ./src/components/home/OpenEventsFloatingChip.tsx [Server Component]
    ./src/components/home/HomeOpenEventsChip.tsx [Server Component]
    ./src/app/(public)/layout.tsx [Server Component] @ http://localhost:3000/_next/static/chunks/node_modules_next_dist_1gdrd03._.js:1945
[    8934ms] [ERROR] ./src/lib/prisma.ts
Code generation for chunk item errored
An error occurred while generating the chunk item [project]/src/lib/prisma.ts [app-client] (ecmascript) <locals>

Caused by:
- the chunking context (unknown) does not support external modules (request: node:dns)

Debug info:
- An error occurred while generating the chunk item [project]/src/lib/prisma.ts [app-client] (ecmascript) <locals>
- Execution of <EcmascriptModuleLocalsModule as EcmascriptChunkPlaceable>::chunk_item_content failed
- Execution of *EcmascriptChunkItemContent::new failed
- Execution of EcmascriptModuleContent::new failed
- the chunking context (unknown) does not support external modules (request: node:dns)

Import traces:
  #1 [Server Component]:
    ./src/lib/prisma.ts
    ./src/auth.ts
    ./src/app/layout.tsx

  #2 [Server Component]:
    ./src/lib/prisma.ts
    ./src/lib/appreciation.ts
    ./src/components/home/HomeAppreciationSnippet.tsx
    ./src/app/(public)/page.tsx

  #3 [Server Component]:
    ./src/lib/prisma.ts
    ./src/lib/open-events.ts
    ./src/components/home/HomeOpenEventsChip.tsx
    ./src/app/(public)/layout.tsx

  #4 [Client Component Browser]:
    ./src/lib/prisma.ts [Client Component Browser]
    ./src/lib/open-events.ts [Client Component Browser]
    ./src/components/home/OpenEventsFloatingChip.tsx [Client Component Browser]
    ./src/components/home/OpenEventsFloatingChip.tsx [Server Component]
    ./src/components/home/HomeOpenEventsChip.tsx [Server Component]
    ./src/app/(public)/layout.tsx [Server Component]

  #5 [Client Component SSR]:
    ./src/lib/prisma.ts [Client Component SSR]
    ./src/lib/open-events.ts [Client Component SSR]
    ./src/components/home/OpenEventsFloatingChip.tsx [Client Component SSR]
    ./src/components/home/OpenEventsFloatingChip.tsx [Server Component]
    ./src/components/home/HomeOpenEventsChip.tsx [Server Component]
    ./src/app/(public)/layout.tsx [Server Component] @ http://localhost:3000/_next/static/chunks/node_modules_next_dist_1gdrd03._.js:1945
[    8996ms] [ERROR] ./src/lib/prisma.ts
Code generation for chunk item errored
An error occurred while generating the chunk item [project]/src/lib/prisma.ts [app-client] (ecmascript) <locals>

Caused by:
- the chunking context (unknown) does not support external modules (request: node:dns)

Debug info:
- An error occurred while generating the chunk item [project]/src/lib/prisma.ts [app-client] (ecmascript) <locals>
- Execution of <EcmascriptModuleLocalsModule as EcmascriptChunkPlaceable>::chunk_item_content failed
- Execution of *EcmascriptChunkItemContent::new failed
- Execution of EcmascriptModuleContent::new failed
- the chunking context (unknown) does not support external modules (request: node:dns)

Import traces:
  #1 [Server Component]:
    ./src/lib/prisma.ts
    ./src/auth.ts
    ./src/app/layout.tsx

  #2 [Server Component]:
    ./src/lib/prisma.ts
    ./src/lib/appreciation.ts
    ./src/components/home/HomeAppreciationSnippet.tsx
    ./src/app/(public)/page.tsx

  #3 [Server Component]:
    ./src/lib/prisma.ts
    ./src/lib/open-events.ts
    ./src/components/home/HomeOpenEventsChip.tsx
    ./src/app/(public)/layout.tsx

  #4 [Client Component Browser]:
    ./src/lib/prisma.ts [Client Component Browser]
    ./src/lib/open-events.ts [Client Component Browser]
    ./src/components/home/OpenEventsFloatingChip.tsx [Client Component Browser]
    ./src/components/home/OpenEventsFloatingChip.tsx [Server Component]
    ./src/components/home/HomeOpenEventsChip.tsx [Server Component]
    ./src/app/(public)/layout.tsx [Server Component]

  #5 [Client Component SSR]:
    ./src/lib/prisma.ts [Client Component SSR]
    ./src/lib/open-events.ts [Client Component SSR]
    ./src/components/home/OpenEventsFloatingChip.tsx [Client Component SSR]
    ./src/components/home/OpenEventsFloatingChip.tsx [Server Component]
    ./src/components/home/HomeOpenEventsChip.tsx [Server Component]
    ./src/app/(public)/layout.tsx [Server Component] @ http://localhost:3000/_next/static/chunks/node_modules_next_dist_1gdrd03._.js:1945
[    9058ms] [ERROR] ./src/lib/prisma.ts
Code generation for chunk item errored
An error occurred while generating the chunk item [project]/src/lib/prisma.ts [app-client] (ecmascript) <locals>

Caused by:
- the chunking context (unknown) does not support external modules (request: node:dns)

Debug info:
- An error occurred while generating the chunk item [project]/src/lib/prisma.ts [app-client] (ecmascript) <locals>
- Execution of <EcmascriptModuleLocalsModule as EcmascriptChunkPlaceable>::chunk_item_content failed
- Execution of *EcmascriptChunkItemContent::new failed
- Execution of EcmascriptModuleContent::new failed
- the chunking context (unknown) does not support external modules (request: node:dns)

Import traces:
  #1 [Server Component]:
    ./src/lib/prisma.ts
    ./src/auth.ts
    ./src/app/layout.tsx

  #2 [Server Component]:
    ./src/lib/prisma.ts
    ./src/lib/appreciation.ts
    ./src/components/home/HomeAppreciationSnippet.tsx
    ./src/app/(public)/page.tsx

  #3 [Server Component]:
    ./src/lib/prisma.ts
    ./src/lib/open-events.ts
    ./src/components/home/HomeOpenEventsChip.tsx
    ./src/app/(public)/layout.tsx

  #4 [Client Component Browser]:
    ./src/lib/prisma.ts [Client Component Browser]
    ./src/lib/open-events.ts [Client Component Browser]
    ./src/components/home/OpenEventsFloatingChip.tsx [Client Component Browser]
    ./src/components/home/OpenEventsFloatingChip.tsx [Server Component]
    ./src/components/home/HomeOpenEventsChip.tsx [Server Component]
    ./src/app/(public)/layout.tsx [Server Component]

  #5 [Client Component SSR]:
    ./src/lib/prisma.ts [Client Component SSR]
    ./src/lib/open-events.ts [Client Component SSR]
    ./src/components/home/OpenEventsFloatingChip.tsx [Client Component SSR]
    ./src/components/home/OpenEventsFloatingChip.tsx [Server Component]
    ./src/components/home/HomeOpenEventsChip.tsx [Server Component]
    ./src/app/(public)/layout.tsx [Server Component] @ http://localhost:3000/_next/static/chunks/node_modules_next_dist_1gdrd03._.js:1945
[    9118ms] [ERROR] ./src/lib/prisma.ts
Code generation for chunk item errored
An error occurred while generating the chunk item [project]/src/lib/prisma.ts [app-client] (ecmascript) <locals>

Caused by:
- the chunking context (unknown) does not support external modules (request: node:dns)

Debug info:
- An error occurred while generating the chunk item [project]/src/lib/prisma.ts [app-client] (ecmascript) <locals>
- Execution of <EcmascriptModuleLocalsModule as EcmascriptChunkPlaceable>::chunk_item_content failed
- Execution of *EcmascriptChunkItemContent::new failed
- Execution of EcmascriptModuleContent::new failed
- the chunking context (unknown) does not support external modules (request: node:dns)

Import traces:
  #1 [Server Component]:
    ./src/lib/prisma.ts
    ./src/auth.ts
    ./src/app/layout.tsx

  #2 [Server Component]:
    ./src/lib/prisma.ts
    ./src/lib/appreciation.ts
    ./src/components/home/HomeAppreciationSnippet.tsx
    ./src/app/(public)/page.tsx

  #3 [Server Component]:
    ./src/lib/prisma.ts
    ./src/lib/open-events.ts
    ./src/components/home/HomeOpenEventsChip.tsx
    ./src/app/(public)/layout.tsx

  #4 [Client Component Browser]:
    ./src/lib/prisma.ts [Client Component Browser]
    ./src/lib/open-events.ts [Client Component Browser]
    ./src/components/home/OpenEventsFloatingChip.tsx [Client Component Browser]
    ./src/components/home/OpenEventsFloatingChip.tsx [Server Component]
    ./src/components/home/HomeOpenEventsChip.tsx [Server Component]
    ./src/app/(public)/layout.tsx [Server Component]

  #5 [Client Component SSR]:
    ./src/lib/prisma.ts [Client Component SSR]
    ./src/lib/open-events.ts [Client Component SSR]
    ./src/components/home/OpenEventsFloatingChip.tsx [Client Component SSR]
    ./src/components/home/OpenEventsFloatingChip.tsx [Server Component]
    ./src/components/home/HomeOpenEventsChip.tsx [Server Component]
    ./src/app/(public)/layout.tsx [Server Component] @ http://localhost:3000/_next/static/chunks/node_modules_next_dist_1gdrd03._.js:1945
[    9181ms] [ERROR] ./src/lib/prisma.ts
Code generation for chunk item errored
An error occurred while generating the chunk item [project]/src/lib/prisma.ts [app-client] (ecmascript) <locals>

Caused by:
- the chunking context (unknown) does not support external modules (request: node:dns)

Debug info:
- An error occurred while generating the chunk item [project]/src/lib/prisma.ts [app-client] (ecmascript) <locals>
- Execution of <EcmascriptModuleLocalsModule as EcmascriptChunkPlaceable>::chunk_item_content failed
- Execution of *EcmascriptChunkItemContent::new failed
- Execution of EcmascriptModuleContent::new failed
- the chunking context (unknown) does not support external modules (request: node:dns)

Import traces:
  #1 [Server Component]:
    ./src/lib/prisma.ts
    ./src/auth.ts
    ./src/app/layout.tsx

  #2 [Server Component]:
    ./src/lib/prisma.ts
    ./src/lib/appreciation.ts
    ./src/components/home/HomeAppreciationSnippet.tsx
    ./src/app/(public)/page.tsx

  #3 [Server Component]:
    ./src/lib/prisma.ts
    ./src/lib/open-events.ts
    ./src/components/home/HomeOpenEventsChip.tsx
    ./src/app/(public)/layout.tsx

  #4 [Client Component Browser]:
    ./src/lib/prisma.ts [Client Component Browser]
    ./src/lib/open-events.ts [Client Component Browser]
    ./src/components/home/OpenEventsFloatingChip.tsx [Client Component Browser]
    ./src/components/home/OpenEventsFloatingChip.tsx [Server Component]
    ./src/components/home/HomeOpenEventsChip.tsx [Server Component]
    ./src/app/(public)/layout.tsx [Server Component]

  #5 [Client Component SSR]:
    ./src/lib/prisma.ts [Client Component SSR]
    ./src/lib/open-events.ts [Client Component SSR]
    ./src/components/home/OpenEventsFloatingChip.tsx [Client Component SSR]
    ./src/components/home/OpenEventsFloatingChip.tsx [Server Component]
    ./src/components/home/HomeOpenEventsChip.tsx [Server Component]
    ./src/app/(public)/layout.tsx [Server Component] @ http://localhost:3000/_next/static/chunks/node_modules_next_dist_1gdrd03._.js:1945
[    9244ms] [ERROR] ./src/lib/prisma.ts
Code generation for chunk item errored
An error occurred while generating the chunk item [project]/src/lib/prisma.ts [app-client] (ecmascript) <locals>

Caused by:
- the chunking context (unknown) does not support external modules (request: node:dns)

Debug info:
- An error occurred while generating the chunk item [project]/src/lib/prisma.ts [app-client] (ecmascript) <locals>
- Execution of <EcmascriptModuleLocalsModule as EcmascriptChunkPlaceable>::chunk_item_content failed
- Execution of *EcmascriptChunkItemContent::new failed
- Execution of EcmascriptModuleContent::new failed
- the chunking context (unknown) does not support external modules (request: node:dns)

Import traces:
  #1 [Server Component]:
    ./src/lib/prisma.ts
    ./src/auth.ts
    ./src/app/layout.tsx

  #2 [Server Component]:
    ./src/lib/prisma.ts
    ./src/lib/appreciation.ts
    ./src/components/home/HomeAppreciationSnippet.tsx
    ./src/app/(public)/page.tsx

  #3 [Server Component]:
    ./src/lib/prisma.ts
    ./src/lib/open-events.ts
    ./src/components/home/HomeOpenEventsChip.tsx
    ./src/app/(public)/layout.tsx

  #4 [Client Component Browser]:
    ./src/lib/prisma.ts [Client Component Browser]
    ./src/lib/open-events.ts [Client Component Browser]
    ./src/components/home/OpenEventsFloatingChip.tsx [Client Component Browser]
    ./src/components/home/OpenEventsFloatingChip.tsx [Server Component]
    ./src/components/home/HomeOpenEventsChip.tsx [Server Component]
    ./src/app/(public)/layout.tsx [Server Component]

  #5 [Client Component SSR]:
    ./src/lib/prisma.ts [Client Component SSR]
    ./src/lib/open-events.ts [Client Component SSR]
    ./src/components/home/OpenEventsFloatingChip.tsx [Client Component SSR]
    ./src/components/home/OpenEventsFloatingChip.tsx [Server Component]
    ./src/components/home/HomeOpenEventsChip.tsx [Server Component]
    ./src/app/(public)/layout.tsx [Server Component] @ http://localhost:3000/_next/static/chunks/node_modules_next_dist_1gdrd03._.js:1945
[    9307ms] [ERROR] ./src/lib/prisma.ts
Code generation for chunk item errored
An error occurred while generating the chunk item [project]/src/lib/prisma.ts [app-client] (ecmascript) <locals>

Caused by:
- the chunking context (unknown) does not support external modules (request: node:dns)

Debug info:
- An error occurred while generating the chunk item [project]/src/lib/prisma.ts [app-client] (ecmascript) <locals>
- Execution of <EcmascriptModuleLocalsModule as EcmascriptChunkPlaceable>::chunk_item_content failed
- Execution of *EcmascriptChunkItemContent::new failed
- Execution of EcmascriptModuleContent::new failed
- the chunking context (unknown) does not support external modules (request: node:dns)

Import traces:
  #1 [Server Component]:
    ./src/lib/prisma.ts
    ./src/auth.ts
    ./src/app/layout.tsx

  #2 [Server Component]:
    ./src/lib/prisma.ts
    ./src/lib/appreciation.ts
    ./src/components/home/HomeAppreciationSnippet.tsx
    ./src/app/(public)/page.tsx

  #3 [Server Component]:
    ./src/lib/prisma.ts
    ./src/lib/open-events.ts
    ./src/components/home/HomeOpenEventsChip.tsx
    ./src/app/(public)/layout.tsx

  #4 [Client Component Browser]:
    ./src/lib/prisma.ts [Client Component Browser]
    ./src/lib/open-events.ts [Client Component Browser]
    ./src/components/home/OpenEventsFloatingChip.tsx [Client Component Browser]
    ./src/components/home/OpenEventsFloatingChip.tsx [Server Component]
    ./src/components/home/HomeOpenEventsChip.tsx [Server Component]
    ./src/app/(public)/layout.tsx [Server Component]

  #5 [Client Component SSR]:
    ./src/lib/prisma.ts [Client Component SSR]
    ./src/lib/open-events.ts [Client Component SSR]
    ./src/components/home/OpenEventsFloatingChip.tsx [Client Component SSR]
    ./src/components/home/OpenEventsFloatingChip.tsx [Server Component]
    ./src/components/home/HomeOpenEventsChip.tsx [Server Component]
    ./src/app/(public)/layout.tsx [Server Component] @ http://localhost:3000/_next/static/chunks/node_modules_next_dist_1gdrd03._.js:1945
[    9368ms] [ERROR] ./src/lib/prisma.ts
Code generation for chunk item errored
An error occurred while generating the chunk item [project]/src/lib/prisma.ts [app-client] (ecmascript) <locals>

Caused by:
- the chunking context (unknown) does not support external modules (request: node:dns)

Debug info:
- An error occurred while generating the chunk item [project]/src/lib/prisma.ts [app-client] (ecmascript) <locals>
- Execution of <EcmascriptModuleLocalsModule as EcmascriptChunkPlaceable>::chunk_item_content failed
- Execution of *EcmascriptChunkItemContent::new failed
- Execution of EcmascriptModuleContent::new failed
- the chunking context (unknown) does not support external modules (request: node:dns)

Import traces:
  #1 [Server Component]:
    ./src/lib/prisma.ts
    ./src/auth.ts
    ./src/app/layout.tsx

  #2 [Server Component]:
    ./src/lib/prisma.ts
    ./src/lib/appreciation.ts
    ./src/components/home/HomeAppreciationSnippet.tsx
    ./src/app/(public)/page.tsx

  #3 [Server Component]:
    ./src/lib/prisma.ts
    ./src/lib/open-events.ts
    ./src/components/home/HomeOpenEventsChip.tsx
    ./src/app/(public)/layout.tsx

  #4 [Client Component Browser]:
    ./src/lib/prisma.ts [Client Component Browser]
    ./src/lib/open-events.ts [Client Component Browser]
    ./src/components/home/OpenEventsFloatingChip.tsx [Client Component Browser]
    ./src/components/home/OpenEventsFloatingChip.tsx [Server Component]
    ./src/components/home/HomeOpenEventsChip.tsx [Server Component]
    ./src/app/(public)/layout.tsx [Server Component]

  #5 [Client Component SSR]:
    ./src/lib/prisma.ts [Client Component SSR]
    ./src/lib/open-events.ts [Client Component SSR]
    ./src/components/home/OpenEventsFloatingChip.tsx [Client Component SSR]
    ./src/components/home/OpenEventsFloatingChip.tsx [Server Component]
    ./src/components/home/HomeOpenEventsChip.tsx [Server Component]
    ./src/app/(public)/layout.tsx [Server Component] @ http://localhost:3000/_next/static/chunks/node_modules_next_dist_1gdrd03._.js:1945
[    9430ms] [ERROR] ./src/lib/prisma.ts
Code generation for chunk item errored
An error occurred while generating the chunk item [project]/src/lib/prisma.ts [app-client] (ecmascript) <locals>

Caused by:
- the chunking context (unknown) does not support external modules (request: node:dns)

Debug info:
- An error occurred while generating the chunk item [project]/src/lib/prisma.ts [app-client] (ecmascript) <locals>
- Execution of <EcmascriptModuleLocalsModule as EcmascriptChunkPlaceable>::chunk_item_content failed
- Execution of *EcmascriptChunkItemContent::new failed
- Execution of EcmascriptModuleContent::new failed
- the chunking context (unknown) does not support external modules (request: node:dns)

Import traces:
  #1 [Server Component]:
    ./src/lib/prisma.ts
    ./src/auth.ts
    ./src/app/layout.tsx

  #2 [Server Component]:
    ./src/lib/prisma.ts
    ./src/lib/appreciation.ts
    ./src/components/home/HomeAppreciationSnippet.tsx
    ./src/app/(public)/page.tsx

  #3 [Server Component]:
    ./src/lib/prisma.ts
    ./src/lib/open-events.ts
    ./src/components/home/HomeOpenEventsChip.tsx
    ./src/app/(public)/layout.tsx

  #4 [Client Component Browser]:
    ./src/lib/prisma.ts [Client Component Browser]
    ./src/lib/open-events.ts [Client Component Browser]
    ./src/components/home/OpenEventsFloatingChip.tsx [Client Component Browser]
    ./src/components/home/OpenEventsFloatingChip.tsx [Server Component]
    ./src/components/home/HomeOpenEventsChip.tsx [Server Component]
    ./src/app/(public)/layout.tsx [Server Component]

  #5 [Client Component SSR]:
    ./src/lib/prisma.ts [Client Component SSR]
    ./src/lib/open-events.ts [Client Component SSR]
    ./src/components/home/OpenEventsFloatingChip.tsx [Client Component SSR]
    ./src/components/home/OpenEventsFloatingChip.tsx [Server Component]
    ./src/components/home/HomeOpenEventsChip.tsx [Server Component]
    ./src/app/(public)/layout.tsx [Server Component] @ http://localhost:3000/_next/static/chunks/node_modules_next_dist_1gdrd03._.js:1945
[    9492ms] [ERROR] ./src/lib/prisma.ts
Code generation for chunk item errored
An error occurred while generating the chunk item [project]/src/lib/prisma.ts [app-client] (ecmascript) <locals>

Caused by:
- the chunking context (unknown) does not support external modules (request: node:dns)

Debug info:
- An error occurred while generating the chunk item [project]/src/lib/prisma.ts [app-client] (ecmascript) <locals>
- Execution of <EcmascriptModuleLocalsModule as EcmascriptChunkPlaceable>::chunk_item_content failed
- Execution of *EcmascriptChunkItemContent::new failed
- Execution of EcmascriptModuleContent::new failed
- the chunking context (unknown) does not support external modules (request: node:dns)

Import traces:
  #1 [Server Component]:
    ./src/lib/prisma.ts
    ./src/auth.ts
    ./src/app/layout.tsx

  #2 [Server Component]:
    ./src/lib/prisma.ts
    ./src/lib/appreciation.ts
    ./src/components/home/HomeAppreciationSnippet.tsx
    ./src/app/(public)/page.tsx

  #3 [Server Component]:
    ./src/lib/prisma.ts
    ./src/lib/open-events.ts
    ./src/components/home/HomeOpenEventsChip.tsx
    ./src/app/(public)/layout.tsx

  #4 [Client Component Browser]:
    ./src/lib/prisma.ts [Client Component Browser]
    ./src/lib/open-events.ts [Client Component Browser]
    ./src/components/home/OpenEventsFloatingChip.tsx [Client Component Browser]
    ./src/components/home/OpenEventsFloatingChip.tsx [Server Component]
    ./src/components/home/HomeOpenEventsChip.tsx [Server Component]
    ./src/app/(public)/layout.tsx [Server Component]

  #5 [Client Component SSR]:
    ./src/lib/prisma.ts [Client Component SSR]
    ./src/lib/open-events.ts [Client Component SSR]
    ./src/components/home/OpenEventsFloatingChip.tsx [Client Component SSR]
    ./src/components/home/OpenEventsFloatingChip.tsx [Server Component]
    ./src/components/home/HomeOpenEventsChip.tsx [Server Component]
    ./src/app/(public)/layout.tsx [Server Component] @ http://localhost:3000/_next/static/chunks/node_modules_next_dist_1gdrd03._.js:1945
[    9555ms] [ERROR] ./src/lib/prisma.ts
Code generation for chunk item errored
An error occurred while generating the chunk item [project]/src/lib/prisma.ts [app-client] (ecmascript) <locals>

Caused by:
- the chunking context (unknown) does not support external modules (request: node:dns)

Debug info:
- An error occurred while generating the chunk item [project]/src/lib/prisma.ts [app-client] (ecmascript) <locals>
- Execution of <EcmascriptModuleLocalsModule as EcmascriptChunkPlaceable>::chunk_item_content failed
- Execution of *EcmascriptChunkItemContent::new failed
- Execution of EcmascriptModuleContent::new failed
- the chunking context (unknown) does not support external modules (request: node:dns)

Import traces:
  #1 [Server Component]:
    ./src/lib/prisma.ts
    ./src/auth.ts
    ./src/app/layout.tsx

  #2 [Server Component]:
    ./src/lib/prisma.ts
    ./src/lib/appreciation.ts
    ./src/components/home/HomeAppreciationSnippet.tsx
    ./src/app/(public)/page.tsx

  #3 [Server Component]:
    ./src/lib/prisma.ts
    ./src/lib/open-events.ts
    ./src/components/home/HomeOpenEventsChip.tsx
    ./src/app/(public)/layout.tsx

  #4 [Client Component Browser]:
    ./src/lib/prisma.ts [Client Component Browser]
    ./src/lib/open-events.ts [Client Component Browser]
    ./src/components/home/OpenEventsFloatingChip.tsx [Client Component Browser]
    ./src/components/home/OpenEventsFloatingChip.tsx [Server Component]
    ./src/components/home/HomeOpenEventsChip.tsx [Server Component]
    ./src/app/(public)/layout.tsx [Server Component]

  #5 [Client Component SSR]:
    ./src/lib/prisma.ts [Client Component SSR]
    ./src/lib/open-events.ts [Client Component SSR]
    ./src/components/home/OpenEventsFloatingChip.tsx [Client Component SSR]
    ./src/components/home/OpenEventsFloatingChip.tsx [Server Component]
    ./src/components/home/HomeOpenEventsChip.tsx [Server Component]
    ./src/app/(public)/layout.tsx [Server Component] @ http://localhost:3000/_next/static/chunks/node_modules_next_dist_1gdrd03._.js:1945
[    9617ms] [ERROR] ./src/lib/prisma.ts
Code generation for chunk item errored
An error occurred while generating the chunk item [project]/src/lib/prisma.ts [app-client] (ecmascript) <locals>

Caused by:
- the chunking context (unknown) does not support external modules (request: node:dns)

Debug info:
- An error occurred while generating the chunk item [project]/src/lib/prisma.ts [app-client] (ecmascript) <locals>
- Execution of <EcmascriptModuleLocalsModule as EcmascriptChunkPlaceable>::chunk_item_content failed
- Execution of *EcmascriptChunkItemContent::new failed
- Execution of EcmascriptModuleContent::new failed
- the chunking context (unknown) does not support external modules (request: node:dns)

Import traces:
  #1 [Server Component]:
    ./src/lib/prisma.ts
    ./src/auth.ts
    ./src/app/layout.tsx

  #2 [Server Component]:
    ./src/lib/prisma.ts
    ./src/lib/appreciation.ts
    ./src/components/home/HomeAppreciationSnippet.tsx
    ./src/app/(public)/page.tsx

  #3 [Server Component]:
    ./src/lib/prisma.ts
    ./src/lib/open-events.ts
    ./src/components/home/HomeOpenEventsChip.tsx
    ./src/app/(public)/layout.tsx

  #4 [Client Component Browser]:
    ./src/lib/prisma.ts [Client Component Browser]
    ./src/lib/open-events.ts [Client Component Browser]
    ./src/components/home/OpenEventsFloatingChip.tsx [Client Component Browser]
    ./src/components/home/OpenEventsFloatingChip.tsx [Server Component]
    ./src/components/home/HomeOpenEventsChip.tsx [Server Component]
    ./src/app/(public)/layout.tsx [Server Component]

  #5 [Client Component SSR]:
    ./src/lib/prisma.ts [Client Component SSR]
    ./src/lib/open-events.ts [Client Component SSR]
    ./src/components/home/OpenEventsFloatingChip.tsx [Client Component SSR]
    ./src/components/home/OpenEventsFloatingChip.tsx [Server Component]
    ./src/components/home/HomeOpenEventsChip.tsx [Server Component]
    ./src/app/(public)/layout.tsx [Server Component] @ http://localhost:3000/_next/static/chunks/node_modules_next_dist_1gdrd03._.js:1945
[    9678ms] [ERROR] ./src/lib/prisma.ts
Code generation for chunk item errored
An error occurred while generating the chunk item [project]/src/lib/prisma.ts [app-client] (ecmascript) <locals>

Caused by:
- the chunking context (unknown) does not support external modules (request: node:dns)

Debug info:
- An error occurred while generating the chunk item [project]/src/lib/prisma.ts [app-client] (ecmascript) <locals>
- Execution of <EcmascriptModuleLocalsModule as EcmascriptChunkPlaceable>::chunk_item_content failed
- Execution of *EcmascriptChunkItemContent::new failed
- Execution of EcmascriptModuleContent::new failed
- the chunking context (unknown) does not support external modules (request: node:dns)

Import traces:
  #1 [Server Component]:
    ./src/lib/prisma.ts
    ./src/auth.ts
    ./src/app/layout.tsx

  #2 [Server Component]:
    ./src/lib/prisma.ts
    ./src/lib/appreciation.ts
    ./src/components/home/HomeAppreciationSnippet.tsx
    ./src/app/(public)/page.tsx

  #3 [Server Component]:
    ./src/lib/prisma.ts
    ./src/lib/open-events.ts
    ./src/components/home/HomeOpenEventsChip.tsx
    ./src/app/(public)/layout.tsx

  #4 [Client Component Browser]:
    ./src/lib/prisma.ts [Client Component Browser]
    ./src/lib/open-events.ts [Client Component Browser]
    ./src/components/home/OpenEventsFloatingChip.tsx [Client Component Browser]
    ./src/components/home/OpenEventsFloatingChip.tsx [Server Component]
    ./src/components/home/HomeOpenEventsChip.tsx [Server Component]
    ./src/app/(public)/layout.tsx [Server Component]

  #5 [Client Component SSR]:
    ./src/lib/prisma.ts [Client Component SSR]
    ./src/lib/open-events.ts [Client Component SSR]
    ./src/components/home/OpenEventsFloatingChip.tsx [Client Component SSR]
    ./src/components/home/OpenEventsFloatingChip.tsx [Server Component]
    ./src/components/home/HomeOpenEventsChip.tsx [Server Component]
    ./src/app/(public)/layout.tsx [Server Component] @ http://localhost:3000/_next/static/chunks/node_modules_next_dist_1gdrd03._.js:1945
[    9743ms] [ERROR] ./src/lib/prisma.ts
Code generation for chunk item errored
An error occurred while generating the chunk item [project]/src/lib/prisma.ts [app-client] (ecmascript) <locals>

Caused by:
- the chunking context (unknown) does not support external modules (request: node:dns)

Debug info:
- An error occurred while generating the chunk item [project]/src/lib/prisma.ts [app-client] (ecmascript) <locals>
- Execution of <EcmascriptModuleLocalsModule as EcmascriptChunkPlaceable>::chunk_item_content failed
- Execution of *EcmascriptChunkItemContent::new failed
- Execution of EcmascriptModuleContent::new failed
- the chunking context (unknown) does not support external modules (request: node:dns)

Import traces:
  #1 [Server Component]:
    ./src/lib/prisma.ts
    ./src/auth.ts
    ./src/app/layout.tsx

  #2 [Server Component]:
    ./src/lib/prisma.ts
    ./src/lib/appreciation.ts
    ./src/components/home/HomeAppreciationSnippet.tsx
    ./src/app/(public)/page.tsx

  #3 [Server Component]:
    ./src/lib/prisma.ts
    ./src/lib/open-events.ts
    ./src/components/home/HomeOpenEventsChip.tsx
    ./src/app/(public)/layout.tsx

  #4 [Client Component Browser]:
    ./src/lib/prisma.ts [Client Component Browser]
    ./src/lib/open-events.ts [Client Component Browser]
    ./src/components/home/OpenEventsFloatingChip.tsx [Client Component Browser]
    ./src/components/home/OpenEventsFloatingChip.tsx [Server Component]
    ./src/components/home/HomeOpenEventsChip.tsx [Server Component]
    ./src/app/(public)/layout.tsx [Server Component]

  #5 [Client Component SSR]:
    ./src/lib/prisma.ts [Client Component SSR]
    ./src/lib/open-events.ts [Client Component SSR]
    ./src/components/home/OpenEventsFloatingChip.tsx [Client Component SSR]
    ./src/components/home/OpenEventsFloatingChip.tsx [Server Component]
    ./src/components/home/HomeOpenEventsChip.tsx [Server Component]
    ./src/app/(public)/layout.tsx [Server Component] @ http://localhost:3000/_next/static/chunks/node_modules_next_dist_1gdrd03._.js:1945
[    9803ms] [ERROR] ./src/lib/prisma.ts
Code generation for chunk item errored
An error occurred while generating the chunk item [project]/src/lib/prisma.ts [app-client] (ecmascript) <locals>

Caused by:
- the chunking context (unknown) does not support external modules (request: node:dns)

Debug info:
- An error occurred while generating the chunk item [project]/src/lib/prisma.ts [app-client] (ecmascript) <locals>
- Execution of <EcmascriptModuleLocalsModule as EcmascriptChunkPlaceable>::chunk_item_content failed
- Execution of *EcmascriptChunkItemContent::new failed
- Execution of EcmascriptModuleContent::new failed
- the chunking context (unknown) does not support external modules (request: node:dns)

Import traces:
  #1 [Server Component]:
    ./src/lib/prisma.ts
    ./src/auth.ts
    ./src/app/layout.tsx

  #2 [Server Component]:
    ./src/lib/prisma.ts
    ./src/lib/appreciation.ts
    ./src/components/home/HomeAppreciationSnippet.tsx
    ./src/app/(public)/page.tsx

  #3 [Server Component]:
    ./src/lib/prisma.ts
    ./src/lib/open-events.ts
    ./src/components/home/HomeOpenEventsChip.tsx
    ./src/app/(public)/layout.tsx

  #4 [Client Component Browser]:
    ./src/lib/prisma.ts [Client Component Browser]
    ./src/lib/open-events.ts [Client Component Browser]
    ./src/components/home/OpenEventsFloatingChip.tsx [Client Component Browser]
    ./src/components/home/OpenEventsFloatingChip.tsx [Server Component]
    ./src/components/home/HomeOpenEventsChip.tsx [Server Component]
    ./src/app/(public)/layout.tsx [Server Component]

  #5 [Client Component SSR]:
    ./src/lib/prisma.ts [Client Component SSR]
    ./src/lib/open-events.ts [Client Component SSR]
    ./src/components/home/OpenEventsFloatingChip.tsx [Client Component SSR]
    ./src/components/home/OpenEventsFloatingChip.tsx [Server Component]
    ./src/components/home/HomeOpenEventsChip.tsx [Server Component]
    ./src/app/(public)/layout.tsx [Server Component] @ http://localhost:3000/_next/static/chunks/node_modules_next_dist_1gdrd03._.js:1945
[    9864ms] [ERROR] ./src/lib/prisma.ts
Code generation for chunk item errored
An error occurred while generating the chunk item [project]/src/lib/prisma.ts [app-client] (ecmascript) <locals>

Caused by:
- the chunking context (unknown) does not support external modules (request: node:dns)

Debug info:
- An error occurred while generating the chunk item [project]/src/lib/prisma.ts [app-client] (ecmascript) <locals>
- Execution of <EcmascriptModuleLocalsModule as EcmascriptChunkPlaceable>::chunk_item_content failed
- Execution of *EcmascriptChunkItemContent::new failed
- Execution of EcmascriptModuleContent::new failed
- the chunking context (unknown) does not support external modules (request: node:dns)

Import traces:
  #1 [Server Component]:
    ./src/lib/prisma.ts
    ./src/auth.ts
    ./src/app/layout.tsx

  #2 [Server Component]:
    ./src/lib/prisma.ts
    ./src/lib/appreciation.ts
    ./src/components/home/HomeAppreciationSnippet.tsx
    ./src/app/(public)/page.tsx

  #3 [Server Component]:
    ./src/lib/prisma.ts
    ./src/lib/open-events.ts
    ./src/components/home/HomeOpenEventsChip.tsx
    ./src/app/(public)/layout.tsx

  #4 [Client Component Browser]:
    ./src/lib/prisma.ts [Client Component Browser]
    ./src/lib/open-events.ts [Client Component Browser]
    ./src/components/home/OpenEventsFloatingChip.tsx [Client Component Browser]
    ./src/components/home/OpenEventsFloatingChip.tsx [Server Component]
    ./src/components/home/HomeOpenEventsChip.tsx [Server Component]
    ./src/app/(public)/layout.tsx [Server Component]

  #5 [Client Component SSR]:
    ./src/lib/prisma.ts [Client Component SSR]
    ./src/lib/open-events.ts [Client Component SSR]
    ./src/components/home/OpenEventsFloatingChip.tsx [Client Component SSR]
    ./src/components/home/OpenEventsFloatingChip.tsx [Server Component]
    ./src/components/home/HomeOpenEventsChip.tsx [Server Component]
    ./src/app/(public)/layout.tsx [Server Component] @ http://localhost:3000/_next/static/chunks/node_modules_next_dist_1gdrd03._.js:1945
[    9928ms] [ERROR] ./src/lib/prisma.ts
Code generation for chunk item errored
An error occurred while generating the chunk item [project]/src/lib/prisma.ts [app-client] (ecmascript) <locals>

Caused by:
- the chunking context (unknown) does not support external modules (request: node:dns)

Debug info:
- An error occurred while generating the chunk item [project]/src/lib/prisma.ts [app-client] (ecmascript) <locals>
- Execution of <EcmascriptModuleLocalsModule as EcmascriptChunkPlaceable>::chunk_item_content failed
- Execution of *EcmascriptChunkItemContent::new failed
- Execution of EcmascriptModuleContent::new failed
- the chunking context (unknown) does not support external modules (request: node:dns)

Import traces:
  #1 [Server Component]:
    ./src/lib/prisma.ts
    ./src/auth.ts
    ./src/app/layout.tsx

  #2 [Server Component]:
    ./src/lib/prisma.ts
    ./src/lib/appreciation.ts
    ./src/components/home/HomeAppreciationSnippet.tsx
    ./src/app/(public)/page.tsx

  #3 [Server Component]:
    ./src/lib/prisma.ts
    ./src/lib/open-events.ts
    ./src/components/home/HomeOpenEventsChip.tsx
    ./src/app/(public)/layout.tsx

  #4 [Client Component Browser]:
    ./src/lib/prisma.ts [Client Component Browser]
    ./src/lib/open-events.ts [Client Component Browser]
    ./src/components/home/OpenEventsFloatingChip.tsx [Client Component Browser]
    ./src/components/home/OpenEventsFloatingChip.tsx [Server Component]
    ./src/components/home/HomeOpenEventsChip.tsx [Server Component]
    ./src/app/(public)/layout.tsx [Server Component]

  #5 [Client Component SSR]:
    ./src/lib/prisma.ts [Client Component SSR]
    ./src/lib/open-events.ts [Client Component SSR]
    ./src/components/home/OpenEventsFloatingChip.tsx [Client Component SSR]
    ./src/components/home/OpenEventsFloatingChip.tsx [Server Component]
    ./src/components/home/HomeOpenEventsChip.tsx [Server Component]
    ./src/app/(public)/layout.tsx [Server Component] @ http://localhost:3000/_next/static/chunks/node_modules_next_dist_1gdrd03._.js:1945
[    9990ms] [ERROR] ./src/lib/prisma.ts
Code generation for chunk item errored
An error occurred while generating the chunk item [project]/src/lib/prisma.ts [app-client] (ecmascript) <locals>

Caused by:
- the chunking context (unknown) does not support external modules (request: node:dns)

Debug info:
- An error occurred while generating the chunk item [project]/src/lib/prisma.ts [app-client] (ecmascript) <locals>
- Execution of <EcmascriptModuleLocalsModule as EcmascriptChunkPlaceable>::chunk_item_content failed
- Execution of *EcmascriptChunkItemContent::new failed
- Execution of EcmascriptModuleContent::new failed
- the chunking context (unknown) does not support external modules (request: node:dns)

Import traces:
  #1 [Server Component]:
    ./src/lib/prisma.ts
    ./src/auth.ts
    ./src/app/layout.tsx

  #2 [Server Component]:
    ./src/lib/prisma.ts
    ./src/lib/appreciation.ts
    ./src/components/home/HomeAppreciationSnippet.tsx
    ./src/app/(public)/page.tsx

  #3 [Server Component]:
    ./src/lib/prisma.ts
    ./src/lib/open-events.ts
    ./src/components/home/HomeOpenEventsChip.tsx
    ./src/app/(public)/layout.tsx

  #4 [Client Component Browser]:
    ./src/lib/prisma.ts [Client Component Browser]
    ./src/lib/open-events.ts [Client Component Browser]
    ./src/components/home/OpenEventsFloatingChip.tsx [Client Component Browser]
    ./src/components/home/OpenEventsFloatingChip.tsx [Server Component]
    ./src/components/home/HomeOpenEventsChip.tsx [Server Component]
    ./src/app/(public)/layout.tsx [Server Component]

  #5 [Client Component SSR]:
    ./src/lib/prisma.ts [Client Component SSR]
    ./src/lib/open-events.ts [Client Component SSR]
    ./src/components/home/OpenEventsFloatingChip.tsx [Client Component SSR]
    ./src/components/home/OpenEventsFloatingChip.tsx [Server Component]
    ./src/components/home/HomeOpenEventsChip.tsx [Server Component]
    ./src/app/(public)/layout.tsx [Server Component] @ http://localhost:3000/_next/static/chunks/node_modules_next_dist_1gdrd03._.js:1945
[   10052ms] [ERROR] ./src/lib/prisma.ts
Code generation for chunk item errored
An error occurred while generating the chunk item [project]/src/lib/prisma.ts [app-client] (ecmascript) <locals>

Caused by:
- the chunking context (unknown) does not support external modules (request: node:dns)

Debug info:
- An error occurred while generating the chunk item [project]/src/lib/prisma.ts [app-client] (ecmascript) <locals>
- Execution of <EcmascriptModuleLocalsModule as EcmascriptChunkPlaceable>::chunk_item_content failed
- Execution of *EcmascriptChunkItemContent::new failed
- Execution of EcmascriptModuleContent::new failed
- the chunking context (unknown) does not support external modules (request: node:dns)

Import traces:
  #1 [Server Component]:
    ./src/lib/prisma.ts
    ./src/auth.ts
    ./src/app/layout.tsx

  #2 [Server Component]:
    ./src/lib/prisma.ts
    ./src/lib/appreciation.ts
    ./src/components/home/HomeAppreciationSnippet.tsx
    ./src/app/(public)/page.tsx

  #3 [Server Component]:
    ./src/lib/prisma.ts
    ./src/lib/open-events.ts
    ./src/components/home/HomeOpenEventsChip.tsx
    ./src/app/(public)/layout.tsx

  #4 [Client Component Browser]:
    ./src/lib/prisma.ts [Client Component Browser]
    ./src/lib/open-events.ts [Client Component Browser]
    ./src/components/home/OpenEventsFloatingChip.tsx [Client Component Browser]
    ./src/components/home/OpenEventsFloatingChip.tsx [Server Component]
    ./src/components/home/HomeOpenEventsChip.tsx [Server Component]
    ./src/app/(public)/layout.tsx [Server Component]

  #5 [Client Component SSR]:
    ./src/lib/prisma.ts [Client Component SSR]
    ./src/lib/open-events.ts [Client Component SSR]
    ./src/components/home/OpenEventsFloatingChip.tsx [Client Component SSR]
    ./src/components/home/OpenEventsFloatingChip.tsx [Server Component]
    ./src/components/home/HomeOpenEventsChip.tsx [Server Component]
    ./src/app/(public)/layout.tsx [Server Component] @ http://localhost:3000/_next/static/chunks/node_modules_next_dist_1gdrd03._.js:1945
[   10114ms] [ERROR] ./src/lib/prisma.ts
Code generation for chunk item errored
An error occurred while generating the chunk item [project]/src/lib/prisma.ts [app-client] (ecmascript) <locals>

Caused by:
- the chunking context (unknown) does not support external modules (request: node:dns)

Debug info:
- An error occurred while generating the chunk item [project]/src/lib/prisma.ts [app-client] (ecmascript) <locals>
- Execution of <EcmascriptModuleLocalsModule as EcmascriptChunkPlaceable>::chunk_item_content failed
- Execution of *EcmascriptChunkItemContent::new failed
- Execution of EcmascriptModuleContent::new failed
- the chunking context (unknown) does not support external modules (request: node:dns)

Import traces:
  #1 [Server Component]:
    ./src/lib/prisma.ts
    ./src/auth.ts
    ./src/app/layout.tsx

  #2 [Server Component]:
    ./src/lib/prisma.ts
    ./src/lib/appreciation.ts
    ./src/components/home/HomeAppreciationSnippet.tsx
    ./src/app/(public)/page.tsx

  #3 [Server Component]:
    ./src/lib/prisma.ts
    ./src/lib/open-events.ts
    ./src/components/home/HomeOpenEventsChip.tsx
    ./src/app/(public)/layout.tsx

  #4 [Client Component Browser]:
    ./src/lib/prisma.ts [Client Component Browser]
    ./src/lib/open-events.ts [Client Component Browser]
    ./src/components/home/OpenEventsFloatingChip.tsx [Client Component Browser]
    ./src/components/home/OpenEventsFloatingChip.tsx [Server Component]
    ./src/components/home/HomeOpenEventsChip.tsx [Server Component]
    ./src/app/(public)/layout.tsx [Server Component]

  #5 [Client Component SSR]:
    ./src/lib/prisma.ts [Client Component SSR]
    ./src/lib/open-events.ts [Client Component SSR]
    ./src/components/home/OpenEventsFloatingChip.tsx [Client Component SSR]
    ./src/components/home/OpenEventsFloatingChip.tsx [Server Component]
    ./src/components/home/HomeOpenEventsChip.tsx [Server Component]
    ./src/app/(public)/layout.tsx [Server Component] @ http://localhost:3000/_next/static/chunks/node_modules_next_dist_1gdrd03._.js:1945
[   10177ms] [ERROR] ./src/lib/prisma.ts
Code generation for chunk item errored
An error occurred while generating the chunk item [project]/src/lib/prisma.ts [app-client] (ecmascript) <locals>

Caused by:
- the chunking context (unknown) does not support external modules (request: node:dns)

Debug info:
- An error occurred while generating the chunk item [project]/src/lib/prisma.ts [app-client] (ecmascript) <locals>
- Execution of <EcmascriptModuleLocalsModule as EcmascriptChunkPlaceable>::chunk_item_content failed
- Execution of *EcmascriptChunkItemContent::new failed
- Execution of EcmascriptModuleContent::new failed
- the chunking context (unknown) does not support external modules (request: node:dns)

Import traces:
  #1 [Server Component]:
    ./src/lib/prisma.ts
    ./src/auth.ts
    ./src/app/layout.tsx

  #2 [Server Component]:
    ./src/lib/prisma.ts
    ./src/lib/appreciation.ts
    ./src/components/home/HomeAppreciationSnippet.tsx
    ./src/app/(public)/page.tsx

  #3 [Server Component]:
    ./src/lib/prisma.ts
    ./src/lib/open-events.ts
    ./src/components/home/HomeOpenEventsChip.tsx
    ./src/app/(public)/layout.tsx

  #4 [Client Component Browser]:
    ./src/lib/prisma.ts [Client Component Browser]
    ./src/lib/open-events.ts [Client Component Browser]
    ./src/components/home/OpenEventsFloatingChip.tsx [Client Component Browser]
    ./src/components/home/OpenEventsFloatingChip.tsx [Server Component]
    ./src/components/home/HomeOpenEventsChip.tsx [Server Component]
    ./src/app/(public)/layout.tsx [Server Component]

  #5 [Client Component SSR]:
    ./src/lib/prisma.ts [Client Component SSR]
    ./src/lib/open-events.ts [Client Component SSR]
    ./src/components/home/OpenEventsFloatingChip.tsx [Client Component SSR]
    ./src/components/home/OpenEventsFloatingChip.tsx [Server Component]
    ./src/components/home/HomeOpenEventsChip.tsx [Server Component]
    ./src/app/(public)/layout.tsx [Server Component] @ http://localhost:3000/_next/static/chunks/node_modules_next_dist_1gdrd03._.js:1945
[   10240ms] [ERROR] ./src/lib/prisma.ts
Code generation for chunk item errored
An error occurred while generating the chunk item [project]/src/lib/prisma.ts [app-client] (ecmascript) <locals>

Caused by:
- the chunking context (unknown) does not support external modules (request: node:dns)

Debug info:
- An error occurred while generating the chunk item [project]/src/lib/prisma.ts [app-client] (ecmascript) <locals>
- Execution of <EcmascriptModuleLocalsModule as EcmascriptChunkPlaceable>::chunk_item_content failed
- Execution of *EcmascriptChunkItemContent::new failed
- Execution of EcmascriptModuleContent::new failed
- the chunking context (unknown) does not support external modules (request: node:dns)

Import traces:
  #1 [Server Component]:
    ./src/lib/prisma.ts
    ./src/auth.ts
    ./src/app/layout.tsx

  #2 [Server Component]:
    ./src/lib/prisma.ts
    ./src/lib/appreciation.ts
    ./src/components/home/HomeAppreciationSnippet.tsx
    ./src/app/(public)/page.tsx

  #3 [Server Component]:
    ./src/lib/prisma.ts
    ./src/lib/open-events.ts
    ./src/components/home/HomeOpenEventsChip.tsx
    ./src/app/(public)/layout.tsx

  #4 [Client Component Browser]:
    ./src/lib/prisma.ts [Client Component Browser]
    ./src/lib/open-events.ts [Client Component Browser]
    ./src/components/home/OpenEventsFloatingChip.tsx [Client Component Browser]
    ./src/components/home/OpenEventsFloatingChip.tsx [Server Component]
    ./src/components/home/HomeOpenEventsChip.tsx [Server Component]
    ./src/app/(public)/layout.tsx [Server Component]

  #5 [Client Component SSR]:
    ./src/lib/prisma.ts [Client Component SSR]
    ./src/lib/open-events.ts [Client Component SSR]
    ./src/components/home/OpenEventsFloatingChip.tsx [Client Component SSR]
    ./src/components/home/OpenEventsFloatingChip.tsx [Server Component]
    ./src/components/home/HomeOpenEventsChip.tsx [Server Component]
    ./src/app/(public)/layout.tsx [Server Component] @ http://localhost:3000/_next/static/chunks/node_modules_next_dist_1gdrd03._.js:1945
[   10304ms] [ERROR] ./src/lib/prisma.ts
Code generation for chunk item errored
An error occurred while generating the chunk item [project]/src/lib/prisma.ts [app-client] (ecmascript) <locals>

Caused by:
- the chunking context (unknown) does not support external modules (request: node:dns)

Debug info:
- An error occurred while generating the chunk item [project]/src/lib/prisma.ts [app-client] (ecmascript) <locals>
- Execution of <EcmascriptModuleLocalsModule as EcmascriptChunkPlaceable>::chunk_item_content failed
- Execution of *EcmascriptChunkItemContent::new failed
- Execution of EcmascriptModuleContent::new failed
- the chunking context (unknown) does not support external modules (request: node:dns)

Import traces:
  #1 [Server Component]:
    ./src/lib/prisma.ts
    ./src/auth.ts
    ./src/app/layout.tsx

  #2 [Server Component]:
    ./src/lib/prisma.ts
    ./src/lib/appreciation.ts
    ./src/components/home/HomeAppreciationSnippet.tsx
    ./src/app/(public)/page.tsx

  #3 [Server Component]:
    ./src/lib/prisma.ts
    ./src/lib/open-events.ts
    ./src/components/home/HomeOpenEventsChip.tsx
    ./src/app/(public)/layout.tsx

  #4 [Client Component Browser]:
    ./src/lib/prisma.ts [Client Component Browser]
    ./src/lib/open-events.ts [Client Component Browser]
    ./src/components/home/OpenEventsFloatingChip.tsx [Client Component Browser]
    ./src/components/home/OpenEventsFloatingChip.tsx [Server Component]
    ./src/components/home/HomeOpenEventsChip.tsx [Server Component]
    ./src/app/(public)/layout.tsx [Server Component]

  #5 [Client Component SSR]:
    ./src/lib/prisma.ts [Client Component SSR]
    ./src/lib/open-events.ts [Client Component SSR]
    ./src/components/home/OpenEventsFloatingChip.tsx [Client Component SSR]
    ./src/components/home/OpenEventsFloatingChip.tsx [Server Component]
    ./src/components/home/HomeOpenEventsChip.tsx [Server Component]
    ./src/app/(public)/layout.tsx [Server Component] @ http://localhost:3000/_next/static/chunks/node_modules_next_dist_1gdrd03._.js:1945
[   10366ms] [ERROR] ./src/lib/prisma.ts
Code generation for chunk item errored
An error occurred while generating the chunk item [project]/src/lib/prisma.ts [app-client] (ecmascript) <locals>

Caused by:
- the chunking context (unknown) does not support external modules (request: node:dns)

Debug info:
- An error occurred while generating the chunk item [project]/src/lib/prisma.ts [app-client] (ecmascript) <locals>
- Execution of <EcmascriptModuleLocalsModule as EcmascriptChunkPlaceable>::chunk_item_content failed
- Execution of *EcmascriptChunkItemContent::new failed
- Execution of EcmascriptModuleContent::new failed
- the chunking context (unknown) does not support external modules (request: node:dns)

Import traces:
  #1 [Server Component]:
    ./src/lib/prisma.ts
    ./src/auth.ts
    ./src/app/layout.tsx

  #2 [Server Component]:
    ./src/lib/prisma.ts
    ./src/lib/appreciation.ts
    ./src/components/home/HomeAppreciationSnippet.tsx
    ./src/app/(public)/page.tsx

  #3 [Server Component]:
    ./src/lib/prisma.ts
    ./src/lib/open-events.ts
    ./src/components/home/HomeOpenEventsChip.tsx
    ./src/app/(public)/layout.tsx

  #4 [Client Component Browser]:
    ./src/lib/prisma.ts [Client Component Browser]
    ./src/lib/open-events.ts [Client Component Browser]
    ./src/components/home/OpenEventsFloatingChip.tsx [Client Component Browser]
    ./src/components/home/OpenEventsFloatingChip.tsx [Server Component]
    ./src/components/home/HomeOpenEventsChip.tsx [Server Component]
    ./src/app/(public)/layout.tsx [Server Component]

  #5 [Client Component SSR]:
    ./src/lib/prisma.ts [Client Component SSR]
    ./src/lib/open-events.ts [Client Component SSR]
    ./src/components/home/OpenEventsFloatingChip.tsx [Client Component SSR]
    ./src/components/home/OpenEventsFloatingChip.tsx [Server Component]
    ./src/components/home/HomeOpenEventsChip.tsx [Server Component]
    ./src/app/(public)/layout.tsx [Server Component] @ http://localhost:3000/_next/static/chunks/node_modules_next_dist_1gdrd03._.js:1945
[   10428ms] [ERROR] ./src/lib/prisma.ts
Code generation for chunk item errored
An error occurred while generating the chunk item [project]/src/lib/prisma.ts [app-client] (ecmascript) <locals>

Caused by:
- the chunking context (unknown) does not support external modules (request: node:dns)

Debug info:
- An error occurred while generating the chunk item [project]/src/lib/prisma.ts [app-client] (ecmascript) <locals>
- Execution of <EcmascriptModuleLocalsModule as EcmascriptChunkPlaceable>::chunk_item_content failed
- Execution of *EcmascriptChunkItemContent::new failed
- Execution of EcmascriptModuleContent::new failed
- the chunking context (unknown) does not support external modules (request: node:dns)

Import traces:
  #1 [Server Component]:
    ./src/lib/prisma.ts
    ./src/auth.ts
    ./src/app/layout.tsx

  #2 [Server Component]:
    ./src/lib/prisma.ts
    ./src/lib/appreciation.ts
    ./src/components/home/HomeAppreciationSnippet.tsx
    ./src/app/(public)/page.tsx

  #3 [Server Component]:
    ./src/lib/prisma.ts
    ./src/lib/open-events.ts
    ./src/components/home/HomeOpenEventsChip.tsx
    ./src/app/(public)/layout.tsx

  #4 [Client Component Browser]:
    ./src/lib/prisma.ts [Client Component Browser]
    ./src/lib/open-events.ts [Client Component Browser]
    ./src/components/home/OpenEventsFloatingChip.tsx [Client Component Browser]
    ./src/components/home/OpenEventsFloatingChip.tsx [Server Component]
    ./src/components/home/HomeOpenEventsChip.tsx [Server Component]
    ./src/app/(public)/layout.tsx [Server Component]

  #5 [Client Component SSR]:
    ./src/lib/prisma.ts [Client Component SSR]
    ./src/lib/open-events.ts [Client Component SSR]
    ./src/components/home/OpenEventsFloatingChip.tsx [Client Component SSR]
    ./src/components/home/OpenEventsFloatingChip.tsx [Server Component]
    ./src/components/home/HomeOpenEventsChip.tsx [Server Component]
    ./src/app/(public)/layout.tsx [Server Component] @ http://localhost:3000/_next/static/chunks/node_modules_next_dist_1gdrd03._.js:1945
[   10489ms] [ERROR] ./src/lib/prisma.ts
Code generation for chunk item errored
An error occurred while generating the chunk item [project]/src/lib/prisma.ts [app-client] (ecmascript) <locals>

Caused by:
- the chunking context (unknown) does not support external modules (request: node:dns)

Debug info:
- An error occurred while generating the chunk item [project]/src/lib/prisma.ts [app-client] (ecmascript) <locals>
- Execution of <EcmascriptModuleLocalsModule as EcmascriptChunkPlaceable>::chunk_item_content failed
- Execution of *EcmascriptChunkItemContent::new failed
- Execution of EcmascriptModuleContent::new failed
- the chunking context (unknown) does not support external modules (request: node:dns)

Import traces:
  #1 [Server Component]:
    ./src/lib/prisma.ts
    ./src/auth.ts
    ./src/app/layout.tsx

  #2 [Server Component]:
    ./src/lib/prisma.ts
    ./src/lib/appreciation.ts
    ./src/components/home/HomeAppreciationSnippet.tsx
    ./src/app/(public)/page.tsx

  #3 [Server Component]:
    ./src/lib/prisma.ts
    ./src/lib/open-events.ts
    ./src/components/home/HomeOpenEventsChip.tsx
    ./src/app/(public)/layout.tsx

  #4 [Client Component Browser]:
    ./src/lib/prisma.ts [Client Component Browser]
    ./src/lib/open-events.ts [Client Component Browser]
    ./src/components/home/OpenEventsFloatingChip.tsx [Client Component Browser]
    ./src/components/home/OpenEventsFloatingChip.tsx [Server Component]
    ./src/components/home/HomeOpenEventsChip.tsx [Server Component]
    ./src/app/(public)/layout.tsx [Server Component]

  #5 [Client Component SSR]:
    ./src/lib/prisma.ts [Client Component SSR]
    ./src/lib/open-events.ts [Client Component SSR]
    ./src/components/home/OpenEventsFloatingChip.tsx [Client Component SSR]
    ./src/components/home/OpenEventsFloatingChip.tsx [Server Component]
    ./src/components/home/HomeOpenEventsChip.tsx [Server Component]
    ./src/app/(public)/layout.tsx [Server Component] @ http://localhost:3000/_next/static/chunks/node_modules_next_dist_1gdrd03._.js:1945
[   10553ms] [ERROR] ./src/lib/prisma.ts
Code generation for chunk item errored
An error occurred while generating the chunk item [project]/src/lib/prisma.ts [app-client] (ecmascript) <locals>

Caused by:
- the chunking context (unknown) does not support external modules (request: node:dns)

Debug info:
- An error occurred while generating the chunk item [project]/src/lib/prisma.ts [app-client] (ecmascript) <locals>
- Execution of <EcmascriptModuleLocalsModule as EcmascriptChunkPlaceable>::chunk_item_content failed
- Execution of *EcmascriptChunkItemContent::new failed
- Execution of EcmascriptModuleContent::new failed
- the chunking context (unknown) does not support external modules (request: node:dns)

Import traces:
  #1 [Server Component]:
    ./src/lib/prisma.ts
    ./src/auth.ts
    ./src/app/layout.tsx

  #2 [Server Component]:
    ./src/lib/prisma.ts
    ./src/lib/appreciation.ts
    ./src/components/home/HomeAppreciationSnippet.tsx
    ./src/app/(public)/page.tsx

  #3 [Server Component]:
    ./src/lib/prisma.ts
    ./src/lib/open-events.ts
    ./src/components/home/HomeOpenEventsChip.tsx
    ./src/app/(public)/layout.tsx

  #4 [Client Component Browser]:
    ./src/lib/prisma.ts [Client Component Browser]
    ./src/lib/open-events.ts [Client Component Browser]
    ./src/components/home/OpenEventsFloatingChip.tsx [Client Component Browser]
    ./src/components/home/OpenEventsFloatingChip.tsx [Server Component]
    ./src/components/home/HomeOpenEventsChip.tsx [Server Component]
    ./src/app/(public)/layout.tsx [Server Component]

  #5 [Client Component SSR]:
    ./src/lib/prisma.ts [Client Component SSR]
    ./src/lib/open-events.ts [Client Component SSR]
    ./src/components/home/OpenEventsFloatingChip.tsx [Client Component SSR]
    ./src/components/home/OpenEventsFloatingChip.tsx [Server Component]
    ./src/components/home/HomeOpenEventsChip.tsx [Server Component]
    ./src/app/(public)/layout.tsx [Server Component] @ http://localhost:3000/_next/static/chunks/node_modules_next_dist_1gdrd03._.js:1945
[   10615ms] [ERROR] ./src/lib/prisma.ts
Code generation for chunk item errored
An error occurred while generating the chunk item [project]/src/lib/prisma.ts [app-client] (ecmascript) <locals>

Caused by:
- the chunking context (unknown) does not support external modules (request: node:dns)

Debug info:
- An error occurred while generating the chunk item [project]/src/lib/prisma.ts [app-client] (ecmascript) <locals>
- Execution of <EcmascriptModuleLocalsModule as EcmascriptChunkPlaceable>::chunk_item_content failed
- Execution of *EcmascriptChunkItemContent::new failed
- Execution of EcmascriptModuleContent::new failed
- the chunking context (unknown) does not support external modules (request: node:dns)

Import traces:
  #1 [Server Component]:
    ./src/lib/prisma.ts
    ./src/auth.ts
    ./src/app/layout.tsx

  #2 [Server Component]:
    ./src/lib/prisma.ts
    ./src/lib/appreciation.ts
    ./src/components/home/HomeAppreciationSnippet.tsx
    ./src/app/(public)/page.tsx

  #3 [Server Component]:
    ./src/lib/prisma.ts
    ./src/lib/open-events.ts
    ./src/components/home/HomeOpenEventsChip.tsx
    ./src/app/(public)/layout.tsx

  #4 [Client Component Browser]:
    ./src/lib/prisma.ts [Client Component Browser]
    ./src/lib/open-events.ts [Client Component Browser]
    ./src/components/home/OpenEventsFloatingChip.tsx [Client Component Browser]
    ./src/components/home/OpenEventsFloatingChip.tsx [Server Component]
    ./src/components/home/HomeOpenEventsChip.tsx [Server Component]
    ./src/app/(public)/layout.tsx [Server Component]

  #5 [Client Component SSR]:
    ./src/lib/prisma.ts [Client Component SSR]
    ./src/lib/open-events.ts [Client Component SSR]
    ./src/components/home/OpenEventsFloatingChip.tsx [Client Component SSR]
    ./src/components/home/OpenEventsFloatingChip.tsx [Server Component]
    ./src/components/home/HomeOpenEventsChip.tsx [Server Component]
    ./src/app/(public)/layout.tsx [Server Component] @ http://localhost:3000/_next/static/chunks/node_modules_next_dist_1gdrd03._.js:1945
[   10678ms] [ERROR] ./src/lib/prisma.ts
Code generation for chunk item errored
An error occurred while generating the chunk item [project]/src/lib/prisma.ts [app-client] (ecmascript) <locals>

Caused by:
- the chunking context (unknown) does not support external modules (request: node:dns)

Debug info:
- An error occurred while generating the chunk item [project]/src/lib/prisma.ts [app-client] (ecmascript) <locals>
- Execution of <EcmascriptModuleLocalsModule as EcmascriptChunkPlaceable>::chunk_item_content failed
- Execution of *EcmascriptChunkItemContent::new failed
- Execution of EcmascriptModuleContent::new failed
- the chunking context (unknown) does not support external modules (request: node:dns)

Import traces:
  #1 [Server Component]:
    ./src/lib/prisma.ts
    ./src/auth.ts
    ./src/app/layout.tsx

  #2 [Server Component]:
    ./src/lib/prisma.ts
    ./src/lib/appreciation.ts
    ./src/components/home/HomeAppreciationSnippet.tsx
    ./src/app/(public)/page.tsx

  #3 [Server Component]:
    ./src/lib/prisma.ts
    ./src/lib/open-events.ts
    ./src/components/home/HomeOpenEventsChip.tsx
    ./src/app/(public)/layout.tsx

  #4 [Client Component Browser]:
    ./src/lib/prisma.ts [Client Component Browser]
    ./src/lib/open-events.ts [Client Component Browser]
    ./src/components/home/OpenEventsFloatingChip.tsx [Client Component Browser]
    ./src/components/home/OpenEventsFloatingChip.tsx [Server Component]
    ./src/components/home/HomeOpenEventsChip.tsx [Server Component]
    ./src/app/(public)/layout.tsx [Server Component]

  #5 [Client Component SSR]:
    ./src/lib/prisma.ts [Client Component SSR]
    ./src/lib/open-events.ts [Client Component SSR]
    ./src/components/home/OpenEventsFloatingChip.tsx [Client Component SSR]
    ./src/components/home/OpenEventsFloatingChip.tsx [Server Component]
    ./src/components/home/HomeOpenEventsChip.tsx [Server Component]
    ./src/app/(public)/layout.tsx [Server Component] @ http://localhost:3000/_next/static/chunks/node_modules_next_dist_1gdrd03._.js:1945
[   10740ms] [ERROR] ./src/lib/prisma.ts
Code generation for chunk item errored
An error occurred while generating the chunk item [project]/src/lib/prisma.ts [app-client] (ecmascript) <locals>

Caused by:
- the chunking context (unknown) does not support external modules (request: node:dns)

Debug info:
- An error occurred while generating the chunk item [project]/src/lib/prisma.ts [app-client] (ecmascript) <locals>
- Execution of <EcmascriptModuleLocalsModule as EcmascriptChunkPlaceable>::chunk_item_content failed
- Execution of *EcmascriptChunkItemContent::new failed
- Execution of EcmascriptModuleContent::new failed
- the chunking context (unknown) does not support external modules (request: node:dns)

Import traces:
  #1 [Server Component]:
    ./src/lib/prisma.ts
    ./src/auth.ts
    ./src/app/layout.tsx

  #2 [Server Component]:
    ./src/lib/prisma.ts
    ./src/lib/appreciation.ts
    ./src/components/home/HomeAppreciationSnippet.tsx
    ./src/app/(public)/page.tsx

  #3 [Server Component]:
    ./src/lib/prisma.ts
    ./src/lib/open-events.ts
    ./src/components/home/HomeOpenEventsChip.tsx
    ./src/app/(public)/layout.tsx

  #4 [Client Component Browser]:
    ./src/lib/prisma.ts [Client Component Browser]
    ./src/lib/open-events.ts [Client Component Browser]
    ./src/components/home/OpenEventsFloatingChip.tsx [Client Component Browser]
    ./src/components/home/OpenEventsFloatingChip.tsx [Server Component]
    ./src/components/home/HomeOpenEventsChip.tsx [Server Component]
    ./src/app/(public)/layout.tsx [Server Component]

  #5 [Client Component SSR]:
    ./src/lib/prisma.ts [Client Component SSR]
    ./src/lib/open-events.ts [Client Component SSR]
    ./src/components/home/OpenEventsFloatingChip.tsx [Client Component SSR]
    ./src/components/home/OpenEventsFloatingChip.tsx [Server Component]
    ./src/components/home/HomeOpenEventsChip.tsx [Server Component]
    ./src/app/(public)/layout.tsx [Server Component] @ http://localhost:3000/_next/static/chunks/node_modules_next_dist_1gdrd03._.js:1945
[   10803ms] [ERROR] ./src/lib/prisma.ts
Code generation for chunk item errored
An error occurred while generating the chunk item [project]/src/lib/prisma.ts [app-client] (ecmascript) <locals>

Caused by:
- the chunking context (unknown) does not support external modules (request: node:dns)

Debug info:
- An error occurred while generating the chunk item [project]/src/lib/prisma.ts [app-client] (ecmascript) <locals>
- Execution of <EcmascriptModuleLocalsModule as EcmascriptChunkPlaceable>::chunk_item_content failed
- Execution of *EcmascriptChunkItemContent::new failed
- Execution of EcmascriptModuleContent::new failed
- the chunking context (unknown) does not support external modules (request: node:dns)

Import traces:
  #1 [Server Component]:
    ./src/lib/prisma.ts
    ./src/auth.ts
    ./src/app/layout.tsx

  #2 [Server Component]:
    ./src/lib/prisma.ts
    ./src/lib/appreciation.ts
    ./src/components/home/HomeAppreciationSnippet.tsx
    ./src/app/(public)/page.tsx

  #3 [Server Component]:
    ./src/lib/prisma.ts
    ./src/lib/open-events.ts
    ./src/components/home/HomeOpenEventsChip.tsx
    ./src/app/(public)/layout.tsx

  #4 [Client Component Browser]:
    ./src/lib/prisma.ts [Client Component Browser]
    ./src/lib/open-events.ts [Client Component Browser]
    ./src/components/home/OpenEventsFloatingChip.tsx [Client Component Browser]
    ./src/components/home/OpenEventsFloatingChip.tsx [Server Component]
    ./src/components/home/HomeOpenEventsChip.tsx [Server Component]
    ./src/app/(public)/layout.tsx [Server Component]

  #5 [Client Component SSR]:
    ./src/lib/prisma.ts [Client Component SSR]
    ./src/lib/open-events.ts [Client Component SSR]
    ./src/components/home/OpenEventsFloatingChip.tsx [Client Component SSR]
    ./src/components/home/OpenEventsFloatingChip.tsx [Server Component]
    ./src/components/home/HomeOpenEventsChip.tsx [Server Component]
    ./src/app/(public)/layout.tsx [Server Component] @ http://localhost:3000/_next/static/chunks/node_modules_next_dist_1gdrd03._.js:1945
[   10863ms] [ERROR] ./src/lib/prisma.ts
Code generation for chunk item errored
An error occurred while generating the chunk item [project]/src/lib/prisma.ts [app-client] (ecmascript) <locals>

Caused by:
- the chunking context (unknown) does not support external modules (request: node:dns)

Debug info:
- An error occurred while generating the chunk item [project]/src/lib/prisma.ts [app-client] (ecmascript) <locals>
- Execution of <EcmascriptModuleLocalsModule as EcmascriptChunkPlaceable>::chunk_item_content failed
- Execution of *EcmascriptChunkItemContent::new failed
- Execution of EcmascriptModuleContent::new failed
- the chunking context (unknown) does not support external modules (request: node:dns)

Import traces:
  #1 [Server Component]:
    ./src/lib/prisma.ts
    ./src/auth.ts
    ./src/app/layout.tsx

  #2 [Server Component]:
    ./src/lib/prisma.ts
    ./src/lib/appreciation.ts
    ./src/components/home/HomeAppreciationSnippet.tsx
    ./src/app/(public)/page.tsx

  #3 [Server Component]:
    ./src/lib/prisma.ts
    ./src/lib/open-events.ts
    ./src/components/home/HomeOpenEventsChip.tsx
    ./src/app/(public)/layout.tsx

  #4 [Client Component Browser]:
    ./src/lib/prisma.ts [Client Component Browser]
    ./src/lib/open-events.ts [Client Component Browser]
    ./src/components/home/OpenEventsFloatingChip.tsx [Client Component Browser]
    ./src/components/home/OpenEventsFloatingChip.tsx [Server Component]
    ./src/components/home/HomeOpenEventsChip.tsx [Server Component]
    ./src/app/(public)/layout.tsx [Server Component]

  #5 [Client Component SSR]:
    ./src/lib/prisma.ts [Client Component SSR]
    ./src/lib/open-events.ts [Client Component SSR]
    ./src/components/home/OpenEventsFloatingChip.tsx [Client Component SSR]
    ./src/components/home/OpenEventsFloatingChip.tsx [Server Component]
    ./src/components/home/HomeOpenEventsChip.tsx [Server Component]
    ./src/app/(public)/layout.tsx [Server Component] @ http://localhost:3000/_next/static/chunks/node_modules_next_dist_1gdrd03._.js:1945
[   10925ms] [ERROR] ./src/lib/prisma.ts
Code generation for chunk item errored
An error occurred while generating the chunk item [project]/src/lib/prisma.ts [app-client] (ecmascript) <locals>

Caused by:
- the chunking context (unknown) does not support external modules (request: node:dns)

Debug info:
- An error occurred while generating the chunk item [project]/src/lib/prisma.ts [app-client] (ecmascript) <locals>
- Execution of <EcmascriptModuleLocalsModule as EcmascriptChunkPlaceable>::chunk_item_content failed
- Execution of *EcmascriptChunkItemContent::new failed
- Execution of EcmascriptModuleContent::new failed
- the chunking context (unknown) does not support external modules (request: node:dns)

Import traces:
  #1 [Server Component]:
    ./src/lib/prisma.ts
    ./src/auth.ts
    ./src/app/layout.tsx

  #2 [Server Component]:
    ./src/lib/prisma.ts
    ./src/lib/appreciation.ts
    ./src/components/home/HomeAppreciationSnippet.tsx
    ./src/app/(public)/page.tsx

  #3 [Server Component]:
    ./src/lib/prisma.ts
    ./src/lib/open-events.ts
    ./src/components/home/HomeOpenEventsChip.tsx
    ./src/app/(public)/layout.tsx

  #4 [Client Component Browser]:
    ./src/lib/prisma.ts [Client Component Browser]
    ./src/lib/open-events.ts [Client Component Browser]
    ./src/components/home/OpenEventsFloatingChip.tsx [Client Component Browser]
    ./src/components/home/OpenEventsFloatingChip.tsx [Server Component]
    ./src/components/home/HomeOpenEventsChip.tsx [Server Component]
    ./src/app/(public)/layout.tsx [Server Component]

  #5 [Client Component SSR]:
    ./src/lib/prisma.ts [Client Component SSR]
    ./src/lib/open-events.ts [Client Component SSR]
    ./src/components/home/OpenEventsFloatingChip.tsx [Client Component SSR]
    ./src/components/home/OpenEventsFloatingChip.tsx [Server Component]
    ./src/components/home/HomeOpenEventsChip.tsx [Server Component]
    ./src/app/(public)/layout.tsx [Server Component] @ http://localhost:3000/_next/static/chunks/node_modules_next_dist_1gdrd03._.js:1945
[   10987ms] [ERROR] ./src/lib/prisma.ts
Code generation for chunk item errored
An error occurred while generating the chunk item [project]/src/lib/prisma.ts [app-client] (ecmascript) <locals>

Caused by:
- the chunking context (unknown) does not support external modules (request: node:dns)

Debug info:
- An error occurred while generating the chunk item [project]/src/lib/prisma.ts [app-client] (ecmascript) <locals>
- Execution of <EcmascriptModuleLocalsModule as EcmascriptChunkPlaceable>::chunk_item_content failed
- Execution of *EcmascriptChunkItemContent::new failed
- Execution of EcmascriptModuleContent::new failed
- the chunking context (unknown) does not support external modules (request: node:dns)

Import traces:
  #1 [Server Component]:
    ./src/lib/prisma.ts
    ./src/auth.ts
    ./src/app/layout.tsx

  #2 [Server Component]:
    ./src/lib/prisma.ts
    ./src/lib/appreciation.ts
    ./src/components/home/HomeAppreciationSnippet.tsx
    ./src/app/(public)/page.tsx

  #3 [Server Component]:
    ./src/lib/prisma.ts
    ./src/lib/open-events.ts
    ./src/components/home/HomeOpenEventsChip.tsx
    ./src/app/(public)/layout.tsx

  #4 [Client Component Browser]:
    ./src/lib/prisma.ts [Client Component Browser]
    ./src/lib/open-events.ts [Client Component Browser]
    ./src/components/home/OpenEventsFloatingChip.tsx [Client Component Browser]
    ./src/components/home/OpenEventsFloatingChip.tsx [Server Component]
    ./src/components/home/HomeOpenEventsChip.tsx [Server Component]
    ./src/app/(public)/layout.tsx [Server Component]

  #5 [Client Component SSR]:
    ./src/lib/prisma.ts [Client Component SSR]
    ./src/lib/open-events.ts [Client Component SSR]
    ./src/components/home/OpenEventsFloatingChip.tsx [Client Component SSR]
    ./src/components/home/OpenEventsFloatingChip.tsx [Server Component]
    ./src/components/home/HomeOpenEventsChip.tsx [Server Component]
    ./src/app/(public)/layout.tsx [Server Component] @ http://localhost:3000/_next/static/chunks/node_modules_next_dist_1gdrd03._.js:1945
[   11048ms] [ERROR] ./src/lib/prisma.ts
Code generation for chunk item errored
An error occurred while generating the chunk item [project]/src/lib/prisma.ts [app-client] (ecmascript) <locals>

Caused by:
- the chunking context (unknown) does not support external modules (request: node:dns)

Debug info:
- An error occurred while generating the chunk item [project]/src/lib/prisma.ts [app-client] (ecmascript) <locals>
- Execution of <EcmascriptModuleLocalsModule as EcmascriptChunkPlaceable>::chunk_item_content failed
- Execution of *EcmascriptChunkItemContent::new failed
- Execution of EcmascriptModuleContent::new failed
- the chunking context (unknown) does not support external modules (request: node:dns)

Import traces:
  #1 [Server Component]:
    ./src/lib/prisma.ts
    ./src/auth.ts
    ./src/app/layout.tsx

  #2 [Server Component]:
    ./src/lib/prisma.ts
    ./src/lib/appreciation.ts
    ./src/components/home/HomeAppreciationSnippet.tsx
    ./src/app/(public)/page.tsx

  #3 [Server Component]:
    ./src/lib/prisma.ts
    ./src/lib/open-events.ts
    ./src/components/home/HomeOpenEventsChip.tsx
    ./src/app/(public)/layout.tsx

  #4 [Client Component Browser]:
    ./src/lib/prisma.ts [Client Component Browser]
    ./src/lib/open-events.ts [Client Component Browser]
    ./src/components/home/OpenEventsFloatingChip.tsx [Client Component Browser]
    ./src/components/home/OpenEventsFloatingChip.tsx [Server Component]
    ./src/components/home/HomeOpenEventsChip.tsx [Server Component]
    ./src/app/(public)/layout.tsx [Server Component]

  #5 [Client Component SSR]:
    ./src/lib/prisma.ts [Client Component SSR]
    ./src/lib/open-events.ts [Client Component SSR]
    ./src/components/home/OpenEventsFloatingChip.tsx [Client Component SSR]
    ./src/components/home/OpenEventsFloatingChip.tsx [Server Component]
    ./src/components/home/HomeOpenEventsChip.tsx [Server Component]
    ./src/app/(public)/layout.tsx [Server Component] @ http://localhost:3000/_next/static/chunks/node_modules_next_dist_1gdrd03._.js:1945
[   11112ms] [ERROR] ./src/lib/prisma.ts
Code generation for chunk item errored
An error occurred while generating the chunk item [project]/src/lib/prisma.ts [app-client] (ecmascript) <locals>

Caused by:
- the chunking context (unknown) does not support external modules (request: node:dns)

Debug info:
- An error occurred while generating the chunk item [project]/src/lib/prisma.ts [app-client] (ecmascript) <locals>
- Execution of <EcmascriptModuleLocalsModule as EcmascriptChunkPlaceable>::chunk_item_content failed
- Execution of *EcmascriptChunkItemContent::new failed
- Execution of EcmascriptModuleContent::new failed
- the chunking context (unknown) does not support external modules (request: node:dns)

Import traces:
  #1 [Server Component]:
    ./src/lib/prisma.ts
    ./src/auth.ts
    ./src/app/layout.tsx

  #2 [Server Component]:
    ./src/lib/prisma.ts
    ./src/lib/appreciation.ts
    ./src/components/home/HomeAppreciationSnippet.tsx
    ./src/app/(public)/page.tsx

  #3 [Server Component]:
    ./src/lib/prisma.ts
    ./src/lib/open-events.ts
    ./src/components/home/HomeOpenEventsChip.tsx
    ./src/app/(public)/layout.tsx

  #4 [Client Component Browser]:
    ./src/lib/prisma.ts [Client Component Browser]
    ./src/lib/open-events.ts [Client Component Browser]
    ./src/components/home/OpenEventsFloatingChip.tsx [Client Component Browser]
    ./src/components/home/OpenEventsFloatingChip.tsx [Server Component]
    ./src/components/home/HomeOpenEventsChip.tsx [Server Component]
    ./src/app/(public)/layout.tsx [Server Component]

  #5 [Client Component SSR]:
    ./src/lib/prisma.ts [Client Component SSR]
    ./src/lib/open-events.ts [Client Component SSR]
    ./src/components/home/OpenEventsFloatingChip.tsx [Client Component SSR]
    ./src/components/home/OpenEventsFloatingChip.tsx [Server Component]
    ./src/components/home/HomeOpenEventsChip.tsx [Server Component]
    ./src/app/(public)/layout.tsx [Server Component] @ http://localhost:3000/_next/static/chunks/node_modules_next_dist_1gdrd03._.js:1945
[   11174ms] [ERROR] ./src/lib/prisma.ts
Code generation for chunk item errored
An error occurred while generating the chunk item [project]/src/lib/prisma.ts [app-client] (ecmascript) <locals>

Caused by:
- the chunking context (unknown) does not support external modules (request: node:dns)

Debug info:
- An error occurred while generating the chunk item [project]/src/lib/prisma.ts [app-client] (ecmascript) <locals>
- Execution of <EcmascriptModuleLocalsModule as EcmascriptChunkPlaceable>::chunk_item_content failed
- Execution of *EcmascriptChunkItemContent::new failed
- Execution of EcmascriptModuleContent::new failed
- the chunking context (unknown) does not support external modules (request: node:dns)

Import traces:
  #1 [Server Component]:
    ./src/lib/prisma.ts
    ./src/auth.ts
    ./src/app/layout.tsx

  #2 [Server Component]:
    ./src/lib/prisma.ts
    ./src/lib/appreciation.ts
    ./src/components/home/HomeAppreciationSnippet.tsx
    ./src/app/(public)/page.tsx

  #3 [Server Component]:
    ./src/lib/prisma.ts
    ./src/lib/open-events.ts
    ./src/components/home/HomeOpenEventsChip.tsx
    ./src/app/(public)/layout.tsx

  #4 [Client Component Browser]:
    ./src/lib/prisma.ts [Client Component Browser]
    ./src/lib/open-events.ts [Client Component Browser]
    ./src/components/home/OpenEventsFloatingChip.tsx [Client Component Browser]
    ./src/components/home/OpenEventsFloatingChip.tsx [Server Component]
    ./src/components/home/HomeOpenEventsChip.tsx [Server Component]
    ./src/app/(public)/layout.tsx [Server Component]

  #5 [Client Component SSR]:
    ./src/lib/prisma.ts [Client Component SSR]
    ./src/lib/open-events.ts [Client Component SSR]
    ./src/components/home/OpenEventsFloatingChip.tsx [Client Component SSR]
    ./src/components/home/OpenEventsFloatingChip.tsx [Server Component]
    ./src/components/home/HomeOpenEventsChip.tsx [Server Component]
    ./src/app/(public)/layout.tsx [Server Component] @ http://localhost:3000/_next/static/chunks/node_modules_next_dist_1gdrd03._.js:1945
[   11235ms] [ERROR] ./src/lib/prisma.ts
Code generation for chunk item errored
An error occurred while generating the chunk item [project]/src/lib/prisma.ts [app-client] (ecmascript) <locals>

Caused by:
- the chunking context (unknown) does not support external modules (request: node:dns)

Debug info:
- An error occurred while generating the chunk item [project]/src/lib/prisma.ts [app-client] (ecmascript) <locals>
- Execution of <EcmascriptModuleLocalsModule as EcmascriptChunkPlaceable>::chunk_item_content failed
- Execution of *EcmascriptChunkItemContent::new failed
- Execution of EcmascriptModuleContent::new failed
- the chunking context (unknown) does not support external modules (request: node:dns)

Import traces:
  #1 [Server Component]:
    ./src/lib/prisma.ts
    ./src/auth.ts
    ./src/app/layout.tsx

  #2 [Server Component]:
    ./src/lib/prisma.ts
    ./src/lib/appreciation.ts
    ./src/components/home/HomeAppreciationSnippet.tsx
    ./src/app/(public)/page.tsx

  #3 [Server Component]:
    ./src/lib/prisma.ts
    ./src/lib/open-events.ts
    ./src/components/home/HomeOpenEventsChip.tsx
    ./src/app/(public)/layout.tsx

  #4 [Client Component Browser]:
    ./src/lib/prisma.ts [Client Component Browser]
    ./src/lib/open-events.ts [Client Component Browser]
    ./src/components/home/OpenEventsFloatingChip.tsx [Client Component Browser]
    ./src/components/home/OpenEventsFloatingChip.tsx [Server Component]
    ./src/components/home/HomeOpenEventsChip.tsx [Server Component]
    ./src/app/(public)/layout.tsx [Server Component]

  #5 [Client Component SSR]:
    ./src/lib/prisma.ts [Client Component SSR]
    ./src/lib/open-events.ts [Client Component SSR]
    ./src/components/home/OpenEventsFloatingChip.tsx [Client Component SSR]
    ./src/components/home/OpenEventsFloatingChip.tsx [Server Component]
    ./src/components/home/HomeOpenEventsChip.tsx [Server Component]
    ./src/app/(public)/layout.tsx [Server Component] @ http://localhost:3000/_next/static/chunks/node_modules_next_dist_1gdrd03._.js:1945
[   11296ms] [ERROR] ./src/lib/prisma.ts
Code generation for chunk item errored
An error occurred while generating the chunk item [project]/src/lib/prisma.ts [app-client] (ecmascript) <locals>

Caused by:
- the chunking context (unknown) does not support external modules (request: node:dns)

Debug info:
- An error occurred while generating the chunk item [project]/src/lib/prisma.ts [app-client] (ecmascript) <locals>
- Execution of <EcmascriptModuleLocalsModule as EcmascriptChunkPlaceable>::chunk_item_content failed
- Execution of *EcmascriptChunkItemContent::new failed
- Execution of EcmascriptModuleContent::new failed
- the chunking context (unknown) does not support external modules (request: node:dns)

Import traces:
  #1 [Server Component]:
    ./src/lib/prisma.ts
    ./src/auth.ts
    ./src/app/layout.tsx

  #2 [Server Component]:
    ./src/lib/prisma.ts
    ./src/lib/appreciation.ts
    ./src/components/home/HomeAppreciationSnippet.tsx
    ./src/app/(public)/page.tsx

  #3 [Server Component]:
    ./src/lib/prisma.ts
    ./src/lib/open-events.ts
    ./src/components/home/HomeOpenEventsChip.tsx
    ./src/app/(public)/layout.tsx

  #4 [Client Component Browser]:
    ./src/lib/prisma.ts [Client Component Browser]
    ./src/lib/open-events.ts [Client Component Browser]
    ./src/components/home/OpenEventsFloatingChip.tsx [Client Component Browser]
    ./src/components/home/OpenEventsFloatingChip.tsx [Server Component]
    ./src/components/home/HomeOpenEventsChip.tsx [Server Component]
    ./src/app/(public)/layout.tsx [Server Component]

  #5 [Client Component SSR]:
    ./src/lib/prisma.ts [Client Component SSR]
    ./src/lib/open-events.ts [Client Component SSR]
    ./src/components/home/OpenEventsFloatingChip.tsx [Client Component SSR]
    ./src/components/home/OpenEventsFloatingChip.tsx [Server Component]
    ./src/components/home/HomeOpenEventsChip.tsx [Server Component]
    ./src/app/(public)/layout.tsx [Server Component] @ http://localhost:3000/_next/static/chunks/node_modules_next_dist_1gdrd03._.js:1945
[   11358ms] [ERROR] ./src/lib/prisma.ts
Code generation for chunk item errored
An error occurred while generating the chunk item [project]/src/lib/prisma.ts [app-client] (ecmascript) <locals>

Caused by:
- the chunking context (unknown) does not support external modules (request: node:dns)

Debug info:
- An error occurred while generating the chunk item [project]/src/lib/prisma.ts [app-client] (ecmascript) <locals>
- Execution of <EcmascriptModuleLocalsModule as EcmascriptChunkPlaceable>::chunk_item_content failed
- Execution of *EcmascriptChunkItemContent::new failed
- Execution of EcmascriptModuleContent::new failed
- the chunking context (unknown) does not support external modules (request: node:dns)

Import traces:
  #1 [Server Component]:
    ./src/lib/prisma.ts
    ./src/auth.ts
    ./src/app/layout.tsx

  #2 [Server Component]:
    ./src/lib/prisma.ts
    ./src/lib/appreciation.ts
    ./src/components/home/HomeAppreciationSnippet.tsx
    ./src/app/(public)/page.tsx

  #3 [Server Component]:
    ./src/lib/prisma.ts
    ./src/lib/open-events.ts
    ./src/components/home/HomeOpenEventsChip.tsx
    ./src/app/(public)/layout.tsx

  #4 [Client Component Browser]:
    ./src/lib/prisma.ts [Client Component Browser]
    ./src/lib/open-events.ts [Client Component Browser]
    ./src/components/home/OpenEventsFloatingChip.tsx [Client Component Browser]
    ./src/components/home/OpenEventsFloatingChip.tsx [Server Component]
    ./src/components/home/HomeOpenEventsChip.tsx [Server Component]
    ./src/app/(public)/layout.tsx [Server Component]

  #5 [Client Component SSR]:
    ./src/lib/prisma.ts [Client Component SSR]
    ./src/lib/open-events.ts [Client Component SSR]
    ./src/components/home/OpenEventsFloatingChip.tsx [Client Component SSR]
    ./src/components/home/OpenEventsFloatingChip.tsx [Server Component]
    ./src/components/home/HomeOpenEventsChip.tsx [Server Component]
    ./src/app/(public)/layout.tsx [Server Component] @ http://localhost:3000/_next/static/chunks/node_modules_next_dist_1gdrd03._.js:1945
[   11419ms] [ERROR] ./src/lib/prisma.ts
Code generation for chunk item errored
An error occurred while generating the chunk item [project]/src/lib/prisma.ts [app-client] (ecmascript) <locals>

Caused by:
- the chunking context (unknown) does not support external modules (request: node:dns)

Debug info:
- An error occurred while generating the chunk item [project]/src/lib/prisma.ts [app-client] (ecmascript) <locals>
- Execution of <EcmascriptModuleLocalsModule as EcmascriptChunkPlaceable>::chunk_item_content failed
- Execution of *EcmascriptChunkItemContent::new failed
- Execution of EcmascriptModuleContent::new failed
- the chunking context (unknown) does not support external modules (request: node:dns)

Import traces:
  #1 [Server Component]:
    ./src/lib/prisma.ts
    ./src/auth.ts
    ./src/app/layout.tsx

  #2 [Server Component]:
    ./src/lib/prisma.ts
    ./src/lib/appreciation.ts
    ./src/components/home/HomeAppreciationSnippet.tsx
    ./src/app/(public)/page.tsx

  #3 [Server Component]:
    ./src/lib/prisma.ts
    ./src/lib/open-events.ts
    ./src/components/home/HomeOpenEventsChip.tsx
    ./src/app/(public)/layout.tsx

  #4 [Client Component Browser]:
    ./src/lib/prisma.ts [Client Component Browser]
    ./src/lib/open-events.ts [Client Component Browser]
    ./src/components/home/OpenEventsFloatingChip.tsx [Client Component Browser]
    ./src/components/home/OpenEventsFloatingChip.tsx [Server Component]
    ./src/components/home/HomeOpenEventsChip.tsx [Server Component]
    ./src/app/(public)/layout.tsx [Server Component]

  #5 [Client Component SSR]:
    ./src/lib/prisma.ts [Client Component SSR]
    ./src/lib/open-events.ts [Client Component SSR]
    ./src/components/home/OpenEventsFloatingChip.tsx [Client Component SSR]
    ./src/components/home/OpenEventsFloatingChip.tsx [Server Component]
    ./src/components/home/HomeOpenEventsChip.tsx [Server Component]
    ./src/app/(public)/layout.tsx [Server Component] @ http://localhost:3000/_next/static/chunks/node_modules_next_dist_1gdrd03._.js:1945
[   11482ms] [ERROR] ./src/lib/prisma.ts
Code generation for chunk item errored
An error occurred while generating the chunk item [project]/src/lib/prisma.ts [app-client] (ecmascript) <locals>

Caused by:
- the chunking context (unknown) does not support external modules (request: node:dns)

Debug info:
- An error occurred while generating the chunk item [project]/src/lib/prisma.ts [app-client] (ecmascript) <locals>
- Execution of <EcmascriptModuleLocalsModule as EcmascriptChunkPlaceable>::chunk_item_content failed
- Execution of *EcmascriptChunkItemContent::new failed
- Execution of EcmascriptModuleContent::new failed
- the chunking context (unknown) does not support external modules (request: node:dns)

Import traces:
  #1 [Server Component]:
    ./src/lib/prisma.ts
    ./src/auth.ts
    ./src/app/layout.tsx

  #2 [Server Component]:
    ./src/lib/prisma.ts
    ./src/lib/appreciation.ts
    ./src/components/home/HomeAppreciationSnippet.tsx
    ./src/app/(public)/page.tsx

  #3 [Server Component]:
    ./src/lib/prisma.ts
    ./src/lib/open-events.ts
    ./src/components/home/HomeOpenEventsChip.tsx
    ./src/app/(public)/layout.tsx

  #4 [Client Component Browser]:
    ./src/lib/prisma.ts [Client Component Browser]
    ./src/lib/open-events.ts [Client Component Browser]
    ./src/components/home/OpenEventsFloatingChip.tsx [Client Component Browser]
    ./src/components/home/OpenEventsFloatingChip.tsx [Server Component]
    ./src/components/home/HomeOpenEventsChip.tsx [Server Component]
    ./src/app/(public)/layout.tsx [Server Component]

  #5 [Client Component SSR]:
    ./src/lib/prisma.ts [Client Component SSR]
    ./src/lib/open-events.ts [Client Component SSR]
    ./src/components/home/OpenEventsFloatingChip.tsx [Client Component SSR]
    ./src/components/home/OpenEventsFloatingChip.tsx [Server Component]
    ./src/components/home/HomeOpenEventsChip.tsx [Server Component]
    ./src/app/(public)/layout.tsx [Server Component] @ http://localhost:3000/_next/static/chunks/node_modules_next_dist_1gdrd03._.js:1945
[   11545ms] [ERROR] ./src/lib/prisma.ts
Code generation for chunk item errored
An error occurred while generating the chunk item [project]/src/lib/prisma.ts [app-client] (ecmascript) <locals>

Caused by:
- the chunking context (unknown) does not support external modules (request: node:dns)

Debug info:
- An error occurred while generating the chunk item [project]/src/lib/prisma.ts [app-client] (ecmascript) <locals>
- Execution of <EcmascriptModuleLocalsModule as EcmascriptChunkPlaceable>::chunk_item_content failed
- Execution of *EcmascriptChunkItemContent::new failed
- Execution of EcmascriptModuleContent::new failed
- the chunking context (unknown) does not support external modules (request: node:dns)

Import traces:
  #1 [Server Component]:
    ./src/lib/prisma.ts
    ./src/auth.ts
    ./src/app/layout.tsx

  #2 [Server Component]:
    ./src/lib/prisma.ts
    ./src/lib/appreciation.ts
    ./src/components/home/HomeAppreciationSnippet.tsx
    ./src/app/(public)/page.tsx

  #3 [Server Component]:
    ./src/lib/prisma.ts
    ./src/lib/open-events.ts
    ./src/components/home/HomeOpenEventsChip.tsx
    ./src/app/(public)/layout.tsx

  #4 [Client Component Browser]:
    ./src/lib/prisma.ts [Client Component Browser]
    ./src/lib/open-events.ts [Client Component Browser]
    ./src/components/home/OpenEventsFloatingChip.tsx [Client Component Browser]
    ./src/components/home/OpenEventsFloatingChip.tsx [Server Component]
    ./src/components/home/HomeOpenEventsChip.tsx [Server Component]
    ./src/app/(public)/layout.tsx [Server Component]

  #5 [Client Component SSR]:
    ./src/lib/prisma.ts [Client Component SSR]
    ./src/lib/open-events.ts [Client Component SSR]
    ./src/components/home/OpenEventsFloatingChip.tsx [Client Component SSR]
    ./src/components/home/OpenEventsFloatingChip.tsx [Server Component]
    ./src/components/home/HomeOpenEventsChip.tsx [Server Component]
    ./src/app/(public)/layout.tsx [Server Component] @ http://localhost:3000/_next/static/chunks/node_modules_next_dist_1gdrd03._.js:1945
[   11606ms] [ERROR] ./src/lib/prisma.ts
Code generation for chunk item errored
An error occurred while generating the chunk item [project]/src/lib/prisma.ts [app-client] (ecmascript) <locals>

Caused by:
- the chunking context (unknown) does not support external modules (request: node:dns)

Debug info:
- An error occurred while generating the chunk item [project]/src/lib/prisma.ts [app-client] (ecmascript) <locals>
- Execution of <EcmascriptModuleLocalsModule as EcmascriptChunkPlaceable>::chunk_item_content failed
- Execution of *EcmascriptChunkItemContent::new failed
- Execution of EcmascriptModuleContent::new failed
- the chunking context (unknown) does not support external modules (request: node:dns)

Import traces:
  #1 [Server Component]:
    ./src/lib/prisma.ts
    ./src/auth.ts
    ./src/app/layout.tsx

  #2 [Server Component]:
    ./src/lib/prisma.ts
    ./src/lib/appreciation.ts
    ./src/components/home/HomeAppreciationSnippet.tsx
    ./src/app/(public)/page.tsx

  #3 [Server Component]:
    ./src/lib/prisma.ts
    ./src/lib/open-events.ts
    ./src/components/home/HomeOpenEventsChip.tsx
    ./src/app/(public)/layout.tsx

  #4 [Client Component Browser]:
    ./src/lib/prisma.ts [Client Component Browser]
    ./src/lib/open-events.ts [Client Component Browser]
    ./src/components/home/OpenEventsFloatingChip.tsx [Client Component Browser]
    ./src/components/home/OpenEventsFloatingChip.tsx [Server Component]
    ./src/components/home/HomeOpenEventsChip.tsx [Server Component]
    ./src/app/(public)/layout.tsx [Server Component]

  #5 [Client Component SSR]:
    ./src/lib/prisma.ts [Client Component SSR]
    ./src/lib/open-events.ts [Client Component SSR]
    ./src/components/home/OpenEventsFloatingChip.tsx [Client Component SSR]
    ./src/components/home/OpenEventsFloatingChip.tsx [Server Component]
    ./src/components/home/HomeOpenEventsChip.tsx [Server Component]
    ./src/app/(public)/layout.tsx [Server Component] @ http://localhost:3000/_next/static/chunks/node_modules_next_dist_1gdrd03._.js:1945
[   11669ms] [ERROR] ./src/lib/prisma.ts
Code generation for chunk item errored
An error occurred while generating the chunk item [project]/src/lib/prisma.ts [app-client] (ecmascript) <locals>

Caused by:
- the chunking context (unknown) does not support external modules (request: node:dns)

Debug info:
- An error occurred while generating the chunk item [project]/src/lib/prisma.ts [app-client] (ecmascript) <locals>
- Execution of <EcmascriptModuleLocalsModule as EcmascriptChunkPlaceable>::chunk_item_content failed
- Execution of *EcmascriptChunkItemContent::new failed
- Execution of EcmascriptModuleContent::new failed
- the chunking context (unknown) does not support external modules (request: node:dns)

Import traces:
  #1 [Server Component]:
    ./src/lib/prisma.ts
    ./src/auth.ts
    ./src/app/layout.tsx

  #2 [Server Component]:
    ./src/lib/prisma.ts
    ./src/lib/appreciation.ts
    ./src/components/home/HomeAppreciationSnippet.tsx
    ./src/app/(public)/page.tsx

  #3 [Server Component]:
    ./src/lib/prisma.ts
    ./src/lib/open-events.ts
    ./src/components/home/HomeOpenEventsChip.tsx
    ./src/app/(public)/layout.tsx

  #4 [Client Component Browser]:
    ./src/lib/prisma.ts [Client Component Browser]
    ./src/lib/open-events.ts [Client Component Browser]
    ./src/components/home/OpenEventsFloatingChip.tsx [Client Component Browser]
    ./src/components/home/OpenEventsFloatingChip.tsx [Server Component]
    ./src/components/home/HomeOpenEventsChip.tsx [Server Component]
    ./src/app/(public)/layout.tsx [Server Component]

  #5 [Client Component SSR]:
    ./src/lib/prisma.ts [Client Component SSR]
    ./src/lib/open-events.ts [Client Component SSR]
    ./src/components/home/OpenEventsFloatingChip.tsx [Client Component SSR]
    ./src/components/home/OpenEventsFloatingChip.tsx [Server Component]
    ./src/components/home/HomeOpenEventsChip.tsx [Server Component]
    ./src/app/(public)/layout.tsx [Server Component] @ http://localhost:3000/_next/static/chunks/node_modules_next_dist_1gdrd03._.js:1945
[   11730ms] [ERROR] ./src/lib/prisma.ts
Code generation for chunk item errored
An error occurred while generating the chunk item [project]/src/lib/prisma.ts [app-client] (ecmascript) <locals>

Caused by:
- the chunking context (unknown) does not support external modules (request: node:dns)

Debug info:
- An error occurred while generating the chunk item [project]/src/lib/prisma.ts [app-client] (ecmascript) <locals>
- Execution of <EcmascriptModuleLocalsModule as EcmascriptChunkPlaceable>::chunk_item_content failed
- Execution of *EcmascriptChunkItemContent::new failed
- Execution of EcmascriptModuleContent::new failed
- the chunking context (unknown) does not support external modules (request: node:dns)

Import traces:
  #1 [Server Component]:
    ./src/lib/prisma.ts
    ./src/auth.ts
    ./src/app/layout.tsx

  #2 [Server Component]:
    ./src/lib/prisma.ts
    ./src/lib/appreciation.ts
    ./src/components/home/HomeAppreciationSnippet.tsx
    ./src/app/(public)/page.tsx

  #3 [Server Component]:
    ./src/lib/prisma.ts
    ./src/lib/open-events.ts
    ./src/components/home/HomeOpenEventsChip.tsx
    ./src/app/(public)/layout.tsx

  #4 [Client Component Browser]:
    ./src/lib/prisma.ts [Client Component Browser]
    ./src/lib/open-events.ts [Client Component Browser]
    ./src/components/home/OpenEventsFloatingChip.tsx [Client Component Browser]
    ./src/components/home/OpenEventsFloatingChip.tsx [Server Component]
    ./src/components/home/HomeOpenEventsChip.tsx [Server Component]
    ./src/app/(public)/layout.tsx [Server Component]

  #5 [Client Component SSR]:
    ./src/lib/prisma.ts [Client Component SSR]
    ./src/lib/open-events.ts [Client Component SSR]
    ./src/components/home/OpenEventsFloatingChip.tsx [Client Component SSR]
    ./src/components/home/OpenEventsFloatingChip.tsx [Server Component]
    ./src/components/home/HomeOpenEventsChip.tsx [Server Component]
    ./src/app/(public)/layout.tsx [Server Component] @ http://localhost:3000/_next/static/chunks/node_modules_next_dist_1gdrd03._.js:1945
[   11791ms] [ERROR] ./src/lib/prisma.ts
Code generation for chunk item errored
An error occurred while generating the chunk item [project]/src/lib/prisma.ts [app-client] (ecmascript) <locals>

Caused by:
- the chunking context (unknown) does not support external modules (request: node:dns)

Debug info:
- An error occurred while generating the chunk item [project]/src/lib/prisma.ts [app-client] (ecmascript) <locals>
- Execution of <EcmascriptModuleLocalsModule as EcmascriptChunkPlaceable>::chunk_item_content failed
- Execution of *EcmascriptChunkItemContent::new failed
- Execution of EcmascriptModuleContent::new failed
- the chunking context (unknown) does not support external modules (request: node:dns)

Import traces:
  #1 [Server Component]:
    ./src/lib/prisma.ts
    ./src/auth.ts
    ./src/app/layout.tsx

  #2 [Server Component]:
    ./src/lib/prisma.ts
    ./src/lib/appreciation.ts
    ./src/components/home/HomeAppreciationSnippet.tsx
    ./src/app/(public)/page.tsx

  #3 [Server Component]:
    ./src/lib/prisma.ts
    ./src/lib/open-events.ts
    ./src/components/home/HomeOpenEventsChip.tsx
    ./src/app/(public)/layout.tsx

  #4 [Client Component Browser]:
    ./src/lib/prisma.ts [Client Component Browser]
    ./src/lib/open-events.ts [Client Component Browser]
    ./src/components/home/OpenEventsFloatingChip.tsx [Client Component Browser]
    ./src/components/home/OpenEventsFloatingChip.tsx [Server Component]
    ./src/components/home/HomeOpenEventsChip.tsx [Server Component]
    ./src/app/(public)/layout.tsx [Server Component]

  #5 [Client Component SSR]:
    ./src/lib/prisma.ts [Client Component SSR]
    ./src/lib/open-events.ts [Client Component SSR]
    ./src/components/home/OpenEventsFloatingChip.tsx [Client Component SSR]
    ./src/components/home/OpenEventsFloatingChip.tsx [Server Component]
    ./src/components/home/HomeOpenEventsChip.tsx [Server Component]
    ./src/app/(public)/layout.tsx [Server Component] @ http://localhost:3000/_next/static/chunks/node_modules_next_dist_1gdrd03._.js:1945
[   11853ms] [ERROR] ./src/lib/prisma.ts
Code generation for chunk item errored
An error occurred while generating the chunk item [project]/src/lib/prisma.ts [app-client] (ecmascript) <locals>

Caused by:
- the chunking context (unknown) does not support external modules (request: node:dns)

Debug info:
- An error occurred while generating the chunk item [project]/src/lib/prisma.ts [app-client] (ecmascript) <locals>
- Execution of <EcmascriptModuleLocalsModule as EcmascriptChunkPlaceable>::chunk_item_content failed
- Execution of *EcmascriptChunkItemContent::new failed
- Execution of EcmascriptModuleContent::new failed
- the chunking context (unknown) does not support external modules (request: node:dns)

Import traces:
  #1 [Server Component]:
    ./src/lib/prisma.ts
    ./src/auth.ts
    ./src/app/layout.tsx

  #2 [Server Component]:
    ./src/lib/prisma.ts
    ./src/lib/appreciation.ts
    ./src/components/home/HomeAppreciationSnippet.tsx
    ./src/app/(public)/page.tsx

  #3 [Server Component]:
    ./src/lib/prisma.ts
    ./src/lib/open-events.ts
    ./src/components/home/HomeOpenEventsChip.tsx
    ./src/app/(public)/layout.tsx

  #4 [Client Component Browser]:
    ./src/lib/prisma.ts [Client Component Browser]
    ./src/lib/open-events.ts [Client Component Browser]
    ./src/components/home/OpenEventsFloatingChip.tsx [Client Component Browser]
    ./src/components/home/OpenEventsFloatingChip.tsx [Server Component]
    ./src/components/home/HomeOpenEventsChip.tsx [Server Component]
    ./src/app/(public)/layout.tsx [Server Component]

  #5 [Client Component SSR]:
    ./src/lib/prisma.ts [Client Component SSR]
    ./src/lib/open-events.ts [Client Component SSR]
    ./src/components/home/OpenEventsFloatingChip.tsx [Client Component SSR]
    ./src/components/home/OpenEventsFloatingChip.tsx [Server Component]
    ./src/components/home/HomeOpenEventsChip.tsx [Server Component]
    ./src/app/(public)/layout.tsx [Server Component] @ http://localhost:3000/_next/static/chunks/node_modules_next_dist_1gdrd03._.js:1945
[   11916ms] [ERROR] ./src/lib/prisma.ts
Code generation for chunk item errored
An error occurred while generating the chunk item [project]/src/lib/prisma.ts [app-client] (ecmascript) <locals>

Caused by:
- the chunking context (unknown) does not support external modules (request: node:dns)

Debug info:
- An error occurred while generating the chunk item [project]/src/lib/prisma.ts [app-client] (ecmascript) <locals>
- Execution of <EcmascriptModuleLocalsModule as EcmascriptChunkPlaceable>::chunk_item_content failed
- Execution of *EcmascriptChunkItemContent::new failed
- Execution of EcmascriptModuleContent::new failed
- the chunking context (unknown) does not support external modules (request: node:dns)

Import traces:
  #1 [Server Component]:
    ./src/lib/prisma.ts
    ./src/auth.ts
    ./src/app/layout.tsx

  #2 [Server Component]:
    ./src/lib/prisma.ts
    ./src/lib/appreciation.ts
    ./src/components/home/HomeAppreciationSnippet.tsx
    ./src/app/(public)/page.tsx

  #3 [Server Component]:
    ./src/lib/prisma.ts
    ./src/lib/open-events.ts
    ./src/components/home/HomeOpenEventsChip.tsx
    ./src/app/(public)/layout.tsx

  #4 [Client Component Browser]:
    ./src/lib/prisma.ts [Client Component Browser]
    ./src/lib/open-events.ts [Client Component Browser]
    ./src/components/home/OpenEventsFloatingChip.tsx [Client Component Browser]
    ./src/components/home/OpenEventsFloatingChip.tsx [Server Component]
    ./src/components/home/HomeOpenEventsChip.tsx [Server Component]
    ./src/app/(public)/layout.tsx [Server Component]

  #5 [Client Component SSR]:
    ./src/lib/prisma.ts [Client Component SSR]
    ./src/lib/open-events.ts [Client Component SSR]
    ./src/components/home/OpenEventsFloatingChip.tsx [Client Component SSR]
    ./src/components/home/OpenEventsFloatingChip.tsx [Server Component]
    ./src/components/home/HomeOpenEventsChip.tsx [Server Component]
    ./src/app/(public)/layout.tsx [Server Component] @ http://localhost:3000/_next/static/chunks/node_modules_next_dist_1gdrd03._.js:1945
[   11980ms] [ERROR] ./src/lib/prisma.ts
Code generation for chunk item errored
An error occurred while generating the chunk item [project]/src/lib/prisma.ts [app-client] (ecmascript) <locals>

Caused by:
- the chunking context (unknown) does not support external modules (request: node:dns)

Debug info:
- An error occurred while generating the chunk item [project]/src/lib/prisma.ts [app-client] (ecmascript) <locals>
- Execution of <EcmascriptModuleLocalsModule as EcmascriptChunkPlaceable>::chunk_item_content failed
- Execution of *EcmascriptChunkItemContent::new failed
- Execution of EcmascriptModuleContent::new failed
- the chunking context (unknown) does not support external modules (request: node:dns)

Import traces:
  #1 [Server Component]:
    ./src/lib/prisma.ts
    ./src/auth.ts
    ./src/app/layout.tsx

  #2 [Server Component]:
    ./src/lib/prisma.ts
    ./src/lib/appreciation.ts
    ./src/components/home/HomeAppreciationSnippet.tsx
    ./src/app/(public)/page.tsx

  #3 [Server Component]:
    ./src/lib/prisma.ts
    ./src/lib/open-events.ts
    ./src/components/home/HomeOpenEventsChip.tsx
    ./src/app/(public)/layout.tsx

  #4 [Client Component Browser]:
    ./src/lib/prisma.ts [Client Component Browser]
    ./src/lib/open-events.ts [Client Component Browser]
    ./src/components/home/OpenEventsFloatingChip.tsx [Client Component Browser]
    ./src/components/home/OpenEventsFloatingChip.tsx [Server Component]
    ./src/components/home/HomeOpenEventsChip.tsx [Server Component]
    ./src/app/(public)/layout.tsx [Server Component]

  #5 [Client Component SSR]:
    ./src/lib/prisma.ts [Client Component SSR]
    ./src/lib/open-events.ts [Client Component SSR]
    ./src/components/home/OpenEventsFloatingChip.tsx [Client Component SSR]
    ./src/components/home/OpenEventsFloatingChip.tsx [Server Component]
    ./src/components/home/HomeOpenEventsChip.tsx [Server Component]
    ./src/app/(public)/layout.tsx [Server Component] @ http://localhost:3000/_next/static/chunks/node_modules_next_dist_1gdrd03._.js:1945
[   12044ms] [ERROR] ./src/lib/prisma.ts
Code generation for chunk item errored
An error occurred while generating the chunk item [project]/src/lib/prisma.ts [app-client] (ecmascript) <locals>

Caused by:
- the chunking context (unknown) does not support external modules (request: node:dns)

Debug info:
- An error occurred while generating the chunk item [project]/src/lib/prisma.ts [app-client] (ecmascript) <locals>
- Execution of <EcmascriptModuleLocalsModule as EcmascriptChunkPlaceable>::chunk_item_content failed
- Execution of *EcmascriptChunkItemContent::new failed
- Execution of EcmascriptModuleContent::new failed
- the chunking context (unknown) does not support external modules (request: node:dns)

Import traces:
  #1 [Server Component]:
    ./src/lib/prisma.ts
    ./src/auth.ts
    ./src/app/layout.tsx

  #2 [Server Component]:
    ./src/lib/prisma.ts
    ./src/lib/appreciation.ts
    ./src/components/home/HomeAppreciationSnippet.tsx
    ./src/app/(public)/page.tsx

  #3 [Server Component]:
    ./src/lib/prisma.ts
    ./src/lib/open-events.ts
    ./src/components/home/HomeOpenEventsChip.tsx
    ./src/app/(public)/layout.tsx

  #4 [Client Component Browser]:
    ./src/lib/prisma.ts [Client Component Browser]
    ./src/lib/open-events.ts [Client Component Browser]
    ./src/components/home/OpenEventsFloatingChip.tsx [Client Component Browser]
    ./src/components/home/OpenEventsFloatingChip.tsx [Server Component]
    ./src/components/home/HomeOpenEventsChip.tsx [Server Component]
    ./src/app/(public)/layout.tsx [Server Component]

  #5 [Client Component SSR]:
    ./src/lib/prisma.ts [Client Component SSR]
    ./src/lib/open-events.ts [Client Component SSR]
    ./src/components/home/OpenEventsFloatingChip.tsx [Client Component SSR]
    ./src/components/home/OpenEventsFloatingChip.tsx [Server Component]
    ./src/components/home/HomeOpenEventsChip.tsx [Server Component]
    ./src/app/(public)/layout.tsx [Server Component] @ http://localhost:3000/_next/static/chunks/node_modules_next_dist_1gdrd03._.js:1945
[   12106ms] [ERROR] ./src/lib/prisma.ts
Code generation for chunk item errored
An error occurred while generating the chunk item [project]/src/lib/prisma.ts [app-client] (ecmascript) <locals>

Caused by:
- the chunking context (unknown) does not support external modules (request: node:dns)

Debug info:
- An error occurred while generating the chunk item [project]/src/lib/prisma.ts [app-client] (ecmascript) <locals>
- Execution of <EcmascriptModuleLocalsModule as EcmascriptChunkPlaceable>::chunk_item_content failed
- Execution of *EcmascriptChunkItemContent::new failed
- Execution of EcmascriptModuleContent::new failed
- the chunking context (unknown) does not support external modules (request: node:dns)

Import traces:
  #1 [Server Component]:
    ./src/lib/prisma.ts
    ./src/auth.ts
    ./src/app/layout.tsx

  #2 [Server Component]:
    ./src/lib/prisma.ts
    ./src/lib/appreciation.ts
    ./src/components/home/HomeAppreciationSnippet.tsx
    ./src/app/(public)/page.tsx

  #3 [Server Component]:
    ./src/lib/prisma.ts
    ./src/lib/open-events.ts
    ./src/components/home/HomeOpenEventsChip.tsx
    ./src/app/(public)/layout.tsx

  #4 [Client Component Browser]:
    ./src/lib/prisma.ts [Client Component Browser]
    ./src/lib/open-events.ts [Client Component Browser]
    ./src/components/home/OpenEventsFloatingChip.tsx [Client Component Browser]
    ./src/components/home/OpenEventsFloatingChip.tsx [Server Component]
    ./src/components/home/HomeOpenEventsChip.tsx [Server Component]
    ./src/app/(public)/layout.tsx [Server Component]

  #5 [Client Component SSR]:
    ./src/lib/prisma.ts [Client Component SSR]
    ./src/lib/open-events.ts [Client Component SSR]
    ./src/components/home/OpenEventsFloatingChip.tsx [Client Component SSR]
    ./src/components/home/OpenEventsFloatingChip.tsx [Server Component]
    ./src/components/home/HomeOpenEventsChip.tsx [Server Component]
    ./src/app/(public)/layout.tsx [Server Component] @ http://localhost:3000/_next/static/chunks/node_modules_next_dist_1gdrd03._.js:1945
[   12168ms] [ERROR] ./src/lib/prisma.ts
Code generation for chunk item errored
An error occurred while generating the chunk item [project]/src/lib/prisma.ts [app-client] (ecmascript) <locals>

Caused by:
- the chunking context (unknown) does not support external modules (request: node:dns)

Debug info:
- An error occurred while generating the chunk item [project]/src/lib/prisma.ts [app-client] (ecmascript) <locals>
- Execution of <EcmascriptModuleLocalsModule as EcmascriptChunkPlaceable>::chunk_item_content failed
- Execution of *EcmascriptChunkItemContent::new failed
- Execution of EcmascriptModuleContent::new failed
- the chunking context (unknown) does not support external modules (request: node:dns)

Import traces:
  #1 [Server Component]:
    ./src/lib/prisma.ts
    ./src/auth.ts
    ./src/app/layout.tsx

  #2 [Server Component]:
    ./src/lib/prisma.ts
    ./src/lib/appreciation.ts
    ./src/components/home/HomeAppreciationSnippet.tsx
    ./src/app/(public)/page.tsx

  #3 [Server Component]:
    ./src/lib/prisma.ts
    ./src/lib/open-events.ts
    ./src/components/home/HomeOpenEventsChip.tsx
    ./src/app/(public)/layout.tsx

  #4 [Client Component Browser]:
    ./src/lib/prisma.ts [Client Component Browser]
    ./src/lib/open-events.ts [Client Component Browser]
    ./src/components/home/OpenEventsFloatingChip.tsx [Client Component Browser]
    ./src/components/home/OpenEventsFloatingChip.tsx [Server Component]
    ./src/components/home/HomeOpenEventsChip.tsx [Server Component]
    ./src/app/(public)/layout.tsx [Server Component]

  #5 [Client Component SSR]:
    ./src/lib/prisma.ts [Client Component SSR]
    ./src/lib/open-events.ts [Client Component SSR]
    ./src/components/home/OpenEventsFloatingChip.tsx [Client Component SSR]
    ./src/components/home/OpenEventsFloatingChip.tsx [Server Component]
    ./src/components/home/HomeOpenEventsChip.tsx [Server Component]
    ./src/app/(public)/layout.tsx [Server Component] @ http://localhost:3000/_next/static/chunks/node_modules_next_dist_1gdrd03._.js:1945
[   12230ms] [ERROR] ./src/lib/prisma.ts
Code generation for chunk item errored
An error occurred while generating the chunk item [project]/src/lib/prisma.ts [app-client] (ecmascript) <locals>

Caused by:
- the chunking context (unknown) does not support external modules (request: node:dns)

Debug info:
- An error occurred while generating the chunk item [project]/src/lib/prisma.ts [app-client] (ecmascript) <locals>
- Execution of <EcmascriptModuleLocalsModule as EcmascriptChunkPlaceable>::chunk_item_content failed
- Execution of *EcmascriptChunkItemContent::new failed
- Execution of EcmascriptModuleContent::new failed
- the chunking context (unknown) does not support external modules (request: node:dns)

Import traces:
  #1 [Server Component]:
    ./src/lib/prisma.ts
    ./src/auth.ts
    ./src/app/layout.tsx

  #2 [Server Component]:
    ./src/lib/prisma.ts
    ./src/lib/appreciation.ts
    ./src/components/home/HomeAppreciationSnippet.tsx
    ./src/app/(public)/page.tsx

  #3 [Server Component]:
    ./src/lib/prisma.ts
    ./src/lib/open-events.ts
    ./src/components/home/HomeOpenEventsChip.tsx
    ./src/app/(public)/layout.tsx

  #4 [Client Component Browser]:
    ./src/lib/prisma.ts [Client Component Browser]
    ./src/lib/open-events.ts [Client Component Browser]
    ./src/components/home/OpenEventsFloatingChip.tsx [Client Component Browser]
    ./src/components/home/OpenEventsFloatingChip.tsx [Server Component]
    ./src/components/home/HomeOpenEventsChip.tsx [Server Component]
    ./src/app/(public)/layout.tsx [Server Component]

  #5 [Client Component SSR]:
    ./src/lib/prisma.ts [Client Component SSR]
    ./src/lib/open-events.ts [Client Component SSR]
    ./src/components/home/OpenEventsFloatingChip.tsx [Client Component SSR]
    ./src/components/home/OpenEventsFloatingChip.tsx [Server Component]
    ./src/components/home/HomeOpenEventsChip.tsx [Server Component]
    ./src/app/(public)/layout.tsx [Server Component] @ http://localhost:3000/_next/static/chunks/node_modules_next_dist_1gdrd03._.js:1945
[   12293ms] [ERROR] ./src/lib/prisma.ts
Code generation for chunk item errored
An error occurred while generating the chunk item [project]/src/lib/prisma.ts [app-client] (ecmascript) <locals>

Caused by:
- the chunking context (unknown) does not support external modules (request: node:dns)

Debug info:
- An error occurred while generating the chunk item [project]/src/lib/prisma.ts [app-client] (ecmascript) <locals>
- Execution of <EcmascriptModuleLocalsModule as EcmascriptChunkPlaceable>::chunk_item_content failed
- Execution of *EcmascriptChunkItemContent::new failed
- Execution of EcmascriptModuleContent::new failed
- the chunking context (unknown) does not support external modules (request: node:dns)

Import traces:
  #1 [Server Component]:
    ./src/lib/prisma.ts
    ./src/auth.ts
    ./src/app/layout.tsx

  #2 [Server Component]:
    ./src/lib/prisma.ts
    ./src/lib/appreciation.ts
    ./src/components/home/HomeAppreciationSnippet.tsx
    ./src/app/(public)/page.tsx

  #3 [Server Component]:
    ./src/lib/prisma.ts
    ./src/lib/open-events.ts
    ./src/components/home/HomeOpenEventsChip.tsx
    ./src/app/(public)/layout.tsx

  #4 [Client Component Browser]:
    ./src/lib/prisma.ts [Client Component Browser]
    ./src/lib/open-events.ts [Client Component Browser]
    ./src/components/home/OpenEventsFloatingChip.tsx [Client Component Browser]
    ./src/components/home/OpenEventsFloatingChip.tsx [Server Component]
    ./src/components/home/HomeOpenEventsChip.tsx [Server Component]
    ./src/app/(public)/layout.tsx [Server Component]

  #5 [Client Component SSR]:
    ./src/lib/prisma.ts [Client Component SSR]
    ./src/lib/open-events.ts [Client Component SSR]
    ./src/components/home/OpenEventsFloatingChip.tsx [Client Component SSR]
    ./src/components/home/OpenEventsFloatingChip.tsx [Server Component]
    ./src/components/home/HomeOpenEventsChip.tsx [Server Component]
    ./src/app/(public)/layout.tsx [Server Component] @ http://localhost:3000/_next/static/chunks/node_modules_next_dist_1gdrd03._.js:1945
[   12357ms] [ERROR] ./src/lib/prisma.ts
Code generation for chunk item errored
An error occurred while generating the chunk item [project]/src/lib/prisma.ts [app-client] (ecmascript) <locals>

Caused by:
- the chunking context (unknown) does not support external modules (request: node:dns)

Debug info:
- An error occurred while generating the chunk item [project]/src/lib/prisma.ts [app-client] (ecmascript) <locals>
- Execution of <EcmascriptModuleLocalsModule as EcmascriptChunkPlaceable>::chunk_item_content failed
- Execution of *EcmascriptChunkItemContent::new failed
- Execution of EcmascriptModuleContent::new failed
- the chunking context (unknown) does not support external modules (request: node:dns)

Import traces:
  #1 [Server Component]:
    ./src/lib/prisma.ts
    ./src/auth.ts
    ./src/app/layout.tsx

  #2 [Server Component]:
    ./src/lib/prisma.ts
    ./src/lib/appreciation.ts
    ./src/components/home/HomeAppreciationSnippet.tsx
    ./src/app/(public)/page.tsx

  #3 [Server Component]:
    ./src/lib/prisma.ts
    ./src/lib/open-events.ts
    ./src/components/home/HomeOpenEventsChip.tsx
    ./src/app/(public)/layout.tsx

  #4 [Client Component Browser]:
    ./src/lib/prisma.ts [Client Component Browser]
    ./src/lib/open-events.ts [Client Component Browser]
    ./src/components/home/OpenEventsFloatingChip.tsx [Client Component Browser]
    ./src/components/home/OpenEventsFloatingChip.tsx [Server Component]
    ./src/components/home/HomeOpenEventsChip.tsx [Server Component]
    ./src/app/(public)/layout.tsx [Server Component]

  #5 [Client Component SSR]:
    ./src/lib/prisma.ts [Client Component SSR]
    ./src/lib/open-events.ts [Client Component SSR]
    ./src/components/home/OpenEventsFloatingChip.tsx [Client Component SSR]
    ./src/components/home/OpenEventsFloatingChip.tsx [Server Component]
    ./src/components/home/HomeOpenEventsChip.tsx [Server Component]
    ./src/app/(public)/layout.tsx [Server Component] @ http://localhost:3000/_next/static/chunks/node_modules_next_dist_1gdrd03._.js:1945
[   12420ms] [ERROR] ./src/lib/prisma.ts
Code generation for chunk item errored
An error occurred while generating the chunk item [project]/src/lib/prisma.ts [app-client] (ecmascript) <locals>

Caused by:
- the chunking context (unknown) does not support external modules (request: node:dns)

Debug info:
- An error occurred while generating the chunk item [project]/src/lib/prisma.ts [app-client] (ecmascript) <locals>
- Execution of <EcmascriptModuleLocalsModule as EcmascriptChunkPlaceable>::chunk_item_content failed
- Execution of *EcmascriptChunkItemContent::new failed
- Execution of EcmascriptModuleContent::new failed
- the chunking context (unknown) does not support external modules (request: node:dns)

Import traces:
  #1 [Server Component]:
    ./src/lib/prisma.ts
    ./src/auth.ts
    ./src/app/layout.tsx

  #2 [Server Component]:
    ./src/lib/prisma.ts
    ./src/lib/appreciation.ts
    ./src/components/home/HomeAppreciationSnippet.tsx
    ./src/app/(public)/page.tsx

  #3 [Server Component]:
    ./src/lib/prisma.ts
    ./src/lib/open-events.ts
    ./src/components/home/HomeOpenEventsChip.tsx
    ./src/app/(public)/layout.tsx

  #4 [Client Component Browser]:
    ./src/lib/prisma.ts [Client Component Browser]
    ./src/lib/open-events.ts [Client Component Browser]
    ./src/components/home/OpenEventsFloatingChip.tsx [Client Component Browser]
    ./src/components/home/OpenEventsFloatingChip.tsx [Server Component]
    ./src/components/home/HomeOpenEventsChip.tsx [Server Component]
    ./src/app/(public)/layout.tsx [Server Component]

  #5 [Client Component SSR]:
    ./src/lib/prisma.ts [Client Component SSR]
    ./src/lib/open-events.ts [Client Component SSR]
    ./src/components/home/OpenEventsFloatingChip.tsx [Client Component SSR]
    ./src/components/home/OpenEventsFloatingChip.tsx [Server Component]
    ./src/components/home/HomeOpenEventsChip.tsx [Server Component]
    ./src/app/(public)/layout.tsx [Server Component] @ http://localhost:3000/_next/static/chunks/node_modules_next_dist_1gdrd03._.js:1945
[   12482ms] [ERROR] ./src/lib/prisma.ts
Code generation for chunk item errored
An error occurred while generating the chunk item [project]/src/lib/prisma.ts [app-client] (ecmascript) <locals>

Caused by:
- the chunking context (unknown) does not support external modules (request: node:dns)

Debug info:
- An error occurred while generating the chunk item [project]/src/lib/prisma.ts [app-client] (ecmascript) <locals>
- Execution of <EcmascriptModuleLocalsModule as EcmascriptChunkPlaceable>::chunk_item_content failed
- Execution of *EcmascriptChunkItemContent::new failed
- Execution of EcmascriptModuleContent::new failed
- the chunking context (unknown) does not support external modules (request: node:dns)

Import traces:
  #1 [Server Component]:
    ./src/lib/prisma.ts
    ./src/auth.ts
    ./src/app/layout.tsx

  #2 [Server Component]:
    ./src/lib/prisma.ts
    ./src/lib/appreciation.ts
    ./src/components/home/HomeAppreciationSnippet.tsx
    ./src/app/(public)/page.tsx

  #3 [Server Component]:
    ./src/lib/prisma.ts
    ./src/lib/open-events.ts
    ./src/components/home/HomeOpenEventsChip.tsx
    ./src/app/(public)/layout.tsx

  #4 [Client Component Browser]:
    ./src/lib/prisma.ts [Client Component Browser]
    ./src/lib/open-events.ts [Client Component Browser]
    ./src/components/home/OpenEventsFloatingChip.tsx [Client Component Browser]
    ./src/components/home/OpenEventsFloatingChip.tsx [Server Component]
    ./src/components/home/HomeOpenEventsChip.tsx [Server Component]
    ./src/app/(public)/layout.tsx [Server Component]

  #5 [Client Component SSR]:
    ./src/lib/prisma.ts [Client Component SSR]
    ./src/lib/open-events.ts [Client Component SSR]
    ./src/components/home/OpenEventsFloatingChip.tsx [Client Component SSR]
    ./src/components/home/OpenEventsFloatingChip.tsx [Server Component]
    ./src/components/home/HomeOpenEventsChip.tsx [Server Component]
    ./src/app/(public)/layout.tsx [Server Component] @ http://localhost:3000/_next/static/chunks/node_modules_next_dist_1gdrd03._.js:1945
[   12543ms] [ERROR] ./src/lib/prisma.ts
Code generation for chunk item errored
An error occurred while generating the chunk item [project]/src/lib/prisma.ts [app-client] (ecmascript) <locals>

Caused by:
- the chunking context (unknown) does not support external modules (request: node:dns)

Debug info:
- An error occurred while generating the chunk item [project]/src/lib/prisma.ts [app-client] (ecmascript) <locals>
- Execution of <EcmascriptModuleLocalsModule as EcmascriptChunkPlaceable>::chunk_item_content failed
- Execution of *EcmascriptChunkItemContent::new failed
- Execution of EcmascriptModuleContent::new failed
- the chunking context (unknown) does not support external modules (request: node:dns)

Import traces:
  #1 [Server Component]:
    ./src/lib/prisma.ts
    ./src/auth.ts
    ./src/app/layout.tsx

  #2 [Server Component]:
    ./src/lib/prisma.ts
    ./src/lib/appreciation.ts
    ./src/components/home/HomeAppreciationSnippet.tsx
    ./src/app/(public)/page.tsx

  #3 [Server Component]:
    ./src/lib/prisma.ts
    ./src/lib/open-events.ts
    ./src/components/home/HomeOpenEventsChip.tsx
    ./src/app/(public)/layout.tsx

  #4 [Client Component Browser]:
    ./src/lib/prisma.ts [Client Component Browser]
    ./src/lib/open-events.ts [Client Component Browser]
    ./src/components/home/OpenEventsFloatingChip.tsx [Client Component Browser]
    ./src/components/home/OpenEventsFloatingChip.tsx [Server Component]
    ./src/components/home/HomeOpenEventsChip.tsx [Server Component]
    ./src/app/(public)/layout.tsx [Server Component]

  #5 [Client Component SSR]:
    ./src/lib/prisma.ts [Client Component SSR]
    ./src/lib/open-events.ts [Client Component SSR]
    ./src/components/home/OpenEventsFloatingChip.tsx [Client Component SSR]
    ./src/components/home/OpenEventsFloatingChip.tsx [Server Component]
    ./src/components/home/HomeOpenEventsChip.tsx [Server Component]
    ./src/app/(public)/layout.tsx [Server Component] @ http://localhost:3000/_next/static/chunks/node_modules_next_dist_1gdrd03._.js:1945
[   12605ms] [ERROR] ./src/lib/prisma.ts
Code generation for chunk item errored
An error occurred while generating the chunk item [project]/src/lib/prisma.ts [app-client] (ecmascript) <locals>

Caused by:
- the chunking context (unknown) does not support external modules (request: node:dns)

Debug info:
- An error occurred while generating the chunk item [project]/src/lib/prisma.ts [app-client] (ecmascript) <locals>
- Execution of <EcmascriptModuleLocalsModule as EcmascriptChunkPlaceable>::chunk_item_content failed
- Execution of *EcmascriptChunkItemContent::new failed
- Execution of EcmascriptModuleContent::new failed
- the chunking context (unknown) does not support external modules (request: node:dns)

Import traces:
  #1 [Server Component]:
    ./src/lib/prisma.ts
    ./src/auth.ts
    ./src/app/layout.tsx

  #2 [Server Component]:
    ./src/lib/prisma.ts
    ./src/lib/appreciation.ts
    ./src/components/home/HomeAppreciationSnippet.tsx
    ./src/app/(public)/page.tsx

  #3 [Server Component]:
    ./src/lib/prisma.ts
    ./src/lib/open-events.ts
    ./src/components/home/HomeOpenEventsChip.tsx
    ./src/app/(public)/layout.tsx

  #4 [Client Component Browser]:
    ./src/lib/prisma.ts [Client Component Browser]
    ./src/lib/open-events.ts [Client Component Browser]
    ./src/components/home/OpenEventsFloatingChip.tsx [Client Component Browser]
    ./src/components/home/OpenEventsFloatingChip.tsx [Server Component]
    ./src/components/home/HomeOpenEventsChip.tsx [Server Component]
    ./src/app/(public)/layout.tsx [Server Component]

  #5 [Client Component SSR]:
    ./src/lib/prisma.ts [Client Component SSR]
    ./src/lib/open-events.ts [Client Component SSR]
    ./src/components/home/OpenEventsFloatingChip.tsx [Client Component SSR]
    ./src/components/home/OpenEventsFloatingChip.tsx [Server Component]
    ./src/components/home/HomeOpenEventsChip.tsx [Server Component]
    ./src/app/(public)/layout.tsx [Server Component] @ http://localhost:3000/_next/static/chunks/node_modules_next_dist_1gdrd03._.js:1945
[   12667ms] [ERROR] ./src/lib/prisma.ts
Code generation for chunk item errored
An error occurred while generating the chunk item [project]/src/lib/prisma.ts [app-client] (ecmascript) <locals>

Caused by:
- the chunking context (unknown) does not support external modules (request: node:dns)

Debug info:
- An error occurred while generating the chunk item [project]/src/lib/prisma.ts [app-client] (ecmascript) <locals>
- Execution of <EcmascriptModuleLocalsModule as EcmascriptChunkPlaceable>::chunk_item_content failed
- Execution of *EcmascriptChunkItemContent::new failed
- Execution of EcmascriptModuleContent::new failed
- the chunking context (unknown) does not support external modules (request: node:dns)

Import traces:
  #1 [Server Component]:
    ./src/lib/prisma.ts
    ./src/auth.ts
    ./src/app/layout.tsx

  #2 [Server Component]:
    ./src/lib/prisma.ts
    ./src/lib/appreciation.ts
    ./src/components/home/HomeAppreciationSnippet.tsx
    ./src/app/(public)/page.tsx

  #3 [Server Component]:
    ./src/lib/prisma.ts
    ./src/lib/open-events.ts
    ./src/components/home/HomeOpenEventsChip.tsx
    ./src/app/(public)/layout.tsx

  #4 [Client Component Browser]:
    ./src/lib/prisma.ts [Client Component Browser]
    ./src/lib/open-events.ts [Client Component Browser]
    ./src/components/home/OpenEventsFloatingChip.tsx [Client Component Browser]
    ./src/components/home/OpenEventsFloatingChip.tsx [Server Component]
    ./src/components/home/HomeOpenEventsChip.tsx [Server Component]
    ./src/app/(public)/layout.tsx [Server Component]

  #5 [Client Component SSR]:
    ./src/lib/prisma.ts [Client Component SSR]
    ./src/lib/open-events.ts [Client Component SSR]
    ./src/components/home/OpenEventsFloatingChip.tsx [Client Component SSR]
    ./src/components/home/OpenEventsFloatingChip.tsx [Server Component]
    ./src/components/home/HomeOpenEventsChip.tsx [Server Component]
    ./src/app/(public)/layout.tsx [Server Component] @ http://localhost:3000/_next/static/chunks/node_modules_next_dist_1gdrd03._.js:1945
[   12729ms] [ERROR] ./src/lib/prisma.ts
Code generation for chunk item errored
An error occurred while generating the chunk item [project]/src/lib/prisma.ts [app-client] (ecmascript) <locals>

Caused by:
- the chunking context (unknown) does not support external modules (request: node:dns)

Debug info:
- An error occurred while generating the chunk item [project]/src/lib/prisma.ts [app-client] (ecmascript) <locals>
- Execution of <EcmascriptModuleLocalsModule as EcmascriptChunkPlaceable>::chunk_item_content failed
- Execution of *EcmascriptChunkItemContent::new failed
- Execution of EcmascriptModuleContent::new failed
- the chunking context (unknown) does not support external modules (request: node:dns)

Import traces:
  #1 [Server Component]:
    ./src/lib/prisma.ts
    ./src/auth.ts
    ./src/app/layout.tsx

  #2 [Server Component]:
    ./src/lib/prisma.ts
    ./src/lib/appreciation.ts
    ./src/components/home/HomeAppreciationSnippet.tsx
    ./src/app/(public)/page.tsx

  #3 [Server Component]:
    ./src/lib/prisma.ts
    ./src/lib/open-events.ts
    ./src/components/home/HomeOpenEventsChip.tsx
    ./src/app/(public)/layout.tsx

  #4 [Client Component Browser]:
    ./src/lib/prisma.ts [Client Component Browser]
    ./src/lib/open-events.ts [Client Component Browser]
    ./src/components/home/OpenEventsFloatingChip.tsx [Client Component Browser]
    ./src/components/home/OpenEventsFloatingChip.tsx [Server Component]
    ./src/components/home/HomeOpenEventsChip.tsx [Server Component]
    ./src/app/(public)/layout.tsx [Server Component]

  #5 [Client Component SSR]:
    ./src/lib/prisma.ts [Client Component SSR]
    ./src/lib/open-events.ts [Client Component SSR]
    ./src/components/home/OpenEventsFloatingChip.tsx [Client Component SSR]
    ./src/components/home/OpenEventsFloatingChip.tsx [Server Component]
    ./src/components/home/HomeOpenEventsChip.tsx [Server Component]
    ./src/app/(public)/layout.tsx [Server Component] @ http://localhost:3000/_next/static/chunks/node_modules_next_dist_1gdrd03._.js:1945
[   12790ms] [ERROR] ./src/lib/prisma.ts
Code generation for chunk item errored
An error occurred while generating the chunk item [project]/src/lib/prisma.ts [app-client] (ecmascript) <locals>

Caused by:
- the chunking context (unknown) does not support external modules (request: node:dns)

Debug info:
- An error occurred while generating the chunk item [project]/src/lib/prisma.ts [app-client] (ecmascript) <locals>
- Execution of <EcmascriptModuleLocalsModule as EcmascriptChunkPlaceable>::chunk_item_content failed
- Execution of *EcmascriptChunkItemContent::new failed
- Execution of EcmascriptModuleContent::new failed
- the chunking context (unknown) does not support external modules (request: node:dns)

Import traces:
  #1 [Server Component]:
    ./src/lib/prisma.ts
    ./src/auth.ts
    ./src/app/layout.tsx

  #2 [Server Component]:
    ./src/lib/prisma.ts
    ./src/lib/appreciation.ts
    ./src/components/home/HomeAppreciationSnippet.tsx
    ./src/app/(public)/page.tsx

  #3 [Server Component]:
    ./src/lib/prisma.ts
    ./src/lib/open-events.ts
    ./src/components/home/HomeOpenEventsChip.tsx
    ./src/app/(public)/layout.tsx

  #4 [Client Component Browser]:
    ./src/lib/prisma.ts [Client Component Browser]
    ./src/lib/open-events.ts [Client Component Browser]
    ./src/components/home/OpenEventsFloatingChip.tsx [Client Component Browser]
    ./src/components/home/OpenEventsFloatingChip.tsx [Server Component]
    ./src/components/home/HomeOpenEventsChip.tsx [Server Component]
    ./src/app/(public)/layout.tsx [Server Component]

  #5 [Client Component SSR]:
    ./src/lib/prisma.ts [Client Component SSR]
    ./src/lib/open-events.ts [Client Component SSR]
    ./src/components/home/OpenEventsFloatingChip.tsx [Client Component SSR]
    ./src/components/home/OpenEventsFloatingChip.tsx [Server Component]
    ./src/components/home/HomeOpenEventsChip.tsx [Server Component]
    ./src/app/(public)/layout.tsx [Server Component] @ http://localhost:3000/_next/static/chunks/node_modules_next_dist_1gdrd03._.js:1945
[   12855ms] [ERROR] ./src/lib/prisma.ts
Code generation for chunk item errored
An error occurred while generating the chunk item [project]/src/lib/prisma.ts [app-client] (ecmascript) <locals>

Caused by:
- the chunking context (unknown) does not support external modules (request: node:dns)

Debug info:
- An error occurred while generating the chunk item [project]/src/lib/prisma.ts [app-client] (ecmascript) <locals>
- Execution of <EcmascriptModuleLocalsModule as EcmascriptChunkPlaceable>::chunk_item_content failed
- Execution of *EcmascriptChunkItemContent::new failed
- Execution of EcmascriptModuleContent::new failed
- the chunking context (unknown) does not support external modules (request: node:dns)

Import traces:
  #1 [Server Component]:
    ./src/lib/prisma.ts
    ./src/auth.ts
    ./src/app/layout.tsx

  #2 [Server Component]:
    ./src/lib/prisma.ts
    ./src/lib/appreciation.ts
    ./src/components/home/HomeAppreciationSnippet.tsx
    ./src/app/(public)/page.tsx

  #3 [Server Component]:
    ./src/lib/prisma.ts
    ./src/lib/open-events.ts
    ./src/components/home/HomeOpenEventsChip.tsx
    ./src/app/(public)/layout.tsx

  #4 [Client Component Browser]:
    ./src/lib/prisma.ts [Client Component Browser]
    ./src/lib/open-events.ts [Client Component Browser]
    ./src/components/home/OpenEventsFloatingChip.tsx [Client Component Browser]
    ./src/components/home/OpenEventsFloatingChip.tsx [Server Component]
    ./src/components/home/HomeOpenEventsChip.tsx [Server Component]
    ./src/app/(public)/layout.tsx [Server Component]

  #5 [Client Component SSR]:
    ./src/lib/prisma.ts [Client Component SSR]
    ./src/lib/open-events.ts [Client Component SSR]
    ./src/components/home/OpenEventsFloatingChip.tsx [Client Component SSR]
    ./src/components/home/OpenEventsFloatingChip.tsx [Server Component]
    ./src/components/home/HomeOpenEventsChip.tsx [Server Component]
    ./src/app/(public)/layout.tsx [Server Component] @ http://localhost:3000/_next/static/chunks/node_modules_next_dist_1gdrd03._.js:1945
[   12917ms] [ERROR] ./src/lib/prisma.ts
Code generation for chunk item errored
An error occurred while generating the chunk item [project]/src/lib/prisma.ts [app-client] (ecmascript) <locals>

Caused by:
- the chunking context (unknown) does not support external modules (request: node:dns)

Debug info:
- An error occurred while generating the chunk item [project]/src/lib/prisma.ts [app-client] (ecmascript) <locals>
- Execution of <EcmascriptModuleLocalsModule as EcmascriptChunkPlaceable>::chunk_item_content failed
- Execution of *EcmascriptChunkItemContent::new failed
- Execution of EcmascriptModuleContent::new failed
- the chunking context (unknown) does not support external modules (request: node:dns)

Import traces:
  #1 [Server Component]:
    ./src/lib/prisma.ts
    ./src/auth.ts
    ./src/app/layout.tsx

  #2 [Server Component]:
    ./src/lib/prisma.ts
    ./src/lib/appreciation.ts
    ./src/components/home/HomeAppreciationSnippet.tsx
    ./src/app/(public)/page.tsx

  #3 [Server Component]:
    ./src/lib/prisma.ts
    ./src/lib/open-events.ts
    ./src/components/home/HomeOpenEventsChip.tsx
    ./src/app/(public)/layout.tsx

  #4 [Client Component Browser]:
    ./src/lib/prisma.ts [Client Component Browser]
    ./src/lib/open-events.ts [Client Component Browser]
    ./src/components/home/OpenEventsFloatingChip.tsx [Client Component Browser]
    ./src/components/home/OpenEventsFloatingChip.tsx [Server Component]
    ./src/components/home/HomeOpenEventsChip.tsx [Server Component]
    ./src/app/(public)/layout.tsx [Server Component]

  #5 [Client Component SSR]:
    ./src/lib/prisma.ts [Client Component SSR]
    ./src/lib/open-events.ts [Client Component SSR]
    ./src/components/home/OpenEventsFloatingChip.tsx [Client Component SSR]
    ./src/components/home/OpenEventsFloatingChip.tsx [Server Component]
    ./src/components/home/HomeOpenEventsChip.tsx [Server Component]
    ./src/app/(public)/layout.tsx [Server Component] @ http://localhost:3000/_next/static/chunks/node_modules_next_dist_1gdrd03._.js:1945
[   12979ms] [ERROR] ./src/lib/prisma.ts
Code generation for chunk item errored
An error occurred while generating the chunk item [project]/src/lib/prisma.ts [app-client] (ecmascript) <locals>

Caused by:
- the chunking context (unknown) does not support external modules (request: node:dns)

Debug info:
- An error occurred while generating the chunk item [project]/src/lib/prisma.ts [app-client] (ecmascript) <locals>
- Execution of <EcmascriptModuleLocalsModule as EcmascriptChunkPlaceable>::chunk_item_content failed
- Execution of *EcmascriptChunkItemContent::new failed
- Execution of EcmascriptModuleContent::new failed
- the chunking context (unknown) does not support external modules (request: node:dns)

Import traces:
  #1 [Server Component]:
    ./src/lib/prisma.ts
    ./src/auth.ts
    ./src/app/layout.tsx

  #2 [Server Component]:
    ./src/lib/prisma.ts
    ./src/lib/appreciation.ts
    ./src/components/home/HomeAppreciationSnippet.tsx
    ./src/app/(public)/page.tsx

  #3 [Server Component]:
    ./src/lib/prisma.ts
    ./src/lib/open-events.ts
    ./src/components/home/HomeOpenEventsChip.tsx
    ./src/app/(public)/layout.tsx

  #4 [Client Component Browser]:
    ./src/lib/prisma.ts [Client Component Browser]
    ./src/lib/open-events.ts [Client Component Browser]
    ./src/components/home/OpenEventsFloatingChip.tsx [Client Component Browser]
    ./src/components/home/OpenEventsFloatingChip.tsx [Server Component]
    ./src/components/home/HomeOpenEventsChip.tsx [Server Component]
    ./src/app/(public)/layout.tsx [Server Component]

  #5 [Client Component SSR]:
    ./src/lib/prisma.ts [Client Component SSR]
    ./src/lib/open-events.ts [Client Component SSR]
    ./src/components/home/OpenEventsFloatingChip.tsx [Client Component SSR]
    ./src/components/home/OpenEventsFloatingChip.tsx [Server Component]
    ./src/components/home/HomeOpenEventsChip.tsx [Server Component]
    ./src/app/(public)/layout.tsx [Server Component] @ http://localhost:3000/_next/static/chunks/node_modules_next_dist_1gdrd03._.js:1945
[   13042ms] [ERROR] ./src/lib/prisma.ts
Code generation for chunk item errored
An error occurred while generating the chunk item [project]/src/lib/prisma.ts [app-client] (ecmascript) <locals>

Caused by:
- the chunking context (unknown) does not support external modules (request: node:dns)

Debug info:
- An error occurred while generating the chunk item [project]/src/lib/prisma.ts [app-client] (ecmascript) <locals>
- Execution of <EcmascriptModuleLocalsModule as EcmascriptChunkPlaceable>::chunk_item_content failed
- Execution of *EcmascriptChunkItemContent::new failed
- Execution of EcmascriptModuleContent::new failed
- the chunking context (unknown) does not support external modules (request: node:dns)

Import traces:
  #1 [Server Component]:
    ./src/lib/prisma.ts
    ./src/auth.ts
    ./src/app/layout.tsx

  #2 [Server Component]:
    ./src/lib/prisma.ts
    ./src/lib/appreciation.ts
    ./src/components/home/HomeAppreciationSnippet.tsx
    ./src/app/(public)/page.tsx

  #3 [Server Component]:
    ./src/lib/prisma.ts
    ./src/lib/open-events.ts
    ./src/components/home/HomeOpenEventsChip.tsx
    ./src/app/(public)/layout.tsx

  #4 [Client Component Browser]:
    ./src/lib/prisma.ts [Client Component Browser]
    ./src/lib/open-events.ts [Client Component Browser]
    ./src/components/home/OpenEventsFloatingChip.tsx [Client Component Browser]
    ./src/components/home/OpenEventsFloatingChip.tsx [Server Component]
    ./src/components/home/HomeOpenEventsChip.tsx [Server Component]
    ./src/app/(public)/layout.tsx [Server Component]

  #5 [Client Component SSR]:
    ./src/lib/prisma.ts [Client Component SSR]
    ./src/lib/open-events.ts [Client Component SSR]
    ./src/components/home/OpenEventsFloatingChip.tsx [Client Component SSR]
    ./src/components/home/OpenEventsFloatingChip.tsx [Server Component]
    ./src/components/home/HomeOpenEventsChip.tsx [Server Component]
    ./src/app/(public)/layout.tsx [Server Component] @ http://localhost:3000/_next/static/chunks/node_modules_next_dist_1gdrd03._.js:1945
[   13103ms] [ERROR] ./src/lib/prisma.ts
Code generation for chunk item errored
An error occurred while generating the chunk item [project]/src/lib/prisma.ts [app-client] (ecmascript) <locals>

Caused by:
- the chunking context (unknown) does not support external modules (request: node:dns)

Debug info:
- An error occurred while generating the chunk item [project]/src/lib/prisma.ts [app-client] (ecmascript) <locals>
- Execution of <EcmascriptModuleLocalsModule as EcmascriptChunkPlaceable>::chunk_item_content failed
- Execution of *EcmascriptChunkItemContent::new failed
- Execution of EcmascriptModuleContent::new failed
- the chunking context (unknown) does not support external modules (request: node:dns)

Import traces:
  #1 [Server Component]:
    ./src/lib/prisma.ts
    ./src/auth.ts
    ./src/app/layout.tsx

  #2 [Server Component]:
    ./src/lib/prisma.ts
    ./src/lib/appreciation.ts
    ./src/components/home/HomeAppreciationSnippet.tsx
    ./src/app/(public)/page.tsx

  #3 [Server Component]:
    ./src/lib/prisma.ts
    ./src/lib/open-events.ts
    ./src/components/home/HomeOpenEventsChip.tsx
    ./src/app/(public)/layout.tsx

  #4 [Client Component Browser]:
    ./src/lib/prisma.ts [Client Component Browser]
    ./src/lib/open-events.ts [Client Component Browser]
    ./src/components/home/OpenEventsFloatingChip.tsx [Client Component Browser]
    ./src/components/home/OpenEventsFloatingChip.tsx [Server Component]
    ./src/components/home/HomeOpenEventsChip.tsx [Server Component]
    ./src/app/(public)/layout.tsx [Server Component]

  #5 [Client Component SSR]:
    ./src/lib/prisma.ts [Client Component SSR]
    ./src/lib/open-events.ts [Client Component SSR]
    ./src/components/home/OpenEventsFloatingChip.tsx [Client Component SSR]
    ./src/components/home/OpenEventsFloatingChip.tsx [Server Component]
    ./src/components/home/HomeOpenEventsChip.tsx [Server Component]
    ./src/app/(public)/layout.tsx [Server Component] @ http://localhost:3000/_next/static/chunks/node_modules_next_dist_1gdrd03._.js:1945
[   13180ms] [ERROR] ./src/lib/prisma.ts
Code generation for chunk item errored
An error occurred while generating the chunk item [project]/src/lib/prisma.ts [app-client] (ecmascript) <locals>

Caused by:
- the chunking context (unknown) does not support external modules (request: node:dns)

Debug info:
- An error occurred while generating the chunk item [project]/src/lib/prisma.ts [app-client] (ecmascript) <locals>
- Execution of <EcmascriptModuleLocalsModule as EcmascriptChunkPlaceable>::chunk_item_content failed
- Execution of *EcmascriptChunkItemContent::new failed
- Execution of EcmascriptModuleContent::new failed
- the chunking context (unknown) does not support external modules (request: node:dns)

Import traces:
  #1 [Server Component]:
    ./src/lib/prisma.ts
    ./src/auth.ts
    ./src/app/layout.tsx

  #2 [Server Component]:
    ./src/lib/prisma.ts
    ./src/lib/appreciation.ts
    ./src/components/home/HomeAppreciationSnippet.tsx
    ./src/app/(public)/page.tsx

  #3 [Server Component]:
    ./src/lib/prisma.ts
    ./src/lib/open-events.ts
    ./src/components/home/HomeOpenEventsChip.tsx
    ./src/app/(public)/layout.tsx

  #4 [Client Component Browser]:
    ./src/lib/prisma.ts [Client Component Browser]
    ./src/lib/open-events.ts [Client Component Browser]
    ./src/components/home/OpenEventsFloatingChip.tsx [Client Component Browser]
    ./src/components/home/OpenEventsFloatingChip.tsx [Server Component]
    ./src/components/home/HomeOpenEventsChip.tsx [Server Component]
    ./src/app/(public)/layout.tsx [Server Component]

  #5 [Client Component SSR]:
    ./src/lib/prisma.ts [Client Component SSR]
    ./src/lib/open-events.ts [Client Component SSR]
    ./src/components/home/OpenEventsFloatingChip.tsx [Client Component SSR]
    ./src/components/home/OpenEventsFloatingChip.tsx [Server Component]
    ./src/components/home/HomeOpenEventsChip.tsx [Server Component]
    ./src/app/(public)/layout.tsx [Server Component] @ http://localhost:3000/_next/static/chunks/node_modules_next_dist_1gdrd03._.js:1945
[   13243ms] [ERROR] ./src/lib/prisma.ts
Code generation for chunk item errored
An error occurred while generating the chunk item [project]/src/lib/prisma.ts [app-client] (ecmascript) <locals>

Caused by:
- the chunking context (unknown) does not support external modules (request: node:dns)

Debug info:
- An error occurred while generating the chunk item [project]/src/lib/prisma.ts [app-client] (ecmascript) <locals>
- Execution of <EcmascriptModuleLocalsModule as EcmascriptChunkPlaceable>::chunk_item_content failed
- Execution of *EcmascriptChunkItemContent::new failed
- Execution of EcmascriptModuleContent::new failed
- the chunking context (unknown) does not support external modules (request: node:dns)

Import traces:
  #1 [Server Component]:
    ./src/lib/prisma.ts
    ./src/auth.ts
    ./src/app/layout.tsx

  #2 [Server Component]:
    ./src/lib/prisma.ts
    ./src/lib/appreciation.ts
    ./src/components/home/HomeAppreciationSnippet.tsx
    ./src/app/(public)/page.tsx

  #3 [Server Component]:
    ./src/lib/prisma.ts
    ./src/lib/open-events.ts
    ./src/components/home/HomeOpenEventsChip.tsx
    ./src/app/(public)/layout.tsx

  #4 [Client Component Browser]:
    ./src/lib/prisma.ts [Client Component Browser]
    ./src/lib/open-events.ts [Client Component Browser]
    ./src/components/home/OpenEventsFloatingChip.tsx [Client Component Browser]
    ./src/components/home/OpenEventsFloatingChip.tsx [Server Component]
    ./src/components/home/HomeOpenEventsChip.tsx [Server Component]
    ./src/app/(public)/layout.tsx [Server Component]

  #5 [Client Component SSR]:
    ./src/lib/prisma.ts [Client Component SSR]
    ./src/lib/open-events.ts [Client Component SSR]
    ./src/components/home/OpenEventsFloatingChip.tsx [Client Component SSR]
    ./src/components/home/OpenEventsFloatingChip.tsx [Server Component]
    ./src/components/home/HomeOpenEventsChip.tsx [Server Component]
    ./src/app/(public)/layout.tsx [Server Component] @ http://localhost:3000/_next/static/chunks/node_modules_next_dist_1gdrd03._.js:1945
[   13305ms] [ERROR] ./src/lib/prisma.ts
Code generation for chunk item errored
An error occurred while generating the chunk item [project]/src/lib/prisma.ts [app-client] (ecmascript) <locals>

Caused by:
- the chunking context (unknown) does not support external modules (request: node:dns)

Debug info:
- An error occurred while generating the chunk item [project]/src/lib/prisma.ts [app-client] (ecmascript) <locals>
- Execution of <EcmascriptModuleLocalsModule as EcmascriptChunkPlaceable>::chunk_item_content failed
- Execution of *EcmascriptChunkItemContent::new failed
- Execution of EcmascriptModuleContent::new failed
- the chunking context (unknown) does not support external modules (request: node:dns)

Import traces:
  #1 [Server Component]:
    ./src/lib/prisma.ts
    ./src/auth.ts
    ./src/app/layout.tsx

  #2 [Server Component]:
    ./src/lib/prisma.ts
    ./src/lib/appreciation.ts
    ./src/components/home/HomeAppreciationSnippet.tsx
    ./src/app/(public)/page.tsx

  #3 [Server Component]:
    ./src/lib/prisma.ts
    ./src/lib/open-events.ts
    ./src/components/home/HomeOpenEventsChip.tsx
    ./src/app/(public)/layout.tsx

  #4 [Client Component Browser]:
    ./src/lib/prisma.ts [Client Component Browser]
    ./src/lib/open-events.ts [Client Component Browser]
    ./src/components/home/OpenEventsFloatingChip.tsx [Client Component Browser]
    ./src/components/home/OpenEventsFloatingChip.tsx [Server Component]
    ./src/components/home/HomeOpenEventsChip.tsx [Server Component]
    ./src/app/(public)/layout.tsx [Server Component]

  #5 [Client Component SSR]:
    ./src/lib/prisma.ts [Client Component SSR]
    ./src/lib/open-events.ts [Client Component SSR]
    ./src/components/home/OpenEventsFloatingChip.tsx [Client Component SSR]
    ./src/components/home/OpenEventsFloatingChip.tsx [Server Component]
    ./src/components/home/HomeOpenEventsChip.tsx [Server Component]
    ./src/app/(public)/layout.tsx [Server Component] @ http://localhost:3000/_next/static/chunks/node_modules_next_dist_1gdrd03._.js:1945
[   13368ms] [ERROR] ./src/lib/prisma.ts
Code generation for chunk item errored
An error occurred while generating the chunk item [project]/src/lib/prisma.ts [app-client] (ecmascript) <locals>

Caused by:
- the chunking context (unknown) does not support external modules (request: node:dns)

Debug info:
- An error occurred while generating the chunk item [project]/src/lib/prisma.ts [app-client] (ecmascript) <locals>
- Execution of <EcmascriptModuleLocalsModule as EcmascriptChunkPlaceable>::chunk_item_content failed
- Execution of *EcmascriptChunkItemContent::new failed
- Execution of EcmascriptModuleContent::new failed
- the chunking context (unknown) does not support external modules (request: node:dns)

Import traces:
  #1 [Server Component]:
    ./src/lib/prisma.ts
    ./src/auth.ts
    ./src/app/layout.tsx

  #2 [Server Component]:
    ./src/lib/prisma.ts
    ./src/lib/appreciation.ts
    ./src/components/home/HomeAppreciationSnippet.tsx
    ./src/app/(public)/page.tsx

  #3 [Server Component]:
    ./src/lib/prisma.ts
    ./src/lib/open-events.ts
    ./src/components/home/HomeOpenEventsChip.tsx
    ./src/app/(public)/layout.tsx

  #4 [Client Component Browser]:
    ./src/lib/prisma.ts [Client Component Browser]
    ./src/lib/open-events.ts [Client Component Browser]
    ./src/components/home/OpenEventsFloatingChip.tsx [Client Component Browser]
    ./src/components/home/OpenEventsFloatingChip.tsx [Server Component]
    ./src/components/home/HomeOpenEventsChip.tsx [Server Component]
    ./src/app/(public)/layout.tsx [Server Component]

  #5 [Client Component SSR]:
    ./src/lib/prisma.ts [Client Component SSR]
    ./src/lib/open-events.ts [Client Component SSR]
    ./src/components/home/OpenEventsFloatingChip.tsx [Client Component SSR]
    ./src/components/home/OpenEventsFloatingChip.tsx [Server Component]
    ./src/components/home/HomeOpenEventsChip.tsx [Server Component]
    ./src/app/(public)/layout.tsx [Server Component] @ http://localhost:3000/_next/static/chunks/node_modules_next_dist_1gdrd03._.js:1945
[   13432ms] [ERROR] ./src/lib/prisma.ts
Code generation for chunk item errored
An error occurred while generating the chunk item [project]/src/lib/prisma.ts [app-client] (ecmascript) <locals>

Caused by:
- the chunking context (unknown) does not support external modules (request: node:dns)

Debug info:
- An error occurred while generating the chunk item [project]/src/lib/prisma.ts [app-client] (ecmascript) <locals>
- Execution of <EcmascriptModuleLocalsModule as EcmascriptChunkPlaceable>::chunk_item_content failed
- Execution of *EcmascriptChunkItemContent::new failed
- Execution of EcmascriptModuleContent::new failed
- the chunking context (unknown) does not support external modules (request: node:dns)

Import traces:
  #1 [Server Component]:
    ./src/lib/prisma.ts
    ./src/auth.ts
    ./src/app/layout.tsx

  #2 [Server Component]:
    ./src/lib/prisma.ts
    ./src/lib/appreciation.ts
    ./src/components/home/HomeAppreciationSnippet.tsx
    ./src/app/(public)/page.tsx

  #3 [Server Component]:
    ./src/lib/prisma.ts
    ./src/lib/open-events.ts
    ./src/components/home/HomeOpenEventsChip.tsx
    ./src/app/(public)/layout.tsx

  #4 [Client Component Browser]:
    ./src/lib/prisma.ts [Client Component Browser]
    ./src/lib/open-events.ts [Client Component Browser]
    ./src/components/home/OpenEventsFloatingChip.tsx [Client Component Browser]
    ./src/components/home/OpenEventsFloatingChip.tsx [Server Component]
    ./src/components/home/HomeOpenEventsChip.tsx [Server Component]
    ./src/app/(public)/layout.tsx [Server Component]

  #5 [Client Component SSR]:
    ./src/lib/prisma.ts [Client Component SSR]
    ./src/lib/open-events.ts [Client Component SSR]
    ./src/components/home/OpenEventsFloatingChip.tsx [Client Component SSR]
    ./src/components/home/OpenEventsFloatingChip.tsx [Server Component]
    ./src/components/home/HomeOpenEventsChip.tsx [Server Component]
    ./src/app/(public)/layout.tsx [Server Component] @ http://localhost:3000/_next/static/chunks/node_modules_next_dist_1gdrd03._.js:1945
[   13495ms] [ERROR] ./src/lib/prisma.ts
Code generation for chunk item errored
An error occurred while generating the chunk item [project]/src/lib/prisma.ts [app-client] (ecmascript) <locals>

Caused by:
- the chunking context (unknown) does not support external modules (request: node:dns)

Debug info:
- An error occurred while generating the chunk item [project]/src/lib/prisma.ts [app-client] (ecmascript) <locals>
- Execution of <EcmascriptModuleLocalsModule as EcmascriptChunkPlaceable>::chunk_item_content failed
- Execution of *EcmascriptChunkItemContent::new failed
- Execution of EcmascriptModuleContent::new failed
- the chunking context (unknown) does not support external modules (request: node:dns)

Import traces:
  #1 [Server Component]:
    ./src/lib/prisma.ts
    ./src/auth.ts
    ./src/app/layout.tsx

  #2 [Server Component]:
    ./src/lib/prisma.ts
    ./src/lib/appreciation.ts
    ./src/components/home/HomeAppreciationSnippet.tsx
    ./src/app/(public)/page.tsx

  #3 [Server Component]:
    ./src/lib/prisma.ts
    ./src/lib/open-events.ts
    ./src/components/home/HomeOpenEventsChip.tsx
    ./src/app/(public)/layout.tsx

  #4 [Client Component Browser]:
    ./src/lib/prisma.ts [Client Component Browser]
    ./src/lib/open-events.ts [Client Component Browser]
    ./src/components/home/OpenEventsFloatingChip.tsx [Client Component Browser]
    ./src/components/home/OpenEventsFloatingChip.tsx [Server Component]
    ./src/components/home/HomeOpenEventsChip.tsx [Server Component]
    ./src/app/(public)/layout.tsx [Server Component]

  #5 [Client Component SSR]:
    ./src/lib/prisma.ts [Client Component SSR]
    ./src/lib/open-events.ts [Client Component SSR]
    ./src/components/home/OpenEventsFloatingChip.tsx [Client Component SSR]
    ./src/components/home/OpenEventsFloatingChip.tsx [Server Component]
    ./src/components/home/HomeOpenEventsChip.tsx [Server Component]
    ./src/app/(public)/layout.tsx [Server Component] @ http://localhost:3000/_next/static/chunks/node_modules_next_dist_1gdrd03._.js:1945
[   13558ms] [ERROR] ./src/lib/prisma.ts
Code generation for chunk item errored
An error occurred while generating the chunk item [project]/src/lib/prisma.ts [app-client] (ecmascript) <locals>

Caused by:
- the chunking context (unknown) does not support external modules (request: node:dns)

Debug info:
- An error occurred while generating the chunk item [project]/src/lib/prisma.ts [app-client] (ecmascript) <locals>
- Execution of <EcmascriptModuleLocalsModule as EcmascriptChunkPlaceable>::chunk_item_content failed
- Execution of *EcmascriptChunkItemContent::new failed
- Execution of EcmascriptModuleContent::new failed
- the chunking context (unknown) does not support external modules (request: node:dns)

Import traces:
  #1 [Server Component]:
    ./src/lib/prisma.ts
    ./src/auth.ts
    ./src/app/layout.tsx

  #2 [Server Component]:
    ./src/lib/prisma.ts
    ./src/lib/appreciation.ts
    ./src/components/home/HomeAppreciationSnippet.tsx
    ./src/app/(public)/page.tsx

  #3 [Server Component]:
    ./src/lib/prisma.ts
    ./src/lib/open-events.ts
    ./src/components/home/HomeOpenEventsChip.tsx
    ./src/app/(public)/layout.tsx

  #4 [Client Component Browser]:
    ./src/lib/prisma.ts [Client Component Browser]
    ./src/lib/open-events.ts [Client Component Browser]
    ./src/components/home/OpenEventsFloatingChip.tsx [Client Component Browser]
    ./src/components/home/OpenEventsFloatingChip.tsx [Server Component]
    ./src/components/home/HomeOpenEventsChip.tsx [Server Component]
    ./src/app/(public)/layout.tsx [Server Component]

  #5 [Client Component SSR]:
    ./src/lib/prisma.ts [Client Component SSR]
    ./src/lib/open-events.ts [Client Component SSR]
    ./src/components/home/OpenEventsFloatingChip.tsx [Client Component SSR]
    ./src/components/home/OpenEventsFloatingChip.tsx [Server Component]
    ./src/components/home/HomeOpenEventsChip.tsx [Server Component]
    ./src/app/(public)/layout.tsx [Server Component] @ http://localhost:3000/_next/static/chunks/node_modules_next_dist_1gdrd03._.js:1945
[   13620ms] [ERROR] ./src/lib/prisma.ts
Code generation for chunk item errored
An error occurred while generating the chunk item [project]/src/lib/prisma.ts [app-client] (ecmascript) <locals>

Caused by:
- the chunking context (unknown) does not support external modules (request: node:dns)

Debug info:
- An error occurred while generating the chunk item [project]/src/lib/prisma.ts [app-client] (ecmascript) <locals>
- Execution of <EcmascriptModuleLocalsModule as EcmascriptChunkPlaceable>::chunk_item_content failed
- Execution of *EcmascriptChunkItemContent::new failed
- Execution of EcmascriptModuleContent::new failed
- the chunking context (unknown) does not support external modules (request: node:dns)

Import traces:
  #1 [Server Component]:
    ./src/lib/prisma.ts
    ./src/auth.ts
    ./src/app/layout.tsx

  #2 [Server Component]:
    ./src/lib/prisma.ts
    ./src/lib/appreciation.ts
    ./src/components/home/HomeAppreciationSnippet.tsx
    ./src/app/(public)/page.tsx

  #3 [Server Component]:
    ./src/lib/prisma.ts
    ./src/lib/open-events.ts
    ./src/components/home/HomeOpenEventsChip.tsx
    ./src/app/(public)/layout.tsx

  #4 [Client Component Browser]:
    ./src/lib/prisma.ts [Client Component Browser]
    ./src/lib/open-events.ts [Client Component Browser]
    ./src/components/home/OpenEventsFloatingChip.tsx [Client Component Browser]
    ./src/components/home/OpenEventsFloatingChip.tsx [Server Component]
    ./src/components/home/HomeOpenEventsChip.tsx [Server Component]
    ./src/app/(public)/layout.tsx [Server Component]

  #5 [Client Component SSR]:
    ./src/lib/prisma.ts [Client Component SSR]
    ./src/lib/open-events.ts [Client Component SSR]
    ./src/components/home/OpenEventsFloatingChip.tsx [Client Component SSR]
    ./src/components/home/OpenEventsFloatingChip.tsx [Server Component]
    ./src/components/home/HomeOpenEventsChip.tsx [Server Component]
    ./src/app/(public)/layout.tsx [Server Component] @ http://localhost:3000/_next/static/chunks/node_modules_next_dist_1gdrd03._.js:1945
[   13681ms] [ERROR] ./src/lib/prisma.ts
Code generation for chunk item errored
An error occurred while generating the chunk item [project]/src/lib/prisma.ts [app-client] (ecmascript) <locals>

Caused by:
- the chunking context (unknown) does not support external modules (request: node:dns)

Debug info:
- An error occurred while generating the chunk item [project]/src/lib/prisma.ts [app-client] (ecmascript) <locals>
- Execution of <EcmascriptModuleLocalsModule as EcmascriptChunkPlaceable>::chunk_item_content failed
- Execution of *EcmascriptChunkItemContent::new failed
- Execution of EcmascriptModuleContent::new failed
- the chunking context (unknown) does not support external modules (request: node:dns)

Import traces:
  #1 [Server Component]:
    ./src/lib/prisma.ts
    ./src/auth.ts
    ./src/app/layout.tsx

  #2 [Server Component]:
    ./src/lib/prisma.ts
    ./src/lib/appreciation.ts
    ./src/components/home/HomeAppreciationSnippet.tsx
    ./src/app/(public)/page.tsx

  #3 [Server Component]:
    ./src/lib/prisma.ts
    ./src/lib/open-events.ts
    ./src/components/home/HomeOpenEventsChip.tsx
    ./src/app/(public)/layout.tsx

  #4 [Client Component Browser]:
    ./src/lib/prisma.ts [Client Component Browser]
    ./src/lib/open-events.ts [Client Component Browser]
    ./src/components/home/OpenEventsFloatingChip.tsx [Client Component Browser]
    ./src/components/home/OpenEventsFloatingChip.tsx [Server Component]
    ./src/components/home/HomeOpenEventsChip.tsx [Server Component]
    ./src/app/(public)/layout.tsx [Server Component]

  #5 [Client Component SSR]:
    ./src/lib/prisma.ts [Client Component SSR]
    ./src/lib/open-events.ts [Client Component SSR]
    ./src/components/home/OpenEventsFloatingChip.tsx [Client Component SSR]
    ./src/components/home/OpenEventsFloatingChip.tsx [Server Component]
    ./src/components/home/HomeOpenEventsChip.tsx [Server Component]
    ./src/app/(public)/layout.tsx [Server Component] @ http://localhost:3000/_next/static/chunks/node_modules_next_dist_1gdrd03._.js:1945
[   13744ms] [ERROR] ./src/lib/prisma.ts
Code generation for chunk item errored
An error occurred while generating the chunk item [project]/src/lib/prisma.ts [app-client] (ecmascript) <locals>

Caused by:
- the chunking context (unknown) does not support external modules (request: node:dns)

Debug info:
- An error occurred while generating the chunk item [project]/src/lib/prisma.ts [app-client] (ecmascript) <locals>
- Execution of <EcmascriptModuleLocalsModule as EcmascriptChunkPlaceable>::chunk_item_content failed
- Execution of *EcmascriptChunkItemContent::new failed
- Execution of EcmascriptModuleContent::new failed
- the chunking context (unknown) does not support external modules (request: node:dns)

Import traces:
  #1 [Server Component]:
    ./src/lib/prisma.ts
    ./src/auth.ts
    ./src/app/layout.tsx

  #2 [Server Component]:
    ./src/lib/prisma.ts
    ./src/lib/appreciation.ts
    ./src/components/home/HomeAppreciationSnippet.tsx
    ./src/app/(public)/page.tsx

  #3 [Server Component]:
    ./src/lib/prisma.ts
    ./src/lib/open-events.ts
    ./src/components/home/HomeOpenEventsChip.tsx
    ./src/app/(public)/layout.tsx

  #4 [Client Component Browser]:
    ./src/lib/prisma.ts [Client Component Browser]
    ./src/lib/open-events.ts [Client Component Browser]
    ./src/components/home/OpenEventsFloatingChip.tsx [Client Component Browser]
    ./src/components/home/OpenEventsFloatingChip.tsx [Server Component]
    ./src/components/home/HomeOpenEventsChip.tsx [Server Component]
    ./src/app/(public)/layout.tsx [Server Component]

  #5 [Client Component SSR]:
    ./src/lib/prisma.ts [Client Component SSR]
    ./src/lib/open-events.ts [Client Component SSR]
    ./src/components/home/OpenEventsFloatingChip.tsx [Client Component SSR]
    ./src/components/home/OpenEventsFloatingChip.tsx [Server Component]
    ./src/components/home/HomeOpenEventsChip.tsx [Server Component]
    ./src/app/(public)/layout.tsx [Server Component] @ http://localhost:3000/_next/static/chunks/node_modules_next_dist_1gdrd03._.js:1945
[   13805ms] [ERROR] ./src/lib/prisma.ts
Code generation for chunk item errored
An error occurred while generating the chunk item [project]/src/lib/prisma.ts [app-client] (ecmascript) <locals>

Caused by:
- the chunking context (unknown) does not support external modules (request: node:dns)

Debug info:
- An error occurred while generating the chunk item [project]/src/lib/prisma.ts [app-client] (ecmascript) <locals>
- Execution of <EcmascriptModuleLocalsModule as EcmascriptChunkPlaceable>::chunk_item_content failed
- Execution of *EcmascriptChunkItemContent::new failed
- Execution of EcmascriptModuleContent::new failed
- the chunking context (unknown) does not support external modules (request: node:dns)

Import traces:
  #1 [Server Component]:
    ./src/lib/prisma.ts
    ./src/auth.ts
    ./src/app/layout.tsx

  #2 [Server Component]:
    ./src/lib/prisma.ts
    ./src/lib/appreciation.ts
    ./src/components/home/HomeAppreciationSnippet.tsx
    ./src/app/(public)/page.tsx

  #3 [Server Component]:
    ./src/lib/prisma.ts
    ./src/lib/open-events.ts
    ./src/components/home/HomeOpenEventsChip.tsx
    ./src/app/(public)/layout.tsx

  #4 [Client Component Browser]:
    ./src/lib/prisma.ts [Client Component Browser]
    ./src/lib/open-events.ts [Client Component Browser]
    ./src/components/home/OpenEventsFloatingChip.tsx [Client Component Browser]
    ./src/components/home/OpenEventsFloatingChip.tsx [Server Component]
    ./src/components/home/HomeOpenEventsChip.tsx [Server Component]
    ./src/app/(public)/layout.tsx [Server Component]

  #5 [Client Component SSR]:
    ./src/lib/prisma.ts [Client Component SSR]
    ./src/lib/open-events.ts [Client Component SSR]
    ./src/components/home/OpenEventsFloatingChip.tsx [Client Component SSR]
    ./src/components/home/OpenEventsFloatingChip.tsx [Server Component]
    ./src/components/home/HomeOpenEventsChip.tsx [Server Component]
    ./src/app/(public)/layout.tsx [Server Component] @ http://localhost:3000/_next/static/chunks/node_modules_next_dist_1gdrd03._.js:1945
[   13867ms] [ERROR] ./src/lib/prisma.ts
Code generation for chunk item errored
An error occurred while generating the chunk item [project]/src/lib/prisma.ts [app-client] (ecmascript) <locals>

Caused by:
- the chunking context (unknown) does not support external modules (request: node:dns)

Debug info:
- An error occurred while generating the chunk item [project]/src/lib/prisma.ts [app-client] (ecmascript) <locals>
- Execution of <EcmascriptModuleLocalsModule as EcmascriptChunkPlaceable>::chunk_item_content failed
- Execution of *EcmascriptChunkItemContent::new failed
- Execution of EcmascriptModuleContent::new failed
- the chunking context (unknown) does not support external modules (request: node:dns)

Import traces:
  #1 [Server Component]:
    ./src/lib/prisma.ts
    ./src/auth.ts
    ./src/app/layout.tsx

  #2 [Server Component]:
    ./src/lib/prisma.ts
    ./src/lib/appreciation.ts
    ./src/components/home/HomeAppreciationSnippet.tsx
    ./src/app/(public)/page.tsx

  #3 [Server Component]:
    ./src/lib/prisma.ts
    ./src/lib/open-events.ts
    ./src/components/home/HomeOpenEventsChip.tsx
    ./src/app/(public)/layout.tsx

  #4 [Client Component Browser]:
    ./src/lib/prisma.ts [Client Component Browser]
    ./src/lib/open-events.ts [Client Component Browser]
    ./src/components/home/OpenEventsFloatingChip.tsx [Client Component Browser]
    ./src/components/home/OpenEventsFloatingChip.tsx [Server Component]
    ./src/components/home/HomeOpenEventsChip.tsx [Server Component]
    ./src/app/(public)/layout.tsx [Server Component]

  #5 [Client Component SSR]:
    ./src/lib/prisma.ts [Client Component SSR]
    ./src/lib/open-events.ts [Client Component SSR]
    ./src/components/home/OpenEventsFloatingChip.tsx [Client Component SSR]
    ./src/components/home/OpenEventsFloatingChip.tsx [Server Component]
    ./src/components/home/HomeOpenEventsChip.tsx [Server Component]
    ./src/app/(public)/layout.tsx [Server Component] @ http://localhost:3000/_next/static/chunks/node_modules_next_dist_1gdrd03._.js:1945
[   13930ms] [ERROR] ./src/lib/prisma.ts
Code generation for chunk item errored
An error occurred while generating the chunk item [project]/src/lib/prisma.ts [app-client] (ecmascript) <locals>

Caused by:
- the chunking context (unknown) does not support external modules (request: node:dns)

Debug info:
- An error occurred while generating the chunk item [project]/src/lib/prisma.ts [app-client] (ecmascript) <locals>
- Execution of <EcmascriptModuleLocalsModule as EcmascriptChunkPlaceable>::chunk_item_content failed
- Execution of *EcmascriptChunkItemContent::new failed
- Execution of EcmascriptModuleContent::new failed
- the chunking context (unknown) does not support external modules (request: node:dns)

Import traces:
  #1 [Server Component]:
    ./src/lib/prisma.ts
    ./src/auth.ts
    ./src/app/layout.tsx

  #2 [Server Component]:
    ./src/lib/prisma.ts
    ./src/lib/appreciation.ts
    ./src/components/home/HomeAppreciationSnippet.tsx
    ./src/app/(public)/page.tsx

  #3 [Server Component]:
    ./src/lib/prisma.ts
    ./src/lib/open-events.ts
    ./src/components/home/HomeOpenEventsChip.tsx
    ./src/app/(public)/layout.tsx

  #4 [Client Component Browser]:
    ./src/lib/prisma.ts [Client Component Browser]
    ./src/lib/open-events.ts [Client Component Browser]
    ./src/components/home/OpenEventsFloatingChip.tsx [Client Component Browser]
    ./src/components/home/OpenEventsFloatingChip.tsx [Server Component]
    ./src/components/home/HomeOpenEventsChip.tsx [Server Component]
    ./src/app/(public)/layout.tsx [Server Component]

  #5 [Client Component SSR]:
    ./src/lib/prisma.ts [Client Component SSR]
    ./src/lib/open-events.ts [Client Component SSR]
    ./src/components/home/OpenEventsFloatingChip.tsx [Client Component SSR]
    ./src/components/home/OpenEventsFloatingChip.tsx [Server Component]
    ./src/components/home/HomeOpenEventsChip.tsx [Server Component]
    ./src/app/(public)/layout.tsx [Server Component] @ http://localhost:3000/_next/static/chunks/node_modules_next_dist_1gdrd03._.js:1945
[   13993ms] [ERROR] ./src/lib/prisma.ts
Code generation for chunk item errored
An error occurred while generating the chunk item [project]/src/lib/prisma.ts [app-client] (ecmascript) <locals>

Caused by:
- the chunking context (unknown) does not support external modules (request: node:dns)

Debug info:
- An error occurred while generating the chunk item [project]/src/lib/prisma.ts [app-client] (ecmascript) <locals>
- Execution of <EcmascriptModuleLocalsModule as EcmascriptChunkPlaceable>::chunk_item_content failed
- Execution of *EcmascriptChunkItemContent::new failed
- Execution of EcmascriptModuleContent::new failed
- the chunking context (unknown) does not support external modules (request: node:dns)

Import traces:
  #1 [Server Component]:
    ./src/lib/prisma.ts
    ./src/auth.ts
    ./src/app/layout.tsx

  #2 [Server Component]:
    ./src/lib/prisma.ts
    ./src/lib/appreciation.ts
    ./src/components/home/HomeAppreciationSnippet.tsx
    ./src/app/(public)/page.tsx

  #3 [Server Component]:
    ./src/lib/prisma.ts
    ./src/lib/open-events.ts
    ./src/components/home/HomeOpenEventsChip.tsx
    ./src/app/(public)/layout.tsx

  #4 [Client Component Browser]:
    ./src/lib/prisma.ts [Client Component Browser]
    ./src/lib/open-events.ts [Client Component Browser]
    ./src/components/home/OpenEventsFloatingChip.tsx [Client Component Browser]
    ./src/components/home/OpenEventsFloatingChip.tsx [Server Component]
    ./src/components/home/HomeOpenEventsChip.tsx [Server Component]
    ./src/app/(public)/layout.tsx [Server Component]

  #5 [Client Component SSR]:
    ./src/lib/prisma.ts [Client Component SSR]
    ./src/lib/open-events.ts [Client Component SSR]
    ./src/components/home/OpenEventsFloatingChip.tsx [Client Component SSR]
    ./src/components/home/OpenEventsFloatingChip.tsx [Server Component]
    ./src/components/home/HomeOpenEventsChip.tsx [Server Component]
    ./src/app/(public)/layout.tsx [Server Component] @ http://localhost:3000/_next/static/chunks/node_modules_next_dist_1gdrd03._.js:1945
[   14056ms] [ERROR] ./src/lib/prisma.ts
Code generation for chunk item errored
An error occurred while generating the chunk item [project]/src/lib/prisma.ts [app-client] (ecmascript) <locals>

Caused by:
- the chunking context (unknown) does not support external modules (request: node:dns)

Debug info:
- An error occurred while generating the chunk item [project]/src/lib/prisma.ts [app-client] (ecmascript) <locals>
- Execution of <EcmascriptModuleLocalsModule as EcmascriptChunkPlaceable>::chunk_item_content failed
- Execution of *EcmascriptChunkItemContent::new failed
- Execution of EcmascriptModuleContent::new failed
- the chunking context (unknown) does not support external modules (request: node:dns)

Import traces:
  #1 [Server Component]:
    ./src/lib/prisma.ts
    ./src/auth.ts
    ./src/app/layout.tsx

  #2 [Server Component]:
    ./src/lib/prisma.ts
    ./src/lib/appreciation.ts
    ./src/components/home/HomeAppreciationSnippet.tsx
    ./src/app/(public)/page.tsx

  #3 [Server Component]:
    ./src/lib/prisma.ts
    ./src/lib/open-events.ts
    ./src/components/home/HomeOpenEventsChip.tsx
    ./src/app/(public)/layout.tsx

  #4 [Client Component Browser]:
    ./src/lib/prisma.ts [Client Component Browser]
    ./src/lib/open-events.ts [Client Component Browser]
    ./src/components/home/OpenEventsFloatingChip.tsx [Client Component Browser]
    ./src/components/home/OpenEventsFloatingChip.tsx [Server Component]
    ./src/components/home/HomeOpenEventsChip.tsx [Server Component]
    ./src/app/(public)/layout.tsx [Server Component]

  #5 [Client Component SSR]:
    ./src/lib/prisma.ts [Client Component SSR]
    ./src/lib/open-events.ts [Client Component SSR]
    ./src/components/home/OpenEventsFloatingChip.tsx [Client Component SSR]
    ./src/components/home/OpenEventsFloatingChip.tsx [Server Component]
    ./src/components/home/HomeOpenEventsChip.tsx [Server Component]
    ./src/app/(public)/layout.tsx [Server Component] @ http://localhost:3000/_next/static/chunks/node_modules_next_dist_1gdrd03._.js:1945
[   14119ms] [ERROR] ./src/lib/prisma.ts
Code generation for chunk item errored
An error occurred while generating the chunk item [project]/src/lib/prisma.ts [app-client] (ecmascript) <locals>

Caused by:
- the chunking context (unknown) does not support external modules (request: node:dns)

Debug info:
- An error occurred while generating the chunk item [project]/src/lib/prisma.ts [app-client] (ecmascript) <locals>
- Execution of <EcmascriptModuleLocalsModule as EcmascriptChunkPlaceable>::chunk_item_content failed
- Execution of *EcmascriptChunkItemContent::new failed
- Execution of EcmascriptModuleContent::new failed
- the chunking context (unknown) does not support external modules (request: node:dns)

Import traces:
  #1 [Server Component]:
    ./src/lib/prisma.ts
    ./src/auth.ts
    ./src/app/layout.tsx

  #2 [Server Component]:
    ./src/lib/prisma.ts
    ./src/lib/appreciation.ts
    ./src/components/home/HomeAppreciationSnippet.tsx
    ./src/app/(public)/page.tsx

  #3 [Server Component]:
    ./src/lib/prisma.ts
    ./src/lib/open-events.ts
    ./src/components/home/HomeOpenEventsChip.tsx
    ./src/app/(public)/layout.tsx

  #4 [Client Component Browser]:
    ./src/lib/prisma.ts [Client Component Browser]
    ./src/lib/open-events.ts [Client Component Browser]
    ./src/components/home/OpenEventsFloatingChip.tsx [Client Component Browser]
    ./src/components/home/OpenEventsFloatingChip.tsx [Server Component]
    ./src/components/home/HomeOpenEventsChip.tsx [Server Component]
    ./src/app/(public)/layout.tsx [Server Component]

  #5 [Client Component SSR]:
    ./src/lib/prisma.ts [Client Component SSR]
    ./src/lib/open-events.ts [Client Component SSR]
    ./src/components/home/OpenEventsFloatingChip.tsx [Client Component SSR]
    ./src/components/home/OpenEventsFloatingChip.tsx [Server Component]
    ./src/components/home/HomeOpenEventsChip.tsx [Server Component]
    ./src/app/(public)/layout.tsx [Server Component] @ http://localhost:3000/_next/static/chunks/node_modules_next_dist_1gdrd03._.js:1945
[   14181ms] [ERROR] ./src/lib/prisma.ts
Code generation for chunk item errored
An error occurred while generating the chunk item [project]/src/lib/prisma.ts [app-client] (ecmascript) <locals>

Caused by:
- the chunking context (unknown) does not support external modules (request: node:dns)

Debug info:
- An error occurred while generating the chunk item [project]/src/lib/prisma.ts [app-client] (ecmascript) <locals>
- Execution of <EcmascriptModuleLocalsModule as EcmascriptChunkPlaceable>::chunk_item_content failed
- Execution of *EcmascriptChunkItemContent::new failed
- Execution of EcmascriptModuleContent::new failed
- the chunking context (unknown) does not support external modules (request: node:dns)

Import traces:
  #1 [Server Component]:
    ./src/lib/prisma.ts
    ./src/auth.ts
    ./src/app/layout.tsx

  #2 [Server Component]:
    ./src/lib/prisma.ts
    ./src/lib/appreciation.ts
    ./src/components/home/HomeAppreciationSnippet.tsx
    ./src/app/(public)/page.tsx

  #3 [Server Component]:
    ./src/lib/prisma.ts
    ./src/lib/open-events.ts
    ./src/components/home/HomeOpenEventsChip.tsx
    ./src/app/(public)/layout.tsx

  #4 [Client Component Browser]:
    ./src/lib/prisma.ts [Client Component Browser]
    ./src/lib/open-events.ts [Client Component Browser]
    ./src/components/home/OpenEventsFloatingChip.tsx [Client Component Browser]
    ./src/components/home/OpenEventsFloatingChip.tsx [Server Component]
    ./src/components/home/HomeOpenEventsChip.tsx [Server Component]
    ./src/app/(public)/layout.tsx [Server Component]

  #5 [Client Component SSR]:
    ./src/lib/prisma.ts [Client Component SSR]
    ./src/lib/open-events.ts [Client Component SSR]
    ./src/components/home/OpenEventsFloatingChip.tsx [Client Component SSR]
    ./src/components/home/OpenEventsFloatingChip.tsx [Server Component]
    ./src/components/home/HomeOpenEventsChip.tsx [Server Component]
    ./src/app/(public)/layout.tsx [Server Component] @ http://localhost:3000/_next/static/chunks/node_modules_next_dist_1gdrd03._.js:1945
[   14242ms] [ERROR] ./src/lib/prisma.ts
Code generation for chunk item errored
An error occurred while generating the chunk item [project]/src/lib/prisma.ts [app-client] (ecmascript) <locals>

Caused by:
- the chunking context (unknown) does not support external modules (request: node:dns)

Debug info:
- An error occurred while generating the chunk item [project]/src/lib/prisma.ts [app-client] (ecmascript) <locals>
- Execution of <EcmascriptModuleLocalsModule as EcmascriptChunkPlaceable>::chunk_item_content failed
- Execution of *EcmascriptChunkItemContent::new failed
- Execution of EcmascriptModuleContent::new failed
- the chunking context (unknown) does not support external modules (request: node:dns)

Import traces:
  #1 [Server Component]:
    ./src/lib/prisma.ts
    ./src/auth.ts
    ./src/app/layout.tsx

  #2 [Server Component]:
    ./src/lib/prisma.ts
    ./src/lib/appreciation.ts
    ./src/components/home/HomeAppreciationSnippet.tsx
    ./src/app/(public)/page.tsx

  #3 [Server Component]:
    ./src/lib/prisma.ts
    ./src/lib/open-events.ts
    ./src/components/home/HomeOpenEventsChip.tsx
    ./src/app/(public)/layout.tsx

  #4 [Client Component Browser]:
    ./src/lib/prisma.ts [Client Component Browser]
    ./src/lib/open-events.ts [Client Component Browser]
    ./src/components/home/OpenEventsFloatingChip.tsx [Client Component Browser]
    ./src/components/home/OpenEventsFloatingChip.tsx [Server Component]
    ./src/components/home/HomeOpenEventsChip.tsx [Server Component]
    ./src/app/(public)/layout.tsx [Server Component]

  #5 [Client Component SSR]:
    ./src/lib/prisma.ts [Client Component SSR]
    ./src/lib/open-events.ts [Client Component SSR]
    ./src/components/home/OpenEventsFloatingChip.tsx [Client Component SSR]
    ./src/components/home/OpenEventsFloatingChip.tsx [Server Component]
    ./src/components/home/HomeOpenEventsChip.tsx [Server Component]
    ./src/app/(public)/layout.tsx [Server Component] @ http://localhost:3000/_next/static/chunks/node_modules_next_dist_1gdrd03._.js:1945
[   14304ms] [ERROR] ./src/lib/prisma.ts
Code generation for chunk item errored
An error occurred while generating the chunk item [project]/src/lib/prisma.ts [app-client] (ecmascript) <locals>

Caused by:
- the chunking context (unknown) does not support external modules (request: node:dns)

Debug info:
- An error occurred while generating the chunk item [project]/src/lib/prisma.ts [app-client] (ecmascript) <locals>
- Execution of <EcmascriptModuleLocalsModule as EcmascriptChunkPlaceable>::chunk_item_content failed
- Execution of *EcmascriptChunkItemContent::new failed
- Execution of EcmascriptModuleContent::new failed
- the chunking context (unknown) does not support external modules (request: node:dns)

Import traces:
  #1 [Server Component]:
    ./src/lib/prisma.ts
    ./src/auth.ts
    ./src/app/layout.tsx

  #2 [Server Component]:
    ./src/lib/prisma.ts
    ./src/lib/appreciation.ts
    ./src/components/home/HomeAppreciationSnippet.tsx
    ./src/app/(public)/page.tsx

  #3 [Server Component]:
    ./src/lib/prisma.ts
    ./src/lib/open-events.ts
    ./src/components/home/HomeOpenEventsChip.tsx
    ./src/app/(public)/layout.tsx

  #4 [Client Component Browser]:
    ./src/lib/prisma.ts [Client Component Browser]
    ./src/lib/open-events.ts [Client Component Browser]
    ./src/components/home/OpenEventsFloatingChip.tsx [Client Component Browser]
    ./src/components/home/OpenEventsFloatingChip.tsx [Server Component]
    ./src/components/home/HomeOpenEventsChip.tsx [Server Component]
    ./src/app/(public)/layout.tsx [Server Component]

  #5 [Client Component SSR]:
    ./src/lib/prisma.ts [Client Component SSR]
    ./src/lib/open-events.ts [Client Component SSR]
    ./src/components/home/OpenEventsFloatingChip.tsx [Client Component SSR]
    ./src/components/home/OpenEventsFloatingChip.tsx [Server Component]
    ./src/components/home/HomeOpenEventsChip.tsx [Server Component]
    ./src/app/(public)/layout.tsx [Server Component] @ http://localhost:3000/_next/static/chunks/node_modules_next_dist_1gdrd03._.js:1945
[   14365ms] [ERROR] ./src/lib/prisma.ts
Code generation for chunk item errored
An error occurred while generating the chunk item [project]/src/lib/prisma.ts [app-client] (ecmascript) <locals>

Caused by:
- the chunking context (unknown) does not support external modules (request: node:dns)

Debug info:
- An error occurred while generating the chunk item [project]/src/lib/prisma.ts [app-client] (ecmascript) <locals>
- Execution of <EcmascriptModuleLocalsModule as EcmascriptChunkPlaceable>::chunk_item_content failed
- Execution of *EcmascriptChunkItemContent::new failed
- Execution of EcmascriptModuleContent::new failed
- the chunking context (unknown) does not support external modules (request: node:dns)

Import traces:
  #1 [Server Component]:
    ./src/lib/prisma.ts
    ./src/auth.ts
    ./src/app/layout.tsx

  #2 [Server Component]:
    ./src/lib/prisma.ts
    ./src/lib/appreciation.ts
    ./src/components/home/HomeAppreciationSnippet.tsx
    ./src/app/(public)/page.tsx

  #3 [Server Component]:
    ./src/lib/prisma.ts
    ./src/lib/open-events.ts
    ./src/components/home/HomeOpenEventsChip.tsx
    ./src/app/(public)/layout.tsx

  #4 [Client Component Browser]:
    ./src/lib/prisma.ts [Client Component Browser]
    ./src/lib/open-events.ts [Client Component Browser]
    ./src/components/home/OpenEventsFloatingChip.tsx [Client Component Browser]
    ./src/components/home/OpenEventsFloatingChip.tsx [Server Component]
    ./src/components/home/HomeOpenEventsChip.tsx [Server Component]
    ./src/app/(public)/layout.tsx [Server Component]

  #5 [Client Component SSR]:
    ./src/lib/prisma.ts [Client Component SSR]
    ./src/lib/open-events.ts [Client Component SSR]
    ./src/components/home/OpenEventsFloatingChip.tsx [Client Component SSR]
    ./src/components/home/OpenEventsFloatingChip.tsx [Server Component]
    ./src/components/home/HomeOpenEventsChip.tsx [Server Component]
    ./src/app/(public)/layout.tsx [Server Component] @ http://localhost:3000/_next/static/chunks/node_modules_next_dist_1gdrd03._.js:1945
[   14426ms] [ERROR] ./src/lib/prisma.ts
Code generation for chunk item errored
An error occurred while generating the chunk item [project]/src/lib/prisma.ts [app-client] (ecmascript) <locals>

Caused by:
- the chunking context (unknown) does not support external modules (request: node:dns)

Debug info:
- An error occurred while generating the chunk item [project]/src/lib/prisma.ts [app-client] (ecmascript) <locals>
- Execution of <EcmascriptModuleLocalsModule as EcmascriptChunkPlaceable>::chunk_item_content failed
- Execution of *EcmascriptChunkItemContent::new failed
- Execution of EcmascriptModuleContent::new failed
- the chunking context (unknown) does not support external modules (request: node:dns)

Import traces:
  #1 [Server Component]:
    ./src/lib/prisma.ts
    ./src/auth.ts
    ./src/app/layout.tsx

  #2 [Server Component]:
    ./src/lib/prisma.ts
    ./src/lib/appreciation.ts
    ./src/components/home/HomeAppreciationSnippet.tsx
    ./src/app/(public)/page.tsx

  #3 [Server Component]:
    ./src/lib/prisma.ts
    ./src/lib/open-events.ts
    ./src/components/home/HomeOpenEventsChip.tsx
    ./src/app/(public)/layout.tsx

  #4 [Client Component Browser]:
    ./src/lib/prisma.ts [Client Component Browser]
    ./src/lib/open-events.ts [Client Component Browser]
    ./src/components/home/OpenEventsFloatingChip.tsx [Client Component Browser]
    ./src/components/home/OpenEventsFloatingChip.tsx [Server Component]
    ./src/components/home/HomeOpenEventsChip.tsx [Server Component]
    ./src/app/(public)/layout.tsx [Server Component]

  #5 [Client Component SSR]:
    ./src/lib/prisma.ts [Client Component SSR]
    ./src/lib/open-events.ts [Client Component SSR]
    ./src/components/home/OpenEventsFloatingChip.tsx [Client Component SSR]
    ./src/components/home/OpenEventsFloatingChip.tsx [Server Component]
    ./src/components/home/HomeOpenEventsChip.tsx [Server Component]
    ./src/app/(public)/layout.tsx [Server Component] @ http://localhost:3000/_next/static/chunks/node_modules_next_dist_1gdrd03._.js:1945
[   14490ms] [ERROR] ./src/lib/prisma.ts
Code generation for chunk item errored
An error occurred while generating the chunk item [project]/src/lib/prisma.ts [app-client] (ecmascript) <locals>

Caused by:
- the chunking context (unknown) does not support external modules (request: node:dns)

Debug info:
- An error occurred while generating the chunk item [project]/src/lib/prisma.ts [app-client] (ecmascript) <locals>
- Execution of <EcmascriptModuleLocalsModule as EcmascriptChunkPlaceable>::chunk_item_content failed
- Execution of *EcmascriptChunkItemContent::new failed
- Execution of EcmascriptModuleContent::new failed
- the chunking context (unknown) does not support external modules (request: node:dns)

Import traces:
  #1 [Server Component]:
    ./src/lib/prisma.ts
    ./src/auth.ts
    ./src/app/layout.tsx

  #2 [Server Component]:
    ./src/lib/prisma.ts
    ./src/lib/appreciation.ts
    ./src/components/home/HomeAppreciationSnippet.tsx
    ./src/app/(public)/page.tsx

  #3 [Server Component]:
    ./src/lib/prisma.ts
    ./src/lib/open-events.ts
    ./src/components/home/HomeOpenEventsChip.tsx
    ./src/app/(public)/layout.tsx

  #4 [Client Component Browser]:
    ./src/lib/prisma.ts [Client Component Browser]
    ./src/lib/open-events.ts [Client Component Browser]
    ./src/components/home/OpenEventsFloatingChip.tsx [Client Component Browser]
    ./src/components/home/OpenEventsFloatingChip.tsx [Server Component]
    ./src/components/home/HomeOpenEventsChip.tsx [Server Component]
    ./src/app/(public)/layout.tsx [Server Component]

  #5 [Client Component SSR]:
    ./src/lib/prisma.ts [Client Component SSR]
    ./src/lib/open-events.ts [Client Component SSR]
    ./src/components/home/OpenEventsFloatingChip.tsx [Client Component SSR]
    ./src/components/home/OpenEventsFloatingChip.tsx [Server Component]
    ./src/components/home/HomeOpenEventsChip.tsx [Server Component]
    ./src/app/(public)/layout.tsx [Server Component] @ http://localhost:3000/_next/static/chunks/node_modules_next_dist_1gdrd03._.js:1945
[   14551ms] [ERROR] ./src/lib/prisma.ts
Code generation for chunk item errored
An error occurred while generating the chunk item [project]/src/lib/prisma.ts [app-client] (ecmascript) <locals>

Caused by:
- the chunking context (unknown) does not support external modules (request: node:dns)

Debug info:
- An error occurred while generating the chunk item [project]/src/lib/prisma.ts [app-client] (ecmascript) <locals>
- Execution of <EcmascriptModuleLocalsModule as EcmascriptChunkPlaceable>::chunk_item_content failed
- Execution of *EcmascriptChunkItemContent::new failed
- Execution of EcmascriptModuleContent::new failed
- the chunking context (unknown) does not support external modules (request: node:dns)

Import traces:
  #1 [Server Component]:
    ./src/lib/prisma.ts
    ./src/auth.ts
    ./src/app/layout.tsx

  #2 [Server Component]:
    ./src/lib/prisma.ts
    ./src/lib/appreciation.ts
    ./src/components/home/HomeAppreciationSnippet.tsx
    ./src/app/(public)/page.tsx

  #3 [Server Component]:
    ./src/lib/prisma.ts
    ./src/lib/open-events.ts
    ./src/components/home/HomeOpenEventsChip.tsx
    ./src/app/(public)/layout.tsx

  #4 [Client Component Browser]:
    ./src/lib/prisma.ts [Client Component Browser]
    ./src/lib/open-events.ts [Client Component Browser]
    ./src/components/home/OpenEventsFloatingChip.tsx [Client Component Browser]
    ./src/components/home/OpenEventsFloatingChip.tsx [Server Component]
    ./src/components/home/HomeOpenEventsChip.tsx [Server Component]
    ./src/app/(public)/layout.tsx [Server Component]

  #5 [Client Component SSR]:
    ./src/lib/prisma.ts [Client Component SSR]
    ./src/lib/open-events.ts [Client Component SSR]
    ./src/components/home/OpenEventsFloatingChip.tsx [Client Component SSR]
    ./src/components/home/OpenEventsFloatingChip.tsx [Server Component]
    ./src/components/home/HomeOpenEventsChip.tsx [Server Component]
    ./src/app/(public)/layout.tsx [Server Component] @ http://localhost:3000/_next/static/chunks/node_modules_next_dist_1gdrd03._.js:1945
[   14614ms] [ERROR] ./src/lib/prisma.ts
Code generation for chunk item errored
An error occurred while generating the chunk item [project]/src/lib/prisma.ts [app-client] (ecmascript) <locals>

Caused by:
- the chunking context (unknown) does not support external modules (request: node:dns)

Debug info:
- An error occurred while generating the chunk item [project]/src/lib/prisma.ts [app-client] (ecmascript) <locals>
- Execution of <EcmascriptModuleLocalsModule as EcmascriptChunkPlaceable>::chunk_item_content failed
- Execution of *EcmascriptChunkItemContent::new failed
- Execution of EcmascriptModuleContent::new failed
- the chunking context (unknown) does not support external modules (request: node:dns)

Import traces:
  #1 [Server Component]:
    ./src/lib/prisma.ts
    ./src/auth.ts
    ./src/app/layout.tsx

  #2 [Server Component]:
    ./src/lib/prisma.ts
    ./src/lib/appreciation.ts
    ./src/components/home/HomeAppreciationSnippet.tsx
    ./src/app/(public)/page.tsx

  #3 [Server Component]:
    ./src/lib/prisma.ts
    ./src/lib/open-events.ts
    ./src/components/home/HomeOpenEventsChip.tsx
    ./src/app/(public)/layout.tsx

  #4 [Client Component Browser]:
    ./src/lib/prisma.ts [Client Component Browser]
    ./src/lib/open-events.ts [Client Component Browser]
    ./src/components/home/OpenEventsFloatingChip.tsx [Client Component Browser]
    ./src/components/home/OpenEventsFloatingChip.tsx [Server Component]
    ./src/components/home/HomeOpenEventsChip.tsx [Server Component]
    ./src/app/(public)/layout.tsx [Server Component]

  #5 [Client Component SSR]:
    ./src/lib/prisma.ts [Client Component SSR]
    ./src/lib/open-events.ts [Client Component SSR]
    ./src/components/home/OpenEventsFloatingChip.tsx [Client Component SSR]
    ./src/components/home/OpenEventsFloatingChip.tsx [Server Component]
    ./src/components/home/HomeOpenEventsChip.tsx [Server Component]
    ./src/app/(public)/layout.tsx [Server Component] @ http://localhost:3000/_next/static/chunks/node_modules_next_dist_1gdrd03._.js:1945
[   14676ms] [ERROR] ./src/lib/prisma.ts
Code generation for chunk item errored
An error occurred while generating the chunk item [project]/src/lib/prisma.ts [app-client] (ecmascript) <locals>

Caused by:
- the chunking context (unknown) does not support external modules (request: node:dns)

Debug info:
- An error occurred while generating the chunk item [project]/src/lib/prisma.ts [app-client] (ecmascript) <locals>
- Execution of <EcmascriptModuleLocalsModule as EcmascriptChunkPlaceable>::chunk_item_content failed
- Execution of *EcmascriptChunkItemContent::new failed
- Execution of EcmascriptModuleContent::new failed
- the chunking context (unknown) does not support external modules (request: node:dns)

Import traces:
  #1 [Server Component]:
    ./src/lib/prisma.ts
    ./src/auth.ts
    ./src/app/layout.tsx

  #2 [Server Component]:
    ./src/lib/prisma.ts
    ./src/lib/appreciation.ts
    ./src/components/home/HomeAppreciationSnippet.tsx
    ./src/app/(public)/page.tsx

  #3 [Server Component]:
    ./src/lib/prisma.ts
    ./src/lib/open-events.ts
    ./src/components/home/HomeOpenEventsChip.tsx
    ./src/app/(public)/layout.tsx

  #4 [Client Component Browser]:
    ./src/lib/prisma.ts [Client Component Browser]
    ./src/lib/open-events.ts [Client Component Browser]
    ./src/components/home/OpenEventsFloatingChip.tsx [Client Component Browser]
    ./src/components/home/OpenEventsFloatingChip.tsx [Server Component]
    ./src/components/home/HomeOpenEventsChip.tsx [Server Component]
    ./src/app/(public)/layout.tsx [Server Component]

  #5 [Client Component SSR]:
    ./src/lib/prisma.ts [Client Component SSR]
    ./src/lib/open-events.ts [Client Component SSR]
    ./src/components/home/OpenEventsFloatingChip.tsx [Client Component SSR]
    ./src/components/home/OpenEventsFloatingChip.tsx [Server Component]
    ./src/components/home/HomeOpenEventsChip.tsx [Server Component]
    ./src/app/(public)/layout.tsx [Server Component] @ http://localhost:3000/_next/static/chunks/node_modules_next_dist_1gdrd03._.js:1945
[   14739ms] [ERROR] ./src/lib/prisma.ts
Code generation for chunk item errored
An error occurred while generating the chunk item [project]/src/lib/prisma.ts [app-client] (ecmascript) <locals>

Caused by:
- the chunking context (unknown) does not support external modules (request: node:dns)

Debug info:
- An error occurred while generating the chunk item [project]/src/lib/prisma.ts [app-client] (ecmascript) <locals>
- Execution of <EcmascriptModuleLocalsModule as EcmascriptChunkPlaceable>::chunk_item_content failed
- Execution of *EcmascriptChunkItemContent::new failed
- Execution of EcmascriptModuleContent::new failed
- the chunking context (unknown) does not support external modules (request: node:dns)

Import traces:
  #1 [Server Component]:
    ./src/lib/prisma.ts
    ./src/auth.ts
    ./src/app/layout.tsx

  #2 [Server Component]:
    ./src/lib/prisma.ts
    ./src/lib/appreciation.ts
    ./src/components/home/HomeAppreciationSnippet.tsx
    ./src/app/(public)/page.tsx

  #3 [Server Component]:
    ./src/lib/prisma.ts
    ./src/lib/open-events.ts
    ./src/components/home/HomeOpenEventsChip.tsx
    ./src/app/(public)/layout.tsx

  #4 [Client Component Browser]:
    ./src/lib/prisma.ts [Client Component Browser]
    ./src/lib/open-events.ts [Client Component Browser]
    ./src/components/home/OpenEventsFloatingChip.tsx [Client Component Browser]
    ./src/components/home/OpenEventsFloatingChip.tsx [Server Component]
    ./src/components/home/HomeOpenEventsChip.tsx [Server Component]
    ./src/app/(public)/layout.tsx [Server Component]

  #5 [Client Component SSR]:
    ./src/lib/prisma.ts [Client Component SSR]
    ./src/lib/open-events.ts [Client Component SSR]
    ./src/components/home/OpenEventsFloatingChip.tsx [Client Component SSR]
    ./src/components/home/OpenEventsFloatingChip.tsx [Server Component]
    ./src/components/home/HomeOpenEventsChip.tsx [Server Component]
    ./src/app/(public)/layout.tsx [Server Component] @ http://localhost:3000/_next/static/chunks/node_modules_next_dist_1gdrd03._.js:1945
[   14804ms] [ERROR] ./src/lib/prisma.ts
Code generation for chunk item errored
An error occurred while generating the chunk item [project]/src/lib/prisma.ts [app-client] (ecmascript) <locals>

Caused by:
- the chunking context (unknown) does not support external modules (request: node:dns)

Debug info:
- An error occurred while generating the chunk item [project]/src/lib/prisma.ts [app-client] (ecmascript) <locals>
- Execution of <EcmascriptModuleLocalsModule as EcmascriptChunkPlaceable>::chunk_item_content failed
- Execution of *EcmascriptChunkItemContent::new failed
- Execution of EcmascriptModuleContent::new failed
- the chunking context (unknown) does not support external modules (request: node:dns)

Import traces:
  #1 [Server Component]:
    ./src/lib/prisma.ts
    ./src/auth.ts
    ./src/app/layout.tsx

  #2 [Server Component]:
    ./src/lib/prisma.ts
    ./src/lib/appreciation.ts
    ./src/components/home/HomeAppreciationSnippet.tsx
    ./src/app/(public)/page.tsx

  #3 [Server Component]:
    ./src/lib/prisma.ts
    ./src/lib/open-events.ts
    ./src/components/home/HomeOpenEventsChip.tsx
    ./src/app/(public)/layout.tsx

  #4 [Client Component Browser]:
    ./src/lib/prisma.ts [Client Component Browser]
    ./src/lib/open-events.ts [Client Component Browser]
    ./src/components/home/OpenEventsFloatingChip.tsx [Client Component Browser]
    ./src/components/home/OpenEventsFloatingChip.tsx [Server Component]
    ./src/components/home/HomeOpenEventsChip.tsx [Server Component]
    ./src/app/(public)/layout.tsx [Server Component]

  #5 [Client Component SSR]:
    ./src/lib/prisma.ts [Client Component SSR]
    ./src/lib/open-events.ts [Client Component SSR]
    ./src/components/home/OpenEventsFloatingChip.tsx [Client Component SSR]
    ./src/components/home/OpenEventsFloatingChip.tsx [Server Component]
    ./src/components/home/HomeOpenEventsChip.tsx [Server Component]
    ./src/app/(public)/layout.tsx [Server Component] @ http://localhost:3000/_next/static/chunks/node_modules_next_dist_1gdrd03._.js:1945
[   14865ms] [ERROR] ./src/lib/prisma.ts
Code generation for chunk item errored
An error occurred while generating the chunk item [project]/src/lib/prisma.ts [app-client] (ecmascript) <locals>

Caused by:
- the chunking context (unknown) does not support external modules (request: node:dns)

Debug info:
- An error occurred while generating the chunk item [project]/src/lib/prisma.ts [app-client] (ecmascript) <locals>
- Execution of <EcmascriptModuleLocalsModule as EcmascriptChunkPlaceable>::chunk_item_content failed
- Execution of *EcmascriptChunkItemContent::new failed
- Execution of EcmascriptModuleContent::new failed
- the chunking context (unknown) does not support external modules (request: node:dns)

Import traces:
  #1 [Server Component]:
    ./src/lib/prisma.ts
    ./src/auth.ts
    ./src/app/layout.tsx

  #2 [Server Component]:
    ./src/lib/prisma.ts
    ./src/lib/appreciation.ts
    ./src/components/home/HomeAppreciationSnippet.tsx
    ./src/app/(public)/page.tsx

  #3 [Server Component]:
    ./src/lib/prisma.ts
    ./src/lib/open-events.ts
    ./src/components/home/HomeOpenEventsChip.tsx
    ./src/app/(public)/layout.tsx

  #4 [Client Component Browser]:
    ./src/lib/prisma.ts [Client Component Browser]
    ./src/lib/open-events.ts [Client Component Browser]
    ./src/components/home/OpenEventsFloatingChip.tsx [Client Component Browser]
    ./src/components/home/OpenEventsFloatingChip.tsx [Server Component]
    ./src/components/home/HomeOpenEventsChip.tsx [Server Component]
    ./src/app/(public)/layout.tsx [Server Component]

  #5 [Client Component SSR]:
    ./src/lib/prisma.ts [Client Component SSR]
    ./src/lib/open-events.ts [Client Component SSR]
    ./src/components/home/OpenEventsFloatingChip.tsx [Client Component SSR]
    ./src/components/home/OpenEventsFloatingChip.tsx [Server Component]
    ./src/components/home/HomeOpenEventsChip.tsx [Server Component]
    ./src/app/(public)/layout.tsx [Server Component] @ http://localhost:3000/_next/static/chunks/node_modules_next_dist_1gdrd03._.js:1945
[   14926ms] [ERROR] ./src/lib/prisma.ts
Code generation for chunk item errored
An error occurred while generating the chunk item [project]/src/lib/prisma.ts [app-client] (ecmascript) <locals>

Caused by:
- the chunking context (unknown) does not support external modules (request: node:dns)

Debug info:
- An error occurred while generating the chunk item [project]/src/lib/prisma.ts [app-client] (ecmascript) <locals>
- Execution of <EcmascriptModuleLocalsModule as EcmascriptChunkPlaceable>::chunk_item_content failed
- Execution of *EcmascriptChunkItemContent::new failed
- Execution of EcmascriptModuleContent::new failed
- the chunking context (unknown) does not support external modules (request: node:dns)

Import traces:
  #1 [Server Component]:
    ./src/lib/prisma.ts
    ./src/auth.ts
    ./src/app/layout.tsx

  #2 [Server Component]:
    ./src/lib/prisma.ts
    ./src/lib/appreciation.ts
    ./src/components/home/HomeAppreciationSnippet.tsx
    ./src/app/(public)/page.tsx

  #3 [Server Component]:
    ./src/lib/prisma.ts
    ./src/lib/open-events.ts
    ./src/components/home/HomeOpenEventsChip.tsx
    ./src/app/(public)/layout.tsx

  #4 [Client Component Browser]:
    ./src/lib/prisma.ts [Client Component Browser]
    ./src/lib/open-events.ts [Client Component Browser]
    ./src/components/home/OpenEventsFloatingChip.tsx [Client Component Browser]
    ./src/components/home/OpenEventsFloatingChip.tsx [Server Component]
    ./src/components/home/HomeOpenEventsChip.tsx [Server Component]
    ./src/app/(public)/layout.tsx [Server Component]

  #5 [Client Component SSR]:
    ./src/lib/prisma.ts [Client Component SSR]
    ./src/lib/open-events.ts [Client Component SSR]
    ./src/components/home/OpenEventsFloatingChip.tsx [Client Component SSR]
    ./src/components/home/OpenEventsFloatingChip.tsx [Server Component]
    ./src/components/home/HomeOpenEventsChip.tsx [Server Component]
    ./src/app/(public)/layout.tsx [Server Component] @ http://localhost:3000/_next/static/chunks/node_modules_next_dist_1gdrd03._.js:1945
[   14989ms] [ERROR] ./src/lib/prisma.ts
Code generation for chunk item errored
An error occurred while generating the chunk item [project]/src/lib/prisma.ts [app-client] (ecmascript) <locals>

Caused by:
- the chunking context (unknown) does not support external modules (request: node:dns)

Debug info:
- An error occurred while generating the chunk item [project]/src/lib/prisma.ts [app-client] (ecmascript) <locals>
- Execution of <EcmascriptModuleLocalsModule as EcmascriptChunkPlaceable>::chunk_item_content failed
- Execution of *EcmascriptChunkItemContent::new failed
- Execution of EcmascriptModuleContent::new failed
- the chunking context (unknown) does not support external modules (request: node:dns)

Import traces:
  #1 [Server Component]:
    ./src/lib/prisma.ts
    ./src/auth.ts
    ./src/app/layout.tsx

  #2 [Server Component]:
    ./src/lib/prisma.ts
    ./src/lib/appreciation.ts
    ./src/components/home/HomeAppreciationSnippet.tsx
    ./src/app/(public)/page.tsx

  #3 [Server Component]:
    ./src/lib/prisma.ts
    ./src/lib/open-events.ts
    ./src/components/home/HomeOpenEventsChip.tsx
    ./src/app/(public)/layout.tsx

  #4 [Client Component Browser]:
    ./src/lib/prisma.ts [Client Component Browser]
    ./src/lib/open-events.ts [Client Component Browser]
    ./src/components/home/OpenEventsFloatingChip.tsx [Client Component Browser]
    ./src/components/home/OpenEventsFloatingChip.tsx [Server Component]
    ./src/components/home/HomeOpenEventsChip.tsx [Server Component]
    ./src/app/(public)/layout.tsx [Server Component]

  #5 [Client Component SSR]:
    ./src/lib/prisma.ts [Client Component SSR]
    ./src/lib/open-events.ts [Client Component SSR]
    ./src/components/home/OpenEventsFloatingChip.tsx [Client Component SSR]
    ./src/components/home/OpenEventsFloatingChip.tsx [Server Component]
    ./src/components/home/HomeOpenEventsChip.tsx [Server Component]
    ./src/app/(public)/layout.tsx [Server Component] @ http://localhost:3000/_next/static/chunks/node_modules_next_dist_1gdrd03._.js:1945
[   15051ms] [ERROR] ./src/lib/prisma.ts
Code generation for chunk item errored
An error occurred while generating the chunk item [project]/src/lib/prisma.ts [app-client] (ecmascript) <locals>

Caused by:
- the chunking context (unknown) does not support external modules (request: node:dns)

Debug info:
- An error occurred while generating the chunk item [project]/src/lib/prisma.ts [app-client] (ecmascript) <locals>
- Execution of <EcmascriptModuleLocalsModule as EcmascriptChunkPlaceable>::chunk_item_content failed
- Execution of *EcmascriptChunkItemContent::new failed
- Execution of EcmascriptModuleContent::new failed
- the chunking context (unknown) does not support external modules (request: node:dns)

Import traces:
  #1 [Server Component]:
    ./src/lib/prisma.ts
    ./src/auth.ts
    ./src/app/layout.tsx

  #2 [Server Component]:
    ./src/lib/prisma.ts
    ./src/lib/appreciation.ts
    ./src/components/home/HomeAppreciationSnippet.tsx
    ./src/app/(public)/page.tsx

  #3 [Server Component]:
    ./src/lib/prisma.ts
    ./src/lib/open-events.ts
    ./src/components/home/HomeOpenEventsChip.tsx
    ./src/app/(public)/layout.tsx

  #4 [Client Component Browser]:
    ./src/lib/prisma.ts [Client Component Browser]
    ./src/lib/open-events.ts [Client Component Browser]
    ./src/components/home/OpenEventsFloatingChip.tsx [Client Component Browser]
    ./src/components/home/OpenEventsFloatingChip.tsx [Server Component]
    ./src/components/home/HomeOpenEventsChip.tsx [Server Component]
    ./src/app/(public)/layout.tsx [Server Component]

  #5 [Client Component SSR]:
    ./src/lib/prisma.ts [Client Component SSR]
    ./src/lib/open-events.ts [Client Component SSR]
    ./src/components/home/OpenEventsFloatingChip.tsx [Client Component SSR]
    ./src/components/home/OpenEventsFloatingChip.tsx [Server Component]
    ./src/components/home/HomeOpenEventsChip.tsx [Server Component]
    ./src/app/(public)/layout.tsx [Server Component] @ http://localhost:3000/_next/static/chunks/node_modules_next_dist_1gdrd03._.js:1945
[   15113ms] [ERROR] ./src/lib/prisma.ts
Code generation for chunk item errored
An error occurred while generating the chunk item [project]/src/lib/prisma.ts [app-client] (ecmascript) <locals>

Caused by:
- the chunking context (unknown) does not support external modules (request: node:dns)

Debug info:
- An error occurred while generating the chunk item [project]/src/lib/prisma.ts [app-client] (ecmascript) <locals>
- Execution of <EcmascriptModuleLocalsModule as EcmascriptChunkPlaceable>::chunk_item_content failed
- Execution of *EcmascriptChunkItemContent::new failed
- Execution of EcmascriptModuleContent::new failed
- the chunking context (unknown) does not support external modules (request: node:dns)

Import traces:
  #1 [Server Component]:
    ./src/lib/prisma.ts
    ./src/auth.ts
    ./src/app/layout.tsx

  #2 [Server Component]:
    ./src/lib/prisma.ts
    ./src/lib/appreciation.ts
    ./src/components/home/HomeAppreciationSnippet.tsx
    ./src/app/(public)/page.tsx

  #3 [Server Component]:
    ./src/lib/prisma.ts
    ./src/lib/open-events.ts
    ./src/components/home/HomeOpenEventsChip.tsx
    ./src/app/(public)/layout.tsx

  #4 [Client Component Browser]:
    ./src/lib/prisma.ts [Client Component Browser]
    ./src/lib/open-events.ts [Client Component Browser]
    ./src/components/home/OpenEventsFloatingChip.tsx [Client Component Browser]
    ./src/components/home/OpenEventsFloatingChip.tsx [Server Component]
    ./src/components/home/HomeOpenEventsChip.tsx [Server Component]
    ./src/app/(public)/layout.tsx [Server Component]

  #5 [Client Component SSR]:
    ./src/lib/prisma.ts [Client Component SSR]
    ./src/lib/open-events.ts [Client Component SSR]
    ./src/components/home/OpenEventsFloatingChip.tsx [Client Component SSR]
    ./src/components/home/OpenEventsFloatingChip.tsx [Server Component]
    ./src/components/home/HomeOpenEventsChip.tsx [Server Component]
    ./src/app/(public)/layout.tsx [Server Component] @ http://localhost:3000/_next/static/chunks/node_modules_next_dist_1gdrd03._.js:1945
[   15177ms] [ERROR] ./src/lib/prisma.ts
Code generation for chunk item errored
An error occurred while generating the chunk item [project]/src/lib/prisma.ts [app-client] (ecmascript) <locals>

Caused by:
- the chunking context (unknown) does not support external modules (request: node:dns)

Debug info:
- An error occurred while generating the chunk item [project]/src/lib/prisma.ts [app-client] (ecmascript) <locals>
- Execution of <EcmascriptModuleLocalsModule as EcmascriptChunkPlaceable>::chunk_item_content failed
- Execution of *EcmascriptChunkItemContent::new failed
- Execution of EcmascriptModuleContent::new failed
- the chunking context (unknown) does not support external modules (request: node:dns)

Import traces:
  #1 [Server Component]:
    ./src/lib/prisma.ts
    ./src/auth.ts
    ./src/app/layout.tsx

  #2 [Server Component]:
    ./src/lib/prisma.ts
    ./src/lib/appreciation.ts
    ./src/components/home/HomeAppreciationSnippet.tsx
    ./src/app/(public)/page.tsx

  #3 [Server Component]:
    ./src/lib/prisma.ts
    ./src/lib/open-events.ts
    ./src/components/home/HomeOpenEventsChip.tsx
    ./src/app/(public)/layout.tsx

  #4 [Client Component Browser]:
    ./src/lib/prisma.ts [Client Component Browser]
    ./src/lib/open-events.ts [Client Component Browser]
    ./src/components/home/OpenEventsFloatingChip.tsx [Client Component Browser]
    ./src/components/home/OpenEventsFloatingChip.tsx [Server Component]
    ./src/components/home/HomeOpenEventsChip.tsx [Server Component]
    ./src/app/(public)/layout.tsx [Server Component]

  #5 [Client Component SSR]:
    ./src/lib/prisma.ts [Client Component SSR]
    ./src/lib/open-events.ts [Client Component SSR]
    ./src/components/home/OpenEventsFloatingChip.tsx [Client Component SSR]
    ./src/components/home/OpenEventsFloatingChip.tsx [Server Component]
    ./src/components/home/HomeOpenEventsChip.tsx [Server Component]
    ./src/app/(public)/layout.tsx [Server Component] @ http://localhost:3000/_next/static/chunks/node_modules_next_dist_1gdrd03._.js:1945
[   15240ms] [ERROR] ./src/lib/prisma.ts
Code generation for chunk item errored
An error occurred while generating the chunk item [project]/src/lib/prisma.ts [app-client] (ecmascript) <locals>

Caused by:
- the chunking context (unknown) does not support external modules (request: node:dns)

Debug info:
- An error occurred while generating the chunk item [project]/src/lib/prisma.ts [app-client] (ecmascript) <locals>
- Execution of <EcmascriptModuleLocalsModule as EcmascriptChunkPlaceable>::chunk_item_content failed
- Execution of *EcmascriptChunkItemContent::new failed
- Execution of EcmascriptModuleContent::new failed
- the chunking context (unknown) does not support external modules (request: node:dns)

Import traces:
  #1 [Server Component]:
    ./src/lib/prisma.ts
    ./src/auth.ts
    ./src/app/layout.tsx

  #2 [Server Component]:
    ./src/lib/prisma.ts
    ./src/lib/appreciation.ts
    ./src/components/home/HomeAppreciationSnippet.tsx
    ./src/app/(public)/page.tsx

  #3 [Server Component]:
    ./src/lib/prisma.ts
    ./src/lib/open-events.ts
    ./src/components/home/HomeOpenEventsChip.tsx
    ./src/app/(public)/layout.tsx

  #4 [Client Component Browser]:
    ./src/lib/prisma.ts [Client Component Browser]
    ./src/lib/open-events.ts [Client Component Browser]
    ./src/components/home/OpenEventsFloatingChip.tsx [Client Component Browser]
    ./src/components/home/OpenEventsFloatingChip.tsx [Server Component]
    ./src/components/home/HomeOpenEventsChip.tsx [Server Component]
    ./src/app/(public)/layout.tsx [Server Component]

  #5 [Client Component SSR]:
    ./src/lib/prisma.ts [Client Component SSR]
    ./src/lib/open-events.ts [Client Component SSR]
    ./src/components/home/OpenEventsFloatingChip.tsx [Client Component SSR]
    ./src/components/home/OpenEventsFloatingChip.tsx [Server Component]
    ./src/components/home/HomeOpenEventsChip.tsx [Server Component]
    ./src/app/(public)/layout.tsx [Server Component] @ http://localhost:3000/_next/static/chunks/node_modules_next_dist_1gdrd03._.js:1945
[   15304ms] [ERROR] ./src/lib/prisma.ts
Code generation for chunk item errored
An error occurred while generating the chunk item [project]/src/lib/prisma.ts [app-client] (ecmascript) <locals>

Caused by:
- the chunking context (unknown) does not support external modules (request: node:dns)

Debug info:
- An error occurred while generating the chunk item [project]/src/lib/prisma.ts [app-client] (ecmascript) <locals>
- Execution of <EcmascriptModuleLocalsModule as EcmascriptChunkPlaceable>::chunk_item_content failed
- Execution of *EcmascriptChunkItemContent::new failed
- Execution of EcmascriptModuleContent::new failed
- the chunking context (unknown) does not support external modules (request: node:dns)

Import traces:
  #1 [Server Component]:
    ./src/lib/prisma.ts
    ./src/auth.ts
    ./src/app/layout.tsx

  #2 [Server Component]:
    ./src/lib/prisma.ts
    ./src/lib/appreciation.ts
    ./src/components/home/HomeAppreciationSnippet.tsx
    ./src/app/(public)/page.tsx

  #3 [Server Component]:
    ./src/lib/prisma.ts
    ./src/lib/open-events.ts
    ./src/components/home/HomeOpenEventsChip.tsx
    ./src/app/(public)/layout.tsx

  #4 [Client Component Browser]:
    ./src/lib/prisma.ts [Client Component Browser]
    ./src/lib/open-events.ts [Client Component Browser]
    ./src/components/home/OpenEventsFloatingChip.tsx [Client Component Browser]
    ./src/components/home/OpenEventsFloatingChip.tsx [Server Component]
    ./src/components/home/HomeOpenEventsChip.tsx [Server Component]
    ./src/app/(public)/layout.tsx [Server Component]

  #5 [Client Component SSR]:
    ./src/lib/prisma.ts [Client Component SSR]
    ./src/lib/open-events.ts [Client Component SSR]
    ./src/components/home/OpenEventsFloatingChip.tsx [Client Component SSR]
    ./src/components/home/OpenEventsFloatingChip.tsx [Server Component]
    ./src/components/home/HomeOpenEventsChip.tsx [Server Component]
    ./src/app/(public)/layout.tsx [Server Component] @ http://localhost:3000/_next/static/chunks/node_modules_next_dist_1gdrd03._.js:1945
[   15369ms] [ERROR] ./src/lib/prisma.ts
Code generation for chunk item errored
An error occurred while generating the chunk item [project]/src/lib/prisma.ts [app-client] (ecmascript) <locals>

Caused by:
- the chunking context (unknown) does not support external modules (request: node:dns)

Debug info:
- An error occurred while generating the chunk item [project]/src/lib/prisma.ts [app-client] (ecmascript) <locals>
- Execution of <EcmascriptModuleLocalsModule as EcmascriptChunkPlaceable>::chunk_item_content failed
- Execution of *EcmascriptChunkItemContent::new failed
- Execution of EcmascriptModuleContent::new failed
- the chunking context (unknown) does not support external modules (request: node:dns)

Import traces:
  #1 [Server Component]:
    ./src/lib/prisma.ts
    ./src/auth.ts
    ./src/app/layout.tsx

  #2 [Server Component]:
    ./src/lib/prisma.ts
    ./src/lib/appreciation.ts
    ./src/components/home/HomeAppreciationSnippet.tsx
    ./src/app/(public)/page.tsx

  #3 [Server Component]:
    ./src/lib/prisma.ts
    ./src/lib/open-events.ts
    ./src/components/home/HomeOpenEventsChip.tsx
    ./src/app/(public)/layout.tsx

  #4 [Client Component Browser]:
    ./src/lib/prisma.ts [Client Component Browser]
    ./src/lib/open-events.ts [Client Component Browser]
    ./src/components/home/OpenEventsFloatingChip.tsx [Client Component Browser]
    ./src/components/home/OpenEventsFloatingChip.tsx [Server Component]
    ./src/components/home/HomeOpenEventsChip.tsx [Server Component]
    ./src/app/(public)/layout.tsx [Server Component]

  #5 [Client Component SSR]:
    ./src/lib/prisma.ts [Client Component SSR]
    ./src/lib/open-events.ts [Client Component SSR]
    ./src/components/home/OpenEventsFloatingChip.tsx [Client Component SSR]
    ./src/components/home/OpenEventsFloatingChip.tsx [Server Component]
    ./src/components/home/HomeOpenEventsChip.tsx [Server Component]
    ./src/app/(public)/layout.tsx [Server Component] @ http://localhost:3000/_next/static/chunks/node_modules_next_dist_1gdrd03._.js:1945
[   15430ms] [ERROR] ./src/lib/prisma.ts
Code generation for chunk item errored
An error occurred while generating the chunk item [project]/src/lib/prisma.ts [app-client] (ecmascript) <locals>

Caused by:
- the chunking context (unknown) does not support external modules (request: node:dns)

Debug info:
- An error occurred while generating the chunk item [project]/src/lib/prisma.ts [app-client] (ecmascript) <locals>
- Execution of <EcmascriptModuleLocalsModule as EcmascriptChunkPlaceable>::chunk_item_content failed
- Execution of *EcmascriptChunkItemContent::new failed
- Execution of EcmascriptModuleContent::new failed
- the chunking context (unknown) does not support external modules (request: node:dns)

Import traces:
  #1 [Server Component]:
    ./src/lib/prisma.ts
    ./src/auth.ts
    ./src/app/layout.tsx

  #2 [Server Component]:
    ./src/lib/prisma.ts
    ./src/lib/appreciation.ts
    ./src/components/home/HomeAppreciationSnippet.tsx
    ./src/app/(public)/page.tsx

  #3 [Server Component]:
    ./src/lib/prisma.ts
    ./src/lib/open-events.ts
    ./src/components/home/HomeOpenEventsChip.tsx
    ./src/app/(public)/layout.tsx

  #4 [Client Component Browser]:
    ./src/lib/prisma.ts [Client Component Browser]
    ./src/lib/open-events.ts [Client Component Browser]
    ./src/components/home/OpenEventsFloatingChip.tsx [Client Component Browser]
    ./src/components/home/OpenEventsFloatingChip.tsx [Server Component]
    ./src/components/home/HomeOpenEventsChip.tsx [Server Component]
    ./src/app/(public)/layout.tsx [Server Component]

  #5 [Client Component SSR]:
    ./src/lib/prisma.ts [Client Component SSR]
    ./src/lib/open-events.ts [Client Component SSR]
    ./src/components/home/OpenEventsFloatingChip.tsx [Client Component SSR]
    ./src/components/home/OpenEventsFloatingChip.tsx [Server Component]
    ./src/components/home/HomeOpenEventsChip.tsx [Server Component]
    ./src/app/(public)/layout.tsx [Server Component] @ http://localhost:3000/_next/static/chunks/node_modules_next_dist_1gdrd03._.js:1945
[   15493ms] [ERROR] ./src/lib/prisma.ts
Code generation for chunk item errored
An error occurred while generating the chunk item [project]/src/lib/prisma.ts [app-client] (ecmascript) <locals>

Caused by:
- the chunking context (unknown) does not support external modules (request: node:dns)

Debug info:
- An error occurred while generating the chunk item [project]/src/lib/prisma.ts [app-client] (ecmascript) <locals>
- Execution of <EcmascriptModuleLocalsModule as EcmascriptChunkPlaceable>::chunk_item_content failed
- Execution of *EcmascriptChunkItemContent::new failed
- Execution of EcmascriptModuleContent::new failed
- the chunking context (unknown) does not support external modules (request: node:dns)

Import traces:
  #1 [Server Component]:
    ./src/lib/prisma.ts
    ./src/auth.ts
    ./src/app/layout.tsx

  #2 [Server Component]:
    ./src/lib/prisma.ts
    ./src/lib/appreciation.ts
    ./src/components/home/HomeAppreciationSnippet.tsx
    ./src/app/(public)/page.tsx

  #3 [Server Component]:
    ./src/lib/prisma.ts
    ./src/lib/open-events.ts
    ./src/components/home/HomeOpenEventsChip.tsx
    ./src/app/(public)/layout.tsx

  #4 [Client Component Browser]:
    ./src/lib/prisma.ts [Client Component Browser]
    ./src/lib/open-events.ts [Client Component Browser]
    ./src/components/home/OpenEventsFloatingChip.tsx [Client Component Browser]
    ./src/components/home/OpenEventsFloatingChip.tsx [Server Component]
    ./src/components/home/HomeOpenEventsChip.tsx [Server Component]
    ./src/app/(public)/layout.tsx [Server Component]

  #5 [Client Component SSR]:
    ./src/lib/prisma.ts [Client Component SSR]
    ./src/lib/open-events.ts [Client Component SSR]
    ./src/components/home/OpenEventsFloatingChip.tsx [Client Component SSR]
    ./src/components/home/OpenEventsFloatingChip.tsx [Server Component]
    ./src/components/home/HomeOpenEventsChip.tsx [Server Component]
    ./src/app/(public)/layout.tsx [Server Component] @ http://localhost:3000/_next/static/chunks/node_modules_next_dist_1gdrd03._.js:1945
[   15556ms] [ERROR] ./src/lib/prisma.ts
Code generation for chunk item errored
An error occurred while generating the chunk item [project]/src/lib/prisma.ts [app-client] (ecmascript) <locals>

Caused by:
- the chunking context (unknown) does not support external modules (request: node:dns)

Debug info:
- An error occurred while generating the chunk item [project]/src/lib/prisma.ts [app-client] (ecmascript) <locals>
- Execution of <EcmascriptModuleLocalsModule as EcmascriptChunkPlaceable>::chunk_item_content failed
- Execution of *EcmascriptChunkItemContent::new failed
- Execution of EcmascriptModuleContent::new failed
- the chunking context (unknown) does not support external modules (request: node:dns)

Import traces:
  #1 [Server Component]:
    ./src/lib/prisma.ts
    ./src/auth.ts
    ./src/app/layout.tsx

  #2 [Server Component]:
    ./src/lib/prisma.ts
    ./src/lib/appreciation.ts
    ./src/components/home/HomeAppreciationSnippet.tsx
    ./src/app/(public)/page.tsx

  #3 [Server Component]:
    ./src/lib/prisma.ts
    ./src/lib/open-events.ts
    ./src/components/home/HomeOpenEventsChip.tsx
    ./src/app/(public)/layout.tsx

  #4 [Client Component Browser]:
    ./src/lib/prisma.ts [Client Component Browser]
    ./src/lib/open-events.ts [Client Component Browser]
    ./src/components/home/OpenEventsFloatingChip.tsx [Client Component Browser]
    ./src/components/home/OpenEventsFloatingChip.tsx [Server Component]
    ./src/components/home/HomeOpenEventsChip.tsx [Server Component]
    ./src/app/(public)/layout.tsx [Server Component]

  #5 [Client Component SSR]:
    ./src/lib/prisma.ts [Client Component SSR]
    ./src/lib/open-events.ts [Client Component SSR]
    ./src/components/home/OpenEventsFloatingChip.tsx [Client Component SSR]
    ./src/components/home/OpenEventsFloatingChip.tsx [Server Component]
    ./src/components/home/HomeOpenEventsChip.tsx [Server Component]
    ./src/app/(public)/layout.tsx [Server Component] @ http://localhost:3000/_next/static/chunks/node_modules_next_dist_1gdrd03._.js:1945
[   15620ms] [ERROR] ./src/lib/prisma.ts
Code generation for chunk item errored
An error occurred while generating the chunk item [project]/src/lib/prisma.ts [app-client] (ecmascript) <locals>

Caused by:
- the chunking context (unknown) does not support external modules (request: node:dns)

Debug info:
- An error occurred while generating the chunk item [project]/src/lib/prisma.ts [app-client] (ecmascript) <locals>
- Execution of <EcmascriptModuleLocalsModule as EcmascriptChunkPlaceable>::chunk_item_content failed
- Execution of *EcmascriptChunkItemContent::new failed
- Execution of EcmascriptModuleContent::new failed
- the chunking context (unknown) does not support external modules (request: node:dns)

Import traces:
  #1 [Server Component]:
    ./src/lib/prisma.ts
    ./src/auth.ts
    ./src/app/layout.tsx

  #2 [Server Component]:
    ./src/lib/prisma.ts
    ./src/lib/appreciation.ts
    ./src/components/home/HomeAppreciationSnippet.tsx
    ./src/app/(public)/page.tsx

  #3 [Server Component]:
    ./src/lib/prisma.ts
    ./src/lib/open-events.ts
    ./src/components/home/HomeOpenEventsChip.tsx
    ./src/app/(public)/layout.tsx

  #4 [Client Component Browser]:
    ./src/lib/prisma.ts [Client Component Browser]
    ./src/lib/open-events.ts [Client Component Browser]
    ./src/components/home/OpenEventsFloatingChip.tsx [Client Component Browser]
    ./src/components/home/OpenEventsFloatingChip.tsx [Server Component]
    ./src/components/home/HomeOpenEventsChip.tsx [Server Component]
    ./src/app/(public)/layout.tsx [Server Component]

  #5 [Client Component SSR]:
    ./src/lib/prisma.ts [Client Component SSR]
    ./src/lib/open-events.ts [Client Component SSR]
    ./src/components/home/OpenEventsFloatingChip.tsx [Client Component SSR]
    ./src/components/home/OpenEventsFloatingChip.tsx [Server Component]
    ./src/components/home/HomeOpenEventsChip.tsx [Server Component]
    ./src/app/(public)/layout.tsx [Server Component] @ http://localhost:3000/_next/static/chunks/node_modules_next_dist_1gdrd03._.js:1945
[   15681ms] [ERROR] ./src/lib/prisma.ts
Code generation for chunk item errored
An error occurred while generating the chunk item [project]/src/lib/prisma.ts [app-client] (ecmascript) <locals>

Caused by:
- the chunking context (unknown) does not support external modules (request: node:dns)

Debug info:
- An error occurred while generating the chunk item [project]/src/lib/prisma.ts [app-client] (ecmascript) <locals>
- Execution of <EcmascriptModuleLocalsModule as EcmascriptChunkPlaceable>::chunk_item_content failed
- Execution of *EcmascriptChunkItemContent::new failed
- Execution of EcmascriptModuleContent::new failed
- the chunking context (unknown) does not support external modules (request: node:dns)

Import traces:
  #1 [Server Component]:
    ./src/lib/prisma.ts
    ./src/auth.ts
    ./src/app/layout.tsx

  #2 [Server Component]:
    ./src/lib/prisma.ts
    ./src/lib/appreciation.ts
    ./src/components/home/HomeAppreciationSnippet.tsx
    ./src/app/(public)/page.tsx

  #3 [Server Component]:
    ./src/lib/prisma.ts
    ./src/lib/open-events.ts
    ./src/components/home/HomeOpenEventsChip.tsx
    ./src/app/(public)/layout.tsx

  #4 [Client Component Browser]:
    ./src/lib/prisma.ts [Client Component Browser]
    ./src/lib/open-events.ts [Client Component Browser]
    ./src/components/home/OpenEventsFloatingChip.tsx [Client Component Browser]
    ./src/components/home/OpenEventsFloatingChip.tsx [Server Component]
    ./src/components/home/HomeOpenEventsChip.tsx [Server Component]
    ./src/app/(public)/layout.tsx [Server Component]

  #5 [Client Component SSR]:
    ./src/lib/prisma.ts [Client Component SSR]
    ./src/lib/open-events.ts [Client Component SSR]
    ./src/components/home/OpenEventsFloatingChip.tsx [Client Component SSR]
    ./src/components/home/OpenEventsFloatingChip.tsx [Server Component]
    ./src/components/home/HomeOpenEventsChip.tsx [Server Component]
    ./src/app/(public)/layout.tsx [Server Component] @ http://localhost:3000/_next/static/chunks/node_modules_next_dist_1gdrd03._.js:1945
[   15746ms] [ERROR] ./src/lib/prisma.ts
Code generation for chunk item errored
An error occurred while generating the chunk item [project]/src/lib/prisma.ts [app-client] (ecmascript) <locals>

Caused by:
- the chunking context (unknown) does not support external modules (request: node:dns)

Debug info:
- An error occurred while generating the chunk item [project]/src/lib/prisma.ts [app-client] (ecmascript) <locals>
- Execution of <EcmascriptModuleLocalsModule as EcmascriptChunkPlaceable>::chunk_item_content failed
- Execution of *EcmascriptChunkItemContent::new failed
- Execution of EcmascriptModuleContent::new failed
- the chunking context (unknown) does not support external modules (request: node:dns)

Import traces:
  #1 [Server Component]:
    ./src/lib/prisma.ts
    ./src/auth.ts
    ./src/app/layout.tsx

  #2 [Server Component]:
    ./src/lib/prisma.ts
    ./src/lib/appreciation.ts
    ./src/components/home/HomeAppreciationSnippet.tsx
    ./src/app/(public)/page.tsx

  #3 [Server Component]:
    ./src/lib/prisma.ts
    ./src/lib/open-events.ts
    ./src/components/home/HomeOpenEventsChip.tsx
    ./src/app/(public)/layout.tsx

  #4 [Client Component Browser]:
    ./src/lib/prisma.ts [Client Component Browser]
    ./src/lib/open-events.ts [Client Component Browser]
    ./src/components/home/OpenEventsFloatingChip.tsx [Client Component Browser]
    ./src/components/home/OpenEventsFloatingChip.tsx [Server Component]
    ./src/components/home/HomeOpenEventsChip.tsx [Server Component]
    ./src/app/(public)/layout.tsx [Server Component]

  #5 [Client Component SSR]:
    ./src/lib/prisma.ts [Client Component SSR]
    ./src/lib/open-events.ts [Client Component SSR]
    ./src/components/home/OpenEventsFloatingChip.tsx [Client Component SSR]
    ./src/components/home/OpenEventsFloatingChip.tsx [Server Component]
    ./src/components/home/HomeOpenEventsChip.tsx [Server Component]
    ./src/app/(public)/layout.tsx [Server Component] @ http://localhost:3000/_next/static/chunks/node_modules_next_dist_1gdrd03._.js:1945
[   15809ms] [ERROR] ./src/lib/prisma.ts
Code generation for chunk item errored
An error occurred while generating the chunk item [project]/src/lib/prisma.ts [app-client] (ecmascript) <locals>

Caused by:
- the chunking context (unknown) does not support external modules (request: node:dns)

Debug info:
- An error occurred while generating the chunk item [project]/src/lib/prisma.ts [app-client] (ecmascript) <locals>
- Execution of <EcmascriptModuleLocalsModule as EcmascriptChunkPlaceable>::chunk_item_content failed
- Execution of *EcmascriptChunkItemContent::new failed
- Execution of EcmascriptModuleContent::new failed
- the chunking context (unknown) does not support external modules (request: node:dns)

Import traces:
  #1 [Server Component]:
    ./src/lib/prisma.ts
    ./src/auth.ts
    ./src/app/layout.tsx

  #2 [Server Component]:
    ./src/lib/prisma.ts
    ./src/lib/appreciation.ts
    ./src/components/home/HomeAppreciationSnippet.tsx
    ./src/app/(public)/page.tsx

  #3 [Server Component]:
    ./src/lib/prisma.ts
    ./src/lib/open-events.ts
    ./src/components/home/HomeOpenEventsChip.tsx
    ./src/app/(public)/layout.tsx

  #4 [Client Component Browser]:
    ./src/lib/prisma.ts [Client Component Browser]
    ./src/lib/open-events.ts [Client Component Browser]
    ./src/components/home/OpenEventsFloatingChip.tsx [Client Component Browser]
    ./src/components/home/OpenEventsFloatingChip.tsx [Server Component]
    ./src/components/home/HomeOpenEventsChip.tsx [Server Component]
    ./src/app/(public)/layout.tsx [Server Component]

  #5 [Client Component SSR]:
    ./src/lib/prisma.ts [Client Component SSR]
    ./src/lib/open-events.ts [Client Component SSR]
    ./src/components/home/OpenEventsFloatingChip.tsx [Client Component SSR]
    ./src/components/home/OpenEventsFloatingChip.tsx [Server Component]
    ./src/components/home/HomeOpenEventsChip.tsx [Server Component]
    ./src/app/(public)/layout.tsx [Server Component] @ http://localhost:3000/_next/static/chunks/node_modules_next_dist_1gdrd03._.js:1945
[   15873ms] [ERROR] ./src/lib/prisma.ts
Code generation for chunk item errored
An error occurred while generating the chunk item [project]/src/lib/prisma.ts [app-client] (ecmascript) <locals>

Caused by:
- the chunking context (unknown) does not support external modules (request: node:dns)

Debug info:
- An error occurred while generating the chunk item [project]/src/lib/prisma.ts [app-client] (ecmascript) <locals>
- Execution of <EcmascriptModuleLocalsModule as EcmascriptChunkPlaceable>::chunk_item_content failed
- Execution of *EcmascriptChunkItemContent::new failed
- Execution of EcmascriptModuleContent::new failed
- the chunking context (unknown) does not support external modules (request: node:dns)

Import traces:
  #1 [Server Component]:
    ./src/lib/prisma.ts
    ./src/auth.ts
    ./src/app/layout.tsx

  #2 [Server Component]:
    ./src/lib/prisma.ts
    ./src/lib/appreciation.ts
    ./src/components/home/HomeAppreciationSnippet.tsx
    ./src/app/(public)/page.tsx

  #3 [Server Component]:
    ./src/lib/prisma.ts
    ./src/lib/open-events.ts
    ./src/components/home/HomeOpenEventsChip.tsx
    ./src/app/(public)/layout.tsx

  #4 [Client Component Browser]:
    ./src/lib/prisma.ts [Client Component Browser]
    ./src/lib/open-events.ts [Client Component Browser]
    ./src/components/home/OpenEventsFloatingChip.tsx [Client Component Browser]
    ./src/components/home/OpenEventsFloatingChip.tsx [Server Component]
    ./src/components/home/HomeOpenEventsChip.tsx [Server Component]
    ./src/app/(public)/layout.tsx [Server Component]

  #5 [Client Component SSR]:
    ./src/lib/prisma.ts [Client Component SSR]
    ./src/lib/open-events.ts [Client Component SSR]
    ./src/components/home/OpenEventsFloatingChip.tsx [Client Component SSR]
    ./src/components/home/OpenEventsFloatingChip.tsx [Server Component]
    ./src/components/home/HomeOpenEventsChip.tsx [Server Component]
    ./src/app/(public)/layout.tsx [Server Component] @ http://localhost:3000/_next/static/chunks/node_modules_next_dist_1gdrd03._.js:1945
[   15933ms] [ERROR] ./src/lib/prisma.ts
Code generation for chunk item errored
An error occurred while generating the chunk item [project]/src/lib/prisma.ts [app-client] (ecmascript) <locals>

Caused by:
- the chunking context (unknown) does not support external modules (request: node:dns)

Debug info:
- An error occurred while generating the chunk item [project]/src/lib/prisma.ts [app-client] (ecmascript) <locals>
- Execution of <EcmascriptModuleLocalsModule as EcmascriptChunkPlaceable>::chunk_item_content failed
- Execution of *EcmascriptChunkItemContent::new failed
- Execution of EcmascriptModuleContent::new failed
- the chunking context (unknown) does not support external modules (request: node:dns)

Import traces:
  #1 [Server Component]:
    ./src/lib/prisma.ts
    ./src/auth.ts
    ./src/app/layout.tsx

  #2 [Server Component]:
    ./src/lib/prisma.ts
    ./src/lib/appreciation.ts
    ./src/components/home/HomeAppreciationSnippet.tsx
    ./src/app/(public)/page.tsx

  #3 [Server Component]:
    ./src/lib/prisma.ts
    ./src/lib/open-events.ts
    ./src/components/home/HomeOpenEventsChip.tsx
    ./src/app/(public)/layout.tsx

  #4 [Client Component Browser]:
    ./src/lib/prisma.ts [Client Component Browser]
    ./src/lib/open-events.ts [Client Component Browser]
    ./src/components/home/OpenEventsFloatingChip.tsx [Client Component Browser]
    ./src/components/home/OpenEventsFloatingChip.tsx [Server Component]
    ./src/components/home/HomeOpenEventsChip.tsx [Server Component]
    ./src/app/(public)/layout.tsx [Server Component]

  #5 [Client Component SSR]:
    ./src/lib/prisma.ts [Client Component SSR]
    ./src/lib/open-events.ts [Client Component SSR]
    ./src/components/home/OpenEventsFloatingChip.tsx [Client Component SSR]
    ./src/components/home/OpenEventsFloatingChip.tsx [Server Component]
    ./src/components/home/HomeOpenEventsChip.tsx [Server Component]
    ./src/app/(public)/layout.tsx [Server Component] @ http://localhost:3000/_next/static/chunks/node_modules_next_dist_1gdrd03._.js:1945
[   15996ms] [ERROR] ./src/lib/prisma.ts
Code generation for chunk item errored
An error occurred while generating the chunk item [project]/src/lib/prisma.ts [app-client] (ecmascript) <locals>

Caused by:
- the chunking context (unknown) does not support external modules (request: node:dns)

Debug info:
- An error occurred while generating the chunk item [project]/src/lib/prisma.ts [app-client] (ecmascript) <locals>
- Execution of <EcmascriptModuleLocalsModule as EcmascriptChunkPlaceable>::chunk_item_content failed
- Execution of *EcmascriptChunkItemContent::new failed
- Execution of EcmascriptModuleContent::new failed
- the chunking context (unknown) does not support external modules (request: node:dns)

Import traces:
  #1 [Server Component]:
    ./src/lib/prisma.ts
    ./src/auth.ts
    ./src/app/layout.tsx

  #2 [Server Component]:
    ./src/lib/prisma.ts
    ./src/lib/appreciation.ts
    ./src/components/home/HomeAppreciationSnippet.tsx
    ./src/app/(public)/page.tsx

  #3 [Server Component]:
    ./src/lib/prisma.ts
    ./src/lib/open-events.ts
    ./src/components/home/HomeOpenEventsChip.tsx
    ./src/app/(public)/layout.tsx

  #4 [Client Component Browser]:
    ./src/lib/prisma.ts [Client Component Browser]
    ./src/lib/open-events.ts [Client Component Browser]
    ./src/components/home/OpenEventsFloatingChip.tsx [Client Component Browser]
    ./src/components/home/OpenEventsFloatingChip.tsx [Server Component]
    ./src/components/home/HomeOpenEventsChip.tsx [Server Component]
    ./src/app/(public)/layout.tsx [Server Component]

  #5 [Client Component SSR]:
    ./src/lib/prisma.ts [Client Component SSR]
    ./src/lib/open-events.ts [Client Component SSR]
    ./src/components/home/OpenEventsFloatingChip.tsx [Client Component SSR]
    ./src/components/home/OpenEventsFloatingChip.tsx [Server Component]
    ./src/components/home/HomeOpenEventsChip.tsx [Server Component]
    ./src/app/(public)/layout.tsx [Server Component] @ http://localhost:3000/_next/static/chunks/node_modules_next_dist_1gdrd03._.js:1945
[   16058ms] [ERROR] ./src/lib/prisma.ts
Code generation for chunk item errored
An error occurred while generating the chunk item [project]/src/lib/prisma.ts [app-client] (ecmascript) <locals>

Caused by:
- the chunking context (unknown) does not support external modules (request: node:dns)

Debug info:
- An error occurred while generating the chunk item [project]/src/lib/prisma.ts [app-client] (ecmascript) <locals>
- Execution of <EcmascriptModuleLocalsModule as EcmascriptChunkPlaceable>::chunk_item_content failed
- Execution of *EcmascriptChunkItemContent::new failed
- Execution of EcmascriptModuleContent::new failed
- the chunking context (unknown) does not support external modules (request: node:dns)

Import traces:
  #1 [Server Component]:
    ./src/lib/prisma.ts
    ./src/auth.ts
    ./src/app/layout.tsx

  #2 [Server Component]:
    ./src/lib/prisma.ts
    ./src/lib/appreciation.ts
    ./src/components/home/HomeAppreciationSnippet.tsx
    ./src/app/(public)/page.tsx

  #3 [Server Component]:
    ./src/lib/prisma.ts
    ./src/lib/open-events.ts
    ./src/components/home/HomeOpenEventsChip.tsx
    ./src/app/(public)/layout.tsx

  #4 [Client Component Browser]:
    ./src/lib/prisma.ts [Client Component Browser]
    ./src/lib/open-events.ts [Client Component Browser]
    ./src/components/home/OpenEventsFloatingChip.tsx [Client Component Browser]
    ./src/components/home/OpenEventsFloatingChip.tsx [Server Component]
    ./src/components/home/HomeOpenEventsChip.tsx [Server Component]
    ./src/app/(public)/layout.tsx [Server Component]

  #5 [Client Component SSR]:
    ./src/lib/prisma.ts [Client Component SSR]
    ./src/lib/open-events.ts [Client Component SSR]
    ./src/components/home/OpenEventsFloatingChip.tsx [Client Component SSR]
    ./src/components/home/OpenEventsFloatingChip.tsx [Server Component]
    ./src/components/home/HomeOpenEventsChip.tsx [Server Component]
    ./src/app/(public)/layout.tsx [Server Component] @ http://localhost:3000/_next/static/chunks/node_modules_next_dist_1gdrd03._.js:1945
[   16121ms] [ERROR] ./src/lib/prisma.ts
Code generation for chunk item errored
An error occurred while generating the chunk item [project]/src/lib/prisma.ts [app-client] (ecmascript) <locals>

Caused by:
- the chunking context (unknown) does not support external modules (request: node:dns)

Debug info:
- An error occurred while generating the chunk item [project]/src/lib/prisma.ts [app-client] (ecmascript) <locals>
- Execution of <EcmascriptModuleLocalsModule as EcmascriptChunkPlaceable>::chunk_item_content failed
- Execution of *EcmascriptChunkItemContent::new failed
- Execution of EcmascriptModuleContent::new failed
- the chunking context (unknown) does not support external modules (request: node:dns)

Import traces:
  #1 [Server Component]:
    ./src/lib/prisma.ts
    ./src/auth.ts
    ./src/app/layout.tsx

  #2 [Server Component]:
    ./src/lib/prisma.ts
    ./src/lib/appreciation.ts
    ./src/components/home/HomeAppreciationSnippet.tsx
    ./src/app/(public)/page.tsx

  #3 [Server Component]:
    ./src/lib/prisma.ts
    ./src/lib/open-events.ts
    ./src/components/home/HomeOpenEventsChip.tsx
    ./src/app/(public)/layout.tsx

  #4 [Client Component Browser]:
    ./src/lib/prisma.ts [Client Component Browser]
    ./src/lib/open-events.ts [Client Component Browser]
    ./src/components/home/OpenEventsFloatingChip.tsx [Client Component Browser]
    ./src/components/home/OpenEventsFloatingChip.tsx [Server Component]
    ./src/components/home/HomeOpenEventsChip.tsx [Server Component]
    ./src/app/(public)/layout.tsx [Server Component]

  #5 [Client Component SSR]:
    ./src/lib/prisma.ts [Client Component SSR]
    ./src/lib/open-events.ts [Client Component SSR]
    ./src/components/home/OpenEventsFloatingChip.tsx [Client Component SSR]
    ./src/components/home/OpenEventsFloatingChip.tsx [Server Component]
    ./src/components/home/HomeOpenEventsChip.tsx [Server Component]
    ./src/app/(public)/layout.tsx [Server Component] @ http://localhost:3000/_next/static/chunks/node_modules_next_dist_1gdrd03._.js:1945
[   16183ms] [ERROR] ./src/lib/prisma.ts
Code generation for chunk item errored
An error occurred while generating the chunk item [project]/src/lib/prisma.ts [app-client] (ecmascript) <locals>

Caused by:
- the chunking context (unknown) does not support external modules (request: node:dns)

Debug info:
- An error occurred while generating the chunk item [project]/src/lib/prisma.ts [app-client] (ecmascript) <locals>
- Execution of <EcmascriptModuleLocalsModule as EcmascriptChunkPlaceable>::chunk_item_content failed
- Execution of *EcmascriptChunkItemContent::new failed
- Execution of EcmascriptModuleContent::new failed
- the chunking context (unknown) does not support external modules (request: node:dns)

Import traces:
  #1 [Server Component]:
    ./src/lib/prisma.ts
    ./src/auth.ts
    ./src/app/layout.tsx

  #2 [Server Component]:
    ./src/lib/prisma.ts
    ./src/lib/appreciation.ts
    ./src/components/home/HomeAppreciationSnippet.tsx
    ./src/app/(public)/page.tsx

  #3 [Server Component]:
    ./src/lib/prisma.ts
    ./src/lib/open-events.ts
    ./src/components/home/HomeOpenEventsChip.tsx
    ./src/app/(public)/layout.tsx

  #4 [Client Component Browser]:
    ./src/lib/prisma.ts [Client Component Browser]
    ./src/lib/open-events.ts [Client Component Browser]
    ./src/components/home/OpenEventsFloatingChip.tsx [Client Component Browser]
    ./src/components/home/OpenEventsFloatingChip.tsx [Server Component]
    ./src/components/home/HomeOpenEventsChip.tsx [Server Component]
    ./src/app/(public)/layout.tsx [Server Component]

  #5 [Client Component SSR]:
    ./src/lib/prisma.ts [Client Component SSR]
    ./src/lib/open-events.ts [Client Component SSR]
    ./src/components/home/OpenEventsFloatingChip.tsx [Client Component SSR]
    ./src/components/home/OpenEventsFloatingChip.tsx [Server Component]
    ./src/components/home/HomeOpenEventsChip.tsx [Server Component]
    ./src/app/(public)/layout.tsx [Server Component] @ http://localhost:3000/_next/static/chunks/node_modules_next_dist_1gdrd03._.js:1945
[   16246ms] [ERROR] ./src/lib/prisma.ts
Code generation for chunk item errored
An error occurred while generating the chunk item [project]/src/lib/prisma.ts [app-client] (ecmascript) <locals>

Caused by:
- the chunking context (unknown) does not support external modules (request: node:dns)

Debug info:
- An error occurred while generating the chunk item [project]/src/lib/prisma.ts [app-client] (ecmascript) <locals>
- Execution of <EcmascriptModuleLocalsModule as EcmascriptChunkPlaceable>::chunk_item_content failed
- Execution of *EcmascriptChunkItemContent::new failed
- Execution of EcmascriptModuleContent::new failed
- the chunking context (unknown) does not support external modules (request: node:dns)

Import traces:
  #1 [Server Component]:
    ./src/lib/prisma.ts
    ./src/auth.ts
    ./src/app/layout.tsx

  #2 [Server Component]:
    ./src/lib/prisma.ts
    ./src/lib/appreciation.ts
    ./src/components/home/HomeAppreciationSnippet.tsx
    ./src/app/(public)/page.tsx

  #3 [Server Component]:
    ./src/lib/prisma.ts
    ./src/lib/open-events.ts
    ./src/components/home/HomeOpenEventsChip.tsx
    ./src/app/(public)/layout.tsx

  #4 [Client Component Browser]:
    ./src/lib/prisma.ts [Client Component Browser]
    ./src/lib/open-events.ts [Client Component Browser]
    ./src/components/home/OpenEventsFloatingChip.tsx [Client Component Browser]
    ./src/components/home/OpenEventsFloatingChip.tsx [Server Component]
    ./src/components/home/HomeOpenEventsChip.tsx [Server Component]
    ./src/app/(public)/layout.tsx [Server Component]

  #5 [Client Component SSR]:
    ./src/lib/prisma.ts [Client Component SSR]
    ./src/lib/open-events.ts [Client Component SSR]
    ./src/components/home/OpenEventsFloatingChip.tsx [Client Component SSR]
    ./src/components/home/OpenEventsFloatingChip.tsx [Server Component]
    ./src/components/home/HomeOpenEventsChip.tsx [Server Component]
    ./src/app/(public)/layout.tsx [Server Component] @ http://localhost:3000/_next/static/chunks/node_modules_next_dist_1gdrd03._.js:1945
[   16310ms] [ERROR] ./src/lib/prisma.ts
Code generation for chunk item errored
An error occurred while generating the chunk item [project]/src/lib/prisma.ts [app-client] (ecmascript) <locals>

Caused by:
- the chunking context (unknown) does not support external modules (request: node:dns)

Debug info:
- An error occurred while generating the chunk item [project]/src/lib/prisma.ts [app-client] (ecmascript) <locals>
- Execution of <EcmascriptModuleLocalsModule as EcmascriptChunkPlaceable>::chunk_item_content failed
- Execution of *EcmascriptChunkItemContent::new failed
- Execution of EcmascriptModuleContent::new failed
- the chunking context (unknown) does not support external modules (request: node:dns)

Import traces:
  #1 [Server Component]:
    ./src/lib/prisma.ts
    ./src/auth.ts
    ./src/app/layout.tsx

  #2 [Server Component]:
    ./src/lib/prisma.ts
    ./src/lib/appreciation.ts
    ./src/components/home/HomeAppreciationSnippet.tsx
    ./src/app/(public)/page.tsx

  #3 [Server Component]:
    ./src/lib/prisma.ts
    ./src/lib/open-events.ts
    ./src/components/home/HomeOpenEventsChip.tsx
    ./src/app/(public)/layout.tsx

  #4 [Client Component Browser]:
    ./src/lib/prisma.ts [Client Component Browser]
    ./src/lib/open-events.ts [Client Component Browser]
    ./src/components/home/OpenEventsFloatingChip.tsx [Client Component Browser]
    ./src/components/home/OpenEventsFloatingChip.tsx [Server Component]
    ./src/components/home/HomeOpenEventsChip.tsx [Server Component]
    ./src/app/(public)/layout.tsx [Server Component]

  #5 [Client Component SSR]:
    ./src/lib/prisma.ts [Client Component SSR]
    ./src/lib/open-events.ts [Client Component SSR]
    ./src/components/home/OpenEventsFloatingChip.tsx [Client Component SSR]
    ./src/components/home/OpenEventsFloatingChip.tsx [Server Component]
    ./src/components/home/HomeOpenEventsChip.tsx [Server Component]
    ./src/app/(public)/layout.tsx [Server Component] @ http://localhost:3000/_next/static/chunks/node_modules_next_dist_1gdrd03._.js:1945
[   16373ms] [ERROR] ./src/lib/prisma.ts
Code generation for chunk item errored
An error occurred while generating the chunk item [project]/src/lib/prisma.ts [app-client] (ecmascript) <locals>

Caused by:
- the chunking context (unknown) does not support external modules (request: node:dns)

Debug info:
- An error occurred while generating the chunk item [project]/src/lib/prisma.ts [app-client] (ecmascript) <locals>
- Execution of <EcmascriptModuleLocalsModule as EcmascriptChunkPlaceable>::chunk_item_content failed
- Execution of *EcmascriptChunkItemContent::new failed
- Execution of EcmascriptModuleContent::new failed
- the chunking context (unknown) does not support external modules (request: node:dns)

Import traces:
  #1 [Server Component]:
    ./src/lib/prisma.ts
    ./src/auth.ts
    ./src/app/layout.tsx

  #2 [Server Component]:
    ./src/lib/prisma.ts
    ./src/lib/appreciation.ts
    ./src/components/home/HomeAppreciationSnippet.tsx
    ./src/app/(public)/page.tsx

  #3 [Server Component]:
    ./src/lib/prisma.ts
    ./src/lib/open-events.ts
    ./src/components/home/HomeOpenEventsChip.tsx
    ./src/app/(public)/layout.tsx

  #4 [Client Component Browser]:
    ./src/lib/prisma.ts [Client Component Browser]
    ./src/lib/open-events.ts [Client Component Browser]
    ./src/components/home/OpenEventsFloatingChip.tsx [Client Component Browser]
    ./src/components/home/OpenEventsFloatingChip.tsx [Server Component]
    ./src/components/home/HomeOpenEventsChip.tsx [Server Component]
    ./src/app/(public)/layout.tsx [Server Component]

  #5 [Client Component SSR]:
    ./src/lib/prisma.ts [Client Component SSR]
    ./src/lib/open-events.ts [Client Component SSR]
    ./src/components/home/OpenEventsFloatingChip.tsx [Client Component SSR]
    ./src/components/home/OpenEventsFloatingChip.tsx [Server Component]
    ./src/components/home/HomeOpenEventsChip.tsx [Server Component]
    ./src/app/(public)/layout.tsx [Server Component] @ http://localhost:3000/_next/static/chunks/node_modules_next_dist_1gdrd03._.js:1945
[   16433ms] [ERROR] ./src/lib/prisma.ts
Code generation for chunk item errored
An error occurred while generating the chunk item [project]/src/lib/prisma.ts [app-client] (ecmascript) <locals>

Caused by:
- the chunking context (unknown) does not support external modules (request: node:dns)

Debug info:
- An error occurred while generating the chunk item [project]/src/lib/prisma.ts [app-client] (ecmascript) <locals>
- Execution of <EcmascriptModuleLocalsModule as EcmascriptChunkPlaceable>::chunk_item_content failed
- Execution of *EcmascriptChunkItemContent::new failed
- Execution of EcmascriptModuleContent::new failed
- the chunking context (unknown) does not support external modules (request: node:dns)

Import traces:
  #1 [Server Component]:
    ./src/lib/prisma.ts
    ./src/auth.ts
    ./src/app/layout.tsx

  #2 [Server Component]:
    ./src/lib/prisma.ts
    ./src/lib/appreciation.ts
    ./src/components/home/HomeAppreciationSnippet.tsx
    ./src/app/(public)/page.tsx

  #3 [Server Component]:
    ./src/lib/prisma.ts
    ./src/lib/open-events.ts
    ./src/components/home/HomeOpenEventsChip.tsx
    ./src/app/(public)/layout.tsx

  #4 [Client Component Browser]:
    ./src/lib/prisma.ts [Client Component Browser]
    ./src/lib/open-events.ts [Client Component Browser]
    ./src/components/home/OpenEventsFloatingChip.tsx [Client Component Browser]
    ./src/components/home/OpenEventsFloatingChip.tsx [Server Component]
    ./src/components/home/HomeOpenEventsChip.tsx [Server Component]
    ./src/app/(public)/layout.tsx [Server Component]

  #5 [Client Component SSR]:
    ./src/lib/prisma.ts [Client Component SSR]
    ./src/lib/open-events.ts [Client Component SSR]
    ./src/components/home/OpenEventsFloatingChip.tsx [Client Component SSR]
    ./src/components/home/OpenEventsFloatingChip.tsx [Server Component]
    ./src/components/home/HomeOpenEventsChip.tsx [Server Component]
    ./src/app/(public)/layout.tsx [Server Component] @ http://localhost:3000/_next/static/chunks/node_modules_next_dist_1gdrd03._.js:1945
[   16496ms] [ERROR] ./src/lib/prisma.ts
Code generation for chunk item errored
An error occurred while generating the chunk item [project]/src/lib/prisma.ts [app-client] (ecmascript) <locals>

Caused by:
- the chunking context (unknown) does not support external modules (request: node:dns)

Debug info:
- An error occurred while generating the chunk item [project]/src/lib/prisma.ts [app-client] (ecmascript) <locals>
- Execution of <EcmascriptModuleLocalsModule as EcmascriptChunkPlaceable>::chunk_item_content failed
- Execution of *EcmascriptChunkItemContent::new failed
- Execution of EcmascriptModuleContent::new failed
- the chunking context (unknown) does not support external modules (request: node:dns)

Import traces:
  #1 [Server Component]:
    ./src/lib/prisma.ts
    ./src/auth.ts
    ./src/app/layout.tsx

  #2 [Server Component]:
    ./src/lib/prisma.ts
    ./src/lib/appreciation.ts
    ./src/components/home/HomeAppreciationSnippet.tsx
    ./src/app/(public)/page.tsx

  #3 [Server Component]:
    ./src/lib/prisma.ts
    ./src/lib/open-events.ts
    ./src/components/home/HomeOpenEventsChip.tsx
    ./src/app/(public)/layout.tsx

  #4 [Client Component Browser]:
    ./src/lib/prisma.ts [Client Component Browser]
    ./src/lib/open-events.ts [Client Component Browser]
    ./src/components/home/OpenEventsFloatingChip.tsx [Client Component Browser]
    ./src/components/home/OpenEventsFloatingChip.tsx [Server Component]
    ./src/components/home/HomeOpenEventsChip.tsx [Server Component]
    ./src/app/(public)/layout.tsx [Server Component]

  #5 [Client Component SSR]:
    ./src/lib/prisma.ts [Client Component SSR]
    ./src/lib/open-events.ts [Client Component SSR]
    ./src/components/home/OpenEventsFloatingChip.tsx [Client Component SSR]
    ./src/components/home/OpenEventsFloatingChip.tsx [Server Component]
    ./src/components/home/HomeOpenEventsChip.tsx [Server Component]
    ./src/app/(public)/layout.tsx [Server Component] @ http://localhost:3000/_next/static/chunks/node_modules_next_dist_1gdrd03._.js:1945
[   16558ms] [ERROR] ./src/lib/prisma.ts
Code generation for chunk item errored
An error occurred while generating the chunk item [project]/src/lib/prisma.ts [app-client] (ecmascript) <locals>

Caused by:
- the chunking context (unknown) does not support external modules (request: node:dns)

Debug info:
- An error occurred while generating the chunk item [project]/src/lib/prisma.ts [app-client] (ecmascript) <locals>
- Execution of <EcmascriptModuleLocalsModule as EcmascriptChunkPlaceable>::chunk_item_content failed
- Execution of *EcmascriptChunkItemContent::new failed
- Execution of EcmascriptModuleContent::new failed
- the chunking context (unknown) does not support external modules (request: node:dns)

Import traces:
  #1 [Server Component]:
    ./src/lib/prisma.ts
    ./src/auth.ts
    ./src/app/layout.tsx

  #2 [Server Component]:
    ./src/lib/prisma.ts
    ./src/lib/appreciation.ts
    ./src/components/home/HomeAppreciationSnippet.tsx
    ./src/app/(public)/page.tsx

  #3 [Server Component]:
    ./src/lib/prisma.ts
    ./src/lib/open-events.ts
    ./src/components/home/HomeOpenEventsChip.tsx
    ./src/app/(public)/layout.tsx

  #4 [Client Component Browser]:
    ./src/lib/prisma.ts [Client Component Browser]
    ./src/lib/open-events.ts [Client Component Browser]
    ./src/components/home/OpenEventsFloatingChip.tsx [Client Component Browser]
    ./src/components/home/OpenEventsFloatingChip.tsx [Server Component]
    ./src/components/home/HomeOpenEventsChip.tsx [Server Component]
    ./src/app/(public)/layout.tsx [Server Component]

  #5 [Client Component SSR]:
    ./src/lib/prisma.ts [Client Component SSR]
    ./src/lib/open-events.ts [Client Component SSR]
    ./src/components/home/OpenEventsFloatingChip.tsx [Client Component SSR]
    ./src/components/home/OpenEventsFloatingChip.tsx [Server Component]
    ./src/components/home/HomeOpenEventsChip.tsx [Server Component]
    ./src/app/(public)/layout.tsx [Server Component] @ http://localhost:3000/_next/static/chunks/node_modules_next_dist_1gdrd03._.js:1945
[   16620ms] [ERROR] ./src/lib/prisma.ts
Code generation for chunk item errored
An error occurred while generating the chunk item [project]/src/lib/prisma.ts [app-client] (ecmascript) <locals>

Caused by:
- the chunking context (unknown) does not support external modules (request: node:dns)

Debug info:
- An error occurred while generating the chunk item [project]/src/lib/prisma.ts [app-client] (ecmascript) <locals>
- Execution of <EcmascriptModuleLocalsModule as EcmascriptChunkPlaceable>::chunk_item_content failed
- Execution of *EcmascriptChunkItemContent::new failed
- Execution of EcmascriptModuleContent::new failed
- the chunking context (unknown) does not support external modules (request: node:dns)

Import traces:
  #1 [Server Component]:
    ./src/lib/prisma.ts
    ./src/auth.ts
    ./src/app/layout.tsx

  #2 [Server Component]:
    ./src/lib/prisma.ts
    ./src/lib/appreciation.ts
    ./src/components/home/HomeAppreciationSnippet.tsx
    ./src/app/(public)/page.tsx

  #3 [Server Component]:
    ./src/lib/prisma.ts
    ./src/lib/open-events.ts
    ./src/components/home/HomeOpenEventsChip.tsx
    ./src/app/(public)/layout.tsx

  #4 [Client Component Browser]:
    ./src/lib/prisma.ts [Client Component Browser]
    ./src/lib/open-events.ts [Client Component Browser]
    ./src/components/home/OpenEventsFloatingChip.tsx [Client Component Browser]
    ./src/components/home/OpenEventsFloatingChip.tsx [Server Component]
    ./src/components/home/HomeOpenEventsChip.tsx [Server Component]
    ./src/app/(public)/layout.tsx [Server Component]

  #5 [Client Component SSR]:
    ./src/lib/prisma.ts [Client Component SSR]
    ./src/lib/open-events.ts [Client Component SSR]
    ./src/components/home/OpenEventsFloatingChip.tsx [Client Component SSR]
    ./src/components/home/OpenEventsFloatingChip.tsx [Server Component]
    ./src/components/home/HomeOpenEventsChip.tsx [Server Component]
    ./src/app/(public)/layout.tsx [Server Component] @ http://localhost:3000/_next/static/chunks/node_modules_next_dist_1gdrd03._.js:1945
[   16682ms] [ERROR] ./src/lib/prisma.ts
Code generation for chunk item errored
An error occurred while generating the chunk item [project]/src/lib/prisma.ts [app-client] (ecmascript) <locals>

Caused by:
- the chunking context (unknown) does not support external modules (request: node:dns)

Debug info:
- An error occurred while generating the chunk item [project]/src/lib/prisma.ts [app-client] (ecmascript) <locals>
- Execution of <EcmascriptModuleLocalsModule as EcmascriptChunkPlaceable>::chunk_item_content failed
- Execution of *EcmascriptChunkItemContent::new failed
- Execution of EcmascriptModuleContent::new failed
- the chunking context (unknown) does not support external modules (request: node:dns)

Import traces:
  #1 [Server Component]:
    ./src/lib/prisma.ts
    ./src/auth.ts
    ./src/app/layout.tsx

  #2 [Server Component]:
    ./src/lib/prisma.ts
    ./src/lib/appreciation.ts
    ./src/components/home/HomeAppreciationSnippet.tsx
    ./src/app/(public)/page.tsx

  #3 [Server Component]:
    ./src/lib/prisma.ts
    ./src/lib/open-events.ts
    ./src/components/home/HomeOpenEventsChip.tsx
    ./src/app/(public)/layout.tsx

  #4 [Client Component Browser]:
    ./src/lib/prisma.ts [Client Component Browser]
    ./src/lib/open-events.ts [Client Component Browser]
    ./src/components/home/OpenEventsFloatingChip.tsx [Client Component Browser]
    ./src/components/home/OpenEventsFloatingChip.tsx [Server Component]
    ./src/components/home/HomeOpenEventsChip.tsx [Server Component]
    ./src/app/(public)/layout.tsx [Server Component]

  #5 [Client Component SSR]:
    ./src/lib/prisma.ts [Client Component SSR]
    ./src/lib/open-events.ts [Client Component SSR]
    ./src/components/home/OpenEventsFloatingChip.tsx [Client Component SSR]
    ./src/components/home/OpenEventsFloatingChip.tsx [Server Component]
    ./src/components/home/HomeOpenEventsChip.tsx [Server Component]
    ./src/app/(public)/layout.tsx [Server Component] @ http://localhost:3000/_next/static/chunks/node_modules_next_dist_1gdrd03._.js:1945
[   16744ms] [ERROR] ./src/lib/prisma.ts
Code generation for chunk item errored
An error occurred while generating the chunk item [project]/src/lib/prisma.ts [app-client] (ecmascript) <locals>

Caused by:
- the chunking context (unknown) does not support external modules (request: node:dns)

Debug info:
- An error occurred while generating the chunk item [project]/src/lib/prisma.ts [app-client] (ecmascript) <locals>
- Execution of <EcmascriptModuleLocalsModule as EcmascriptChunkPlaceable>::chunk_item_content failed
- Execution of *EcmascriptChunkItemContent::new failed
- Execution of EcmascriptModuleContent::new failed
- the chunking context (unknown) does not support external modules (request: node:dns)

Import traces:
  #1 [Server Component]:
    ./src/lib/prisma.ts
    ./src/auth.ts
    ./src/app/layout.tsx

  #2 [Server Component]:
    ./src/lib/prisma.ts
    ./src/lib/appreciation.ts
    ./src/components/home/HomeAppreciationSnippet.tsx
    ./src/app/(public)/page.tsx

  #3 [Server Component]:
    ./src/lib/prisma.ts
    ./src/lib/open-events.ts
    ./src/components/home/HomeOpenEventsChip.tsx
    ./src/app/(public)/layout.tsx

  #4 [Client Component Browser]:
    ./src/lib/prisma.ts [Client Component Browser]
    ./src/lib/open-events.ts [Client Component Browser]
    ./src/components/home/OpenEventsFloatingChip.tsx [Client Component Browser]
    ./src/components/home/OpenEventsFloatingChip.tsx [Server Component]
    ./src/components/home/HomeOpenEventsChip.tsx [Server Component]
    ./src/app/(public)/layout.tsx [Server Component]

  #5 [Client Component SSR]:
    ./src/lib/prisma.ts [Client Component SSR]
    ./src/lib/open-events.ts [Client Component SSR]
    ./src/components/home/OpenEventsFloatingChip.tsx [Client Component SSR]
    ./src/components/home/OpenEventsFloatingChip.tsx [Server Component]
    ./src/components/home/HomeOpenEventsChip.tsx [Server Component]
    ./src/app/(public)/layout.tsx [Server Component] @ http://localhost:3000/_next/static/chunks/node_modules_next_dist_1gdrd03._.js:1945
[   16808ms] [ERROR] ./src/lib/prisma.ts
Code generation for chunk item errored
An error occurred while generating the chunk item [project]/src/lib/prisma.ts [app-client] (ecmascript) <locals>

Caused by:
- the chunking context (unknown) does not support external modules (request: node:dns)

Debug info:
- An error occurred while generating the chunk item [project]/src/lib/prisma.ts [app-client] (ecmascript) <locals>
- Execution of <EcmascriptModuleLocalsModule as EcmascriptChunkPlaceable>::chunk_item_content failed
- Execution of *EcmascriptChunkItemContent::new failed
- Execution of EcmascriptModuleContent::new failed
- the chunking context (unknown) does not support external modules (request: node:dns)

Import traces:
  #1 [Server Component]:
    ./src/lib/prisma.ts
    ./src/auth.ts
    ./src/app/layout.tsx

  #2 [Server Component]:
    ./src/lib/prisma.ts
    ./src/lib/appreciation.ts
    ./src/components/home/HomeAppreciationSnippet.tsx
    ./src/app/(public)/page.tsx

  #3 [Server Component]:
    ./src/lib/prisma.ts
    ./src/lib/open-events.ts
    ./src/components/home/HomeOpenEventsChip.tsx
    ./src/app/(public)/layout.tsx

  #4 [Client Component Browser]:
    ./src/lib/prisma.ts [Client Component Browser]
    ./src/lib/open-events.ts [Client Component Browser]
    ./src/components/home/OpenEventsFloatingChip.tsx [Client Component Browser]
    ./src/components/home/OpenEventsFloatingChip.tsx [Server Component]
    ./src/components/home/HomeOpenEventsChip.tsx [Server Component]
    ./src/app/(public)/layout.tsx [Server Component]

  #5 [Client Component SSR]:
    ./src/lib/prisma.ts [Client Component SSR]
    ./src/lib/open-events.ts [Client Component SSR]
    ./src/components/home/OpenEventsFloatingChip.tsx [Client Component SSR]
    ./src/components/home/OpenEventsFloatingChip.tsx [Server Component]
    ./src/components/home/HomeOpenEventsChip.tsx [Server Component]
    ./src/app/(public)/layout.tsx [Server Component] @ http://localhost:3000/_next/static/chunks/node_modules_next_dist_1gdrd03._.js:1945
[   16870ms] [ERROR] ./src/lib/prisma.ts
Code generation for chunk item errored
An error occurred while generating the chunk item [project]/src/lib/prisma.ts [app-client] (ecmascript) <locals>

Caused by:
- the chunking context (unknown) does not support external modules (request: node:dns)

Debug info:
- An error occurred while generating the chunk item [project]/src/lib/prisma.ts [app-client] (ecmascript) <locals>
- Execution of <EcmascriptModuleLocalsModule as EcmascriptChunkPlaceable>::chunk_item_content failed
- Execution of *EcmascriptChunkItemContent::new failed
- Execution of EcmascriptModuleContent::new failed
- the chunking context (unknown) does not support external modules (request: node:dns)

Import traces:
  #1 [Server Component]:
    ./src/lib/prisma.ts
    ./src/auth.ts
    ./src/app/layout.tsx

  #2 [Server Component]:
    ./src/lib/prisma.ts
    ./src/lib/appreciation.ts
    ./src/components/home/HomeAppreciationSnippet.tsx
    ./src/app/(public)/page.tsx

  #3 [Server Component]:
    ./src/lib/prisma.ts
    ./src/lib/open-events.ts
    ./src/components/home/HomeOpenEventsChip.tsx
    ./src/app/(public)/layout.tsx

  #4 [Client Component Browser]:
    ./src/lib/prisma.ts [Client Component Browser]
    ./src/lib/open-events.ts [Client Component Browser]
    ./src/components/home/OpenEventsFloatingChip.tsx [Client Component Browser]
    ./src/components/home/OpenEventsFloatingChip.tsx [Server Component]
    ./src/components/home/HomeOpenEventsChip.tsx [Server Component]
    ./src/app/(public)/layout.tsx [Server Component]

  #5 [Client Component SSR]:
    ./src/lib/prisma.ts [Client Component SSR]
    ./src/lib/open-events.ts [Client Component SSR]
    ./src/components/home/OpenEventsFloatingChip.tsx [Client Component SSR]
    ./src/components/home/OpenEventsFloatingChip.tsx [Server Component]
    ./src/components/home/HomeOpenEventsChip.tsx [Server Component]
    ./src/app/(public)/layout.tsx [Server Component] @ http://localhost:3000/_next/static/chunks/node_modules_next_dist_1gdrd03._.js:1945
[   16932ms] [ERROR] ./src/lib/prisma.ts
Code generation for chunk item errored
An error occurred while generating the chunk item [project]/src/lib/prisma.ts [app-client] (ecmascript) <locals>

Caused by:
- the chunking context (unknown) does not support external modules (request: node:dns)

Debug info:
- An error occurred while generating the chunk item [project]/src/lib/prisma.ts [app-client] (ecmascript) <locals>
- Execution of <EcmascriptModuleLocalsModule as EcmascriptChunkPlaceable>::chunk_item_content failed
- Execution of *EcmascriptChunkItemContent::new failed
- Execution of EcmascriptModuleContent::new failed
- the chunking context (unknown) does not support external modules (request: node:dns)

Import traces:
  #1 [Server Component]:
    ./src/lib/prisma.ts
    ./src/auth.ts
    ./src/app/layout.tsx

  #2 [Server Component]:
    ./src/lib/prisma.ts
    ./src/lib/appreciation.ts
    ./src/components/home/HomeAppreciationSnippet.tsx
    ./src/app/(public)/page.tsx

  #3 [Server Component]:
    ./src/lib/prisma.ts
    ./src/lib/open-events.ts
    ./src/components/home/HomeOpenEventsChip.tsx
    ./src/app/(public)/layout.tsx

  #4 [Client Component Browser]:
    ./src/lib/prisma.ts [Client Component Browser]
    ./src/lib/open-events.ts [Client Component Browser]
    ./src/components/home/OpenEventsFloatingChip.tsx [Client Component Browser]
    ./src/components/home/OpenEventsFloatingChip.tsx [Server Component]
    ./src/components/home/HomeOpenEventsChip.tsx [Server Component]
    ./src/app/(public)/layout.tsx [Server Component]

  #5 [Client Component SSR]:
    ./src/lib/prisma.ts [Client Component SSR]
    ./src/lib/open-events.ts [Client Component SSR]
    ./src/components/home/OpenEventsFloatingChip.tsx [Client Component SSR]
    ./src/components/home/OpenEventsFloatingChip.tsx [Server Component]
    ./src/components/home/HomeOpenEventsChip.tsx [Server Component]
    ./src/app/(public)/layout.tsx [Server Component] @ http://localhost:3000/_next/static/chunks/node_modules_next_dist_1gdrd03._.js:1945
[   16994ms] [ERROR] ./src/lib/prisma.ts
Code generation for chunk item errored
An error occurred while generating the chunk item [project]/src/lib/prisma.ts [app-client] (ecmascript) <locals>

Caused by:
- the chunking context (unknown) does not support external modules (request: node:dns)

Debug info:
- An error occurred while generating the chunk item [project]/src/lib/prisma.ts [app-client] (ecmascript) <locals>
- Execution of <EcmascriptModuleLocalsModule as EcmascriptChunkPlaceable>::chunk_item_content failed
- Execution of *EcmascriptChunkItemContent::new failed
- Execution of EcmascriptModuleContent::new failed
- the chunking context (unknown) does not support external modules (request: node:dns)

Import traces:
  #1 [Server Component]:
    ./src/lib/prisma.ts
    ./src/auth.ts
    ./src/app/layout.tsx

  #2 [Server Component]:
    ./src/lib/prisma.ts
    ./src/lib/appreciation.ts
    ./src/components/home/HomeAppreciationSnippet.tsx
    ./src/app/(public)/page.tsx

  #3 [Server Component]:
    ./src/lib/prisma.ts
    ./src/lib/open-events.ts
    ./src/components/home/HomeOpenEventsChip.tsx
    ./src/app/(public)/layout.tsx

  #4 [Client Component Browser]:
    ./src/lib/prisma.ts [Client Component Browser]
    ./src/lib/open-events.ts [Client Component Browser]
    ./src/components/home/OpenEventsFloatingChip.tsx [Client Component Browser]
    ./src/components/home/OpenEventsFloatingChip.tsx [Server Component]
    ./src/components/home/HomeOpenEventsChip.tsx [Server Component]
    ./src/app/(public)/layout.tsx [Server Component]

  #5 [Client Component SSR]:
    ./src/lib/prisma.ts [Client Component SSR]
    ./src/lib/open-events.ts [Client Component SSR]
    ./src/components/home/OpenEventsFloatingChip.tsx [Client Component SSR]
    ./src/components/home/OpenEventsFloatingChip.tsx [Server Component]
    ./src/components/home/HomeOpenEventsChip.tsx [Server Component]
    ./src/app/(public)/layout.tsx [Server Component] @ http://localhost:3000/_next/static/chunks/node_modules_next_dist_1gdrd03._.js:1945
[   17057ms] [ERROR] ./src/lib/prisma.ts
Code generation for chunk item errored
An error occurred while generating the chunk item [project]/src/lib/prisma.ts [app-client] (ecmascript) <locals>

Caused by:
- the chunking context (unknown) does not support external modules (request: node:dns)

Debug info:
- An error occurred while generating the chunk item [project]/src/lib/prisma.ts [app-client] (ecmascript) <locals>
- Execution of <EcmascriptModuleLocalsModule as EcmascriptChunkPlaceable>::chunk_item_content failed
- Execution of *EcmascriptChunkItemContent::new failed
- Execution of EcmascriptModuleContent::new failed
- the chunking context (unknown) does not support external modules (request: node:dns)

Import traces:
  #1 [Server Component]:
    ./src/lib/prisma.ts
    ./src/auth.ts
    ./src/app/layout.tsx

  #2 [Server Component]:
    ./src/lib/prisma.ts
    ./src/lib/appreciation.ts
    ./src/components/home/HomeAppreciationSnippet.tsx
    ./src/app/(public)/page.tsx

  #3 [Server Component]:
    ./src/lib/prisma.ts
    ./src/lib/open-events.ts
    ./src/components/home/HomeOpenEventsChip.tsx
    ./src/app/(public)/layout.tsx

  #4 [Client Component Browser]:
    ./src/lib/prisma.ts [Client Component Browser]
    ./src/lib/open-events.ts [Client Component Browser]
    ./src/components/home/OpenEventsFloatingChip.tsx [Client Component Browser]
    ./src/components/home/OpenEventsFloatingChip.tsx [Server Component]
    ./src/components/home/HomeOpenEventsChip.tsx [Server Component]
    ./src/app/(public)/layout.tsx [Server Component]

  #5 [Client Component SSR]:
    ./src/lib/prisma.ts [Client Component SSR]
    ./src/lib/open-events.ts [Client Component SSR]
    ./src/components/home/OpenEventsFloatingChip.tsx [Client Component SSR]
    ./src/components/home/OpenEventsFloatingChip.tsx [Server Component]
    ./src/components/home/HomeOpenEventsChip.tsx [Server Component]
    ./src/app/(public)/layout.tsx [Server Component] @ http://localhost:3000/_next/static/chunks/node_modules_next_dist_1gdrd03._.js:1945
[   17121ms] [ERROR] ./src/lib/prisma.ts
Code generation for chunk item errored
An error occurred while generating the chunk item [project]/src/lib/prisma.ts [app-client] (ecmascript) <locals>

Caused by:
- the chunking context (unknown) does not support external modules (request: node:dns)

Debug info:
- An error occurred while generating the chunk item [project]/src/lib/prisma.ts [app-client] (ecmascript) <locals>
- Execution of <EcmascriptModuleLocalsModule as EcmascriptChunkPlaceable>::chunk_item_content failed
- Execution of *EcmascriptChunkItemContent::new failed
- Execution of EcmascriptModuleContent::new failed
- the chunking context (unknown) does not support external modules (request: node:dns)

Import traces:
  #1 [Server Component]:
    ./src/lib/prisma.ts
    ./src/auth.ts
    ./src/app/layout.tsx

  #2 [Server Component]:
    ./src/lib/prisma.ts
    ./src/lib/appreciation.ts
    ./src/components/home/HomeAppreciationSnippet.tsx
    ./src/app/(public)/page.tsx

  #3 [Server Component]:
    ./src/lib/prisma.ts
    ./src/lib/open-events.ts
    ./src/components/home/HomeOpenEventsChip.tsx
    ./src/app/(public)/layout.tsx

  #4 [Client Component Browser]:
    ./src/lib/prisma.ts [Client Component Browser]
    ./src/lib/open-events.ts [Client Component Browser]
    ./src/components/home/OpenEventsFloatingChip.tsx [Client Component Browser]
    ./src/components/home/OpenEventsFloatingChip.tsx [Server Component]
    ./src/components/home/HomeOpenEventsChip.tsx [Server Component]
    ./src/app/(public)/layout.tsx [Server Component]

  #5 [Client Component SSR]:
    ./src/lib/prisma.ts [Client Component SSR]
    ./src/lib/open-events.ts [Client Component SSR]
    ./src/components/home/OpenEventsFloatingChip.tsx [Client Component SSR]
    ./src/components/home/OpenEventsFloatingChip.tsx [Server Component]
    ./src/components/home/HomeOpenEventsChip.tsx [Server Component]
    ./src/app/(public)/layout.tsx [Server Component] @ http://localhost:3000/_next/static/chunks/node_modules_next_dist_1gdrd03._.js:1945
[   17183ms] [ERROR] ./src/lib/prisma.ts
Code generation for chunk item errored
An error occurred while generating the chunk item [project]/src/lib/prisma.ts [app-client] (ecmascript) <locals>

Caused by:
- the chunking context (unknown) does not support external modules (request: node:dns)

Debug info:
- An error occurred while generating the chunk item [project]/src/lib/prisma.ts [app-client] (ecmascript) <locals>
- Execution of <EcmascriptModuleLocalsModule as EcmascriptChunkPlaceable>::chunk_item_content failed
- Execution of *EcmascriptChunkItemContent::new failed
- Execution of EcmascriptModuleContent::new failed
- the chunking context (unknown) does not support external modules (request: node:dns)

Import traces:
  #1 [Server Component]:
    ./src/lib/prisma.ts
    ./src/auth.ts
    ./src/app/layout.tsx

  #2 [Server Component]:
    ./src/lib/prisma.ts
    ./src/lib/appreciation.ts
    ./src/components/home/HomeAppreciationSnippet.tsx
    ./src/app/(public)/page.tsx

  #3 [Server Component]:
    ./src/lib/prisma.ts
    ./src/lib/open-events.ts
    ./src/components/home/HomeOpenEventsChip.tsx
    ./src/app/(public)/layout.tsx

  #4 [Client Component Browser]:
    ./src/lib/prisma.ts [Client Component Browser]
    ./src/lib/open-events.ts [Client Component Browser]
    ./src/components/home/OpenEventsFloatingChip.tsx [Client Component Browser]
    ./src/components/home/OpenEventsFloatingChip.tsx [Server Component]
    ./src/components/home/HomeOpenEventsChip.tsx [Server Component]
    ./src/app/(public)/layout.tsx [Server Component]

  #5 [Client Component SSR]:
    ./src/lib/prisma.ts [Client Component SSR]
    ./src/lib/open-events.ts [Client Component SSR]
    ./src/components/home/OpenEventsFloatingChip.tsx [Client Component SSR]
    ./src/components/home/OpenEventsFloatingChip.tsx [Server Component]
    ./src/components/home/HomeOpenEventsChip.tsx [Server Component]
    ./src/app/(public)/layout.tsx [Server Component] @ http://localhost:3000/_next/static/chunks/node_modules_next_dist_1gdrd03._.js:1945
[   17245ms] [ERROR] ./src/lib/prisma.ts
Code generation for chunk item errored
An error occurred while generating the chunk item [project]/src/lib/prisma.ts [app-client] (ecmascript) <locals>

Caused by:
- the chunking context (unknown) does not support external modules (request: node:dns)

Debug info:
- An error occurred while generating the chunk item [project]/src/lib/prisma.ts [app-client] (ecmascript) <locals>
- Execution of <EcmascriptModuleLocalsModule as EcmascriptChunkPlaceable>::chunk_item_content failed
- Execution of *EcmascriptChunkItemContent::new failed
- Execution of EcmascriptModuleContent::new failed
- the chunking context (unknown) does not support external modules (request: node:dns)

Import traces:
  #1 [Server Component]:
    ./src/lib/prisma.ts
    ./src/auth.ts
    ./src/app/layout.tsx

  #2 [Server Component]:
    ./src/lib/prisma.ts
    ./src/lib/appreciation.ts
    ./src/components/home/HomeAppreciationSnippet.tsx
    ./src/app/(public)/page.tsx

  #3 [Server Component]:
    ./src/lib/prisma.ts
    ./src/lib/open-events.ts
    ./src/components/home/HomeOpenEventsChip.tsx
    ./src/app/(public)/layout.tsx

  #4 [Client Component Browser]:
    ./src/lib/prisma.ts [Client Component Browser]
    ./src/lib/open-events.ts [Client Component Browser]
    ./src/components/home/OpenEventsFloatingChip.tsx [Client Component Browser]
    ./src/components/home/OpenEventsFloatingChip.tsx [Server Component]
    ./src/components/home/HomeOpenEventsChip.tsx [Server Component]
    ./src/app/(public)/layout.tsx [Server Component]

  #5 [Client Component SSR]:
    ./src/lib/prisma.ts [Client Component SSR]
    ./src/lib/open-events.ts [Client Component SSR]
    ./src/components/home/OpenEventsFloatingChip.tsx [Client Component SSR]
    ./src/components/home/OpenEventsFloatingChip.tsx [Server Component]
    ./src/components/home/HomeOpenEventsChip.tsx [Server Component]
    ./src/app/(public)/layout.tsx [Server Component] @ http://localhost:3000/_next/static/chunks/node_modules_next_dist_1gdrd03._.js:1945
[   17308ms] [ERROR] ./src/lib/prisma.ts
Code generation for chunk item errored
An error occurred while generating the chunk item [project]/src/lib/prisma.ts [app-client] (ecmascript) <locals>

Caused by:
- the chunking context (unknown) does not support external modules (request: node:dns)

Debug info:
- An error occurred while generating the chunk item [project]/src/lib/prisma.ts [app-client] (ecmascript) <locals>
- Execution of <EcmascriptModuleLocalsModule as EcmascriptChunkPlaceable>::chunk_item_content failed
- Execution of *EcmascriptChunkItemContent::new failed
- Execution of EcmascriptModuleContent::new failed
- the chunking context (unknown) does not support external modules (request: node:dns)

Import traces:
  #1 [Server Component]:
    ./src/lib/prisma.ts
    ./src/auth.ts
    ./src/app/layout.tsx

  #2 [Server Component]:
    ./src/lib/prisma.ts
    ./src/lib/appreciation.ts
    ./src/components/home/HomeAppreciationSnippet.tsx
    ./src/app/(public)/page.tsx

  #3 [Server Component]:
    ./src/lib/prisma.ts
    ./src/lib/open-events.ts
    ./src/components/home/HomeOpenEventsChip.tsx
    ./src/app/(public)/layout.tsx

  #4 [Client Component Browser]:
    ./src/lib/prisma.ts [Client Component Browser]
    ./src/lib/open-events.ts [Client Component Browser]
    ./src/components/home/OpenEventsFloatingChip.tsx [Client Component Browser]
    ./src/components/home/OpenEventsFloatingChip.tsx [Server Component]
    ./src/components/home/HomeOpenEventsChip.tsx [Server Component]
    ./src/app/(public)/layout.tsx [Server Component]

  #5 [Client Component SSR]:
    ./src/lib/prisma.ts [Client Component SSR]
    ./src/lib/open-events.ts [Client Component SSR]
    ./src/components/home/OpenEventsFloatingChip.tsx [Client Component SSR]
    ./src/components/home/OpenEventsFloatingChip.tsx [Server Component]
    ./src/components/home/HomeOpenEventsChip.tsx [Server Component]
    ./src/app/(public)/layout.tsx [Server Component] @ http://localhost:3000/_next/static/chunks/node_modules_next_dist_1gdrd03._.js:1945
[   17369ms] [ERROR] ./src/lib/prisma.ts
Code generation for chunk item errored
An error occurred while generating the chunk item [project]/src/lib/prisma.ts [app-client] (ecmascript) <locals>

Caused by:
- the chunking context (unknown) does not support external modules (request: node:dns)

Debug info:
- An error occurred while generating the chunk item [project]/src/lib/prisma.ts [app-client] (ecmascript) <locals>
- Execution of <EcmascriptModuleLocalsModule as EcmascriptChunkPlaceable>::chunk_item_content failed
- Execution of *EcmascriptChunkItemContent::new failed
- Execution of EcmascriptModuleContent::new failed
- the chunking context (unknown) does not support external modules (request: node:dns)

Import traces:
  #1 [Server Component]:
    ./src/lib/prisma.ts
    ./src/auth.ts
    ./src/app/layout.tsx

  #2 [Server Component]:
    ./src/lib/prisma.ts
    ./src/lib/appreciation.ts
    ./src/components/home/HomeAppreciationSnippet.tsx
    ./src/app/(public)/page.tsx

  #3 [Server Component]:
    ./src/lib/prisma.ts
    ./src/lib/open-events.ts
    ./src/components/home/HomeOpenEventsChip.tsx
    ./src/app/(public)/layout.tsx

  #4 [Client Component Browser]:
    ./src/lib/prisma.ts [Client Component Browser]
    ./src/lib/open-events.ts [Client Component Browser]
    ./src/components/home/OpenEventsFloatingChip.tsx [Client Component Browser]
    ./src/components/home/OpenEventsFloatingChip.tsx [Server Component]
    ./src/components/home/HomeOpenEventsChip.tsx [Server Component]
    ./src/app/(public)/layout.tsx [Server Component]

  #5 [Client Component SSR]:
    ./src/lib/prisma.ts [Client Component SSR]
    ./src/lib/open-events.ts [Client Component SSR]
    ./src/components/home/OpenEventsFloatingChip.tsx [Client Component SSR]
    ./src/components/home/OpenEventsFloatingChip.tsx [Server Component]
    ./src/components/home/HomeOpenEventsChip.tsx [Server Component]
    ./src/app/(public)/layout.tsx [Server Component] @ http://localhost:3000/_next/static/chunks/node_modules_next_dist_1gdrd03._.js:1945
[   17433ms] [ERROR] ./src/lib/prisma.ts
Code generation for chunk item errored
An error occurred while generating the chunk item [project]/src/lib/prisma.ts [app-client] (ecmascript) <locals>

Caused by:
- the chunking context (unknown) does not support external modules (request: node:dns)

Debug info:
- An error occurred while generating the chunk item [project]/src/lib/prisma.ts [app-client] (ecmascript) <locals>
- Execution of <EcmascriptModuleLocalsModule as EcmascriptChunkPlaceable>::chunk_item_content failed
- Execution of *EcmascriptChunkItemContent::new failed
- Execution of EcmascriptModuleContent::new failed
- the chunking context (unknown) does not support external modules (request: node:dns)

Import traces:
  #1 [Server Component]:
    ./src/lib/prisma.ts
    ./src/auth.ts
    ./src/app/layout.tsx

  #2 [Server Component]:
    ./src/lib/prisma.ts
    ./src/lib/appreciation.ts
    ./src/components/home/HomeAppreciationSnippet.tsx
    ./src/app/(public)/page.tsx

  #3 [Server Component]:
    ./src/lib/prisma.ts
    ./src/lib/open-events.ts
    ./src/components/home/HomeOpenEventsChip.tsx
    ./src/app/(public)/layout.tsx

  #4 [Client Component Browser]:
    ./src/lib/prisma.ts [Client Component Browser]
    ./src/lib/open-events.ts [Client Component Browser]
    ./src/components/home/OpenEventsFloatingChip.tsx [Client Component Browser]
    ./src/components/home/OpenEventsFloatingChip.tsx [Server Component]
    ./src/components/home/HomeOpenEventsChip.tsx [Server Component]
    ./src/app/(public)/layout.tsx [Server Component]

  #5 [Client Component SSR]:
    ./src/lib/prisma.ts [Client Component SSR]
    ./src/lib/open-events.ts [Client Component SSR]
    ./src/components/home/OpenEventsFloatingChip.tsx [Client Component SSR]
    ./src/components/home/OpenEventsFloatingChip.tsx [Server Component]
    ./src/components/home/HomeOpenEventsChip.tsx [Server Component]
    ./src/app/(public)/layout.tsx [Server Component] @ http://localhost:3000/_next/static/chunks/node_modules_next_dist_1gdrd03._.js:1945
[   17494ms] [ERROR] ./src/lib/prisma.ts
Code generation for chunk item errored
An error occurred while generating the chunk item [project]/src/lib/prisma.ts [app-client] (ecmascript) <locals>

Caused by:
- the chunking context (unknown) does not support external modules (request: node:dns)

Debug info:
- An error occurred while generating the chunk item [project]/src/lib/prisma.ts [app-client] (ecmascript) <locals>
- Execution of <EcmascriptModuleLocalsModule as EcmascriptChunkPlaceable>::chunk_item_content failed
- Execution of *EcmascriptChunkItemContent::new failed
- Execution of EcmascriptModuleContent::new failed
- the chunking context (unknown) does not support external modules (request: node:dns)

Import traces:
  #1 [Server Component]:
    ./src/lib/prisma.ts
    ./src/auth.ts
    ./src/app/layout.tsx

  #2 [Server Component]:
    ./src/lib/prisma.ts
    ./src/lib/appreciation.ts
    ./src/components/home/HomeAppreciationSnippet.tsx
    ./src/app/(public)/page.tsx

  #3 [Server Component]:
    ./src/lib/prisma.ts
    ./src/lib/open-events.ts
    ./src/components/home/HomeOpenEventsChip.tsx
    ./src/app/(public)/layout.tsx

  #4 [Client Component Browser]:
    ./src/lib/prisma.ts [Client Component Browser]
    ./src/lib/open-events.ts [Client Component Browser]
    ./src/components/home/OpenEventsFloatingChip.tsx [Client Component Browser]
    ./src/components/home/OpenEventsFloatingChip.tsx [Server Component]
    ./src/components/home/HomeOpenEventsChip.tsx [Server Component]
    ./src/app/(public)/layout.tsx [Server Component]

  #5 [Client Component SSR]:
    ./src/lib/prisma.ts [Client Component SSR]
    ./src/lib/open-events.ts [Client Component SSR]
    ./src/components/home/OpenEventsFloatingChip.tsx [Client Component SSR]
    ./src/components/home/OpenEventsFloatingChip.tsx [Server Component]
    ./src/components/home/HomeOpenEventsChip.tsx [Server Component]
    ./src/app/(public)/layout.tsx [Server Component] @ http://localhost:3000/_next/static/chunks/node_modules_next_dist_1gdrd03._.js:1945
[   17559ms] [ERROR] ./src/lib/prisma.ts
Code generation for chunk item errored
An error occurred while generating the chunk item [project]/src/lib/prisma.ts [app-client] (ecmascript) <locals>

Caused by:
- the chunking context (unknown) does not support external modules (request: node:dns)

Debug info:
- An error occurred while generating the chunk item [project]/src/lib/prisma.ts [app-client] (ecmascript) <locals>
- Execution of <EcmascriptModuleLocalsModule as EcmascriptChunkPlaceable>::chunk_item_content failed
- Execution of *EcmascriptChunkItemContent::new failed
- Execution of EcmascriptModuleContent::new failed
- the chunking context (unknown) does not support external modules (request: node:dns)

Import traces:
  #1 [Server Component]:
    ./src/lib/prisma.ts
    ./src/auth.ts
    ./src/app/layout.tsx

  #2 [Server Component]:
    ./src/lib/prisma.ts
    ./src/lib/appreciation.ts
    ./src/components/home/HomeAppreciationSnippet.tsx
    ./src/app/(public)/page.tsx

  #3 [Server Component]:
    ./src/lib/prisma.ts
    ./src/lib/open-events.ts
    ./src/components/home/HomeOpenEventsChip.tsx
    ./src/app/(public)/layout.tsx

  #4 [Client Component Browser]:
    ./src/lib/prisma.ts [Client Component Browser]
    ./src/lib/open-events.ts [Client Component Browser]
    ./src/components/home/OpenEventsFloatingChip.tsx [Client Component Browser]
    ./src/components/home/OpenEventsFloatingChip.tsx [Server Component]
    ./src/components/home/HomeOpenEventsChip.tsx [Server Component]
    ./src/app/(public)/layout.tsx [Server Component]

  #5 [Client Component SSR]:
    ./src/lib/prisma.ts [Client Component SSR]
    ./src/lib/open-events.ts [Client Component SSR]
    ./src/components/home/OpenEventsFloatingChip.tsx [Client Component SSR]
    ./src/components/home/OpenEventsFloatingChip.tsx [Server Component]
    ./src/components/home/HomeOpenEventsChip.tsx [Server Component]
    ./src/app/(public)/layout.tsx [Server Component] @ http://localhost:3000/_next/static/chunks/node_modules_next_dist_1gdrd03._.js:1945
[   17620ms] [ERROR] ./src/lib/prisma.ts
Code generation for chunk item errored
An error occurred while generating the chunk item [project]/src/lib/prisma.ts [app-client] (ecmascript) <locals>

Caused by:
- the chunking context (unknown) does not support external modules (request: node:dns)

Debug info:
- An error occurred while generating the chunk item [project]/src/lib/prisma.ts [app-client] (ecmascript) <locals>
- Execution of <EcmascriptModuleLocalsModule as EcmascriptChunkPlaceable>::chunk_item_content failed
- Execution of *EcmascriptChunkItemContent::new failed
- Execution of EcmascriptModuleContent::new failed
- the chunking context (unknown) does not support external modules (request: node:dns)

Import traces:
  #1 [Server Component]:
    ./src/lib/prisma.ts
    ./src/auth.ts
    ./src/app/layout.tsx

  #2 [Server Component]:
    ./src/lib/prisma.ts
    ./src/lib/appreciation.ts
    ./src/components/home/HomeAppreciationSnippet.tsx
    ./src/app/(public)/page.tsx

  #3 [Server Component]:
    ./src/lib/prisma.ts
    ./src/lib/open-events.ts
    ./src/components/home/HomeOpenEventsChip.tsx
    ./src/app/(public)/layout.tsx

  #4 [Client Component Browser]:
    ./src/lib/prisma.ts [Client Component Browser]
    ./src/lib/open-events.ts [Client Component Browser]
    ./src/components/home/OpenEventsFloatingChip.tsx [Client Component Browser]
    ./src/components/home/OpenEventsFloatingChip.tsx [Server Component]
    ./src/components/home/HomeOpenEventsChip.tsx [Server Component]
    ./src/app/(public)/layout.tsx [Server Component]

  #5 [Client Component SSR]:
    ./src/lib/prisma.ts [Client Component SSR]
    ./src/lib/open-events.ts [Client Component SSR]
    ./src/components/home/OpenEventsFloatingChip.tsx [Client Component SSR]
    ./src/components/home/OpenEventsFloatingChip.tsx [Server Component]
    ./src/components/home/HomeOpenEventsChip.tsx [Server Component]
    ./src/app/(public)/layout.tsx [Server Component] @ http://localhost:3000/_next/static/chunks/node_modules_next_dist_1gdrd03._.js:1945
[   17682ms] [ERROR] ./src/lib/prisma.ts
Code generation for chunk item errored
An error occurred while generating the chunk item [project]/src/lib/prisma.ts [app-client] (ecmascript) <locals>

Caused by:
- the chunking context (unknown) does not support external modules (request: node:dns)

Debug info:
- An error occurred while generating the chunk item [project]/src/lib/prisma.ts [app-client] (ecmascript) <locals>
- Execution of <EcmascriptModuleLocalsModule as EcmascriptChunkPlaceable>::chunk_item_content failed
- Execution of *EcmascriptChunkItemContent::new failed
- Execution of EcmascriptModuleContent::new failed
- the chunking context (unknown) does not support external modules (request: node:dns)

Import traces:
  #1 [Server Component]:
    ./src/lib/prisma.ts
    ./src/auth.ts
    ./src/app/layout.tsx

  #2 [Server Component]:
    ./src/lib/prisma.ts
    ./src/lib/appreciation.ts
    ./src/components/home/HomeAppreciationSnippet.tsx
    ./src/app/(public)/page.tsx

  #3 [Server Component]:
    ./src/lib/prisma.ts
    ./src/lib/open-events.ts
    ./src/components/home/HomeOpenEventsChip.tsx
    ./src/app/(public)/layout.tsx

  #4 [Client Component Browser]:
    ./src/lib/prisma.ts [Client Component Browser]
    ./src/lib/open-events.ts [Client Component Browser]
    ./src/components/home/OpenEventsFloatingChip.tsx [Client Component Browser]
    ./src/components/home/OpenEventsFloatingChip.tsx [Server Component]
    ./src/components/home/HomeOpenEventsChip.tsx [Server Component]
    ./src/app/(public)/layout.tsx [Server Component]

  #5 [Client Component SSR]:
    ./src/lib/prisma.ts [Client Component SSR]
    ./src/lib/open-events.ts [Client Component SSR]
    ./src/components/home/OpenEventsFloatingChip.tsx [Client Component SSR]
    ./src/components/home/OpenEventsFloatingChip.tsx [Server Component]
    ./src/components/home/HomeOpenEventsChip.tsx [Server Component]
    ./src/app/(public)/layout.tsx [Server Component] @ http://localhost:3000/_next/static/chunks/node_modules_next_dist_1gdrd03._.js:1945
[   17744ms] [ERROR] ./src/lib/prisma.ts
Code generation for chunk item errored
An error occurred while generating the chunk item [project]/src/lib/prisma.ts [app-client] (ecmascript) <locals>

Caused by:
- the chunking context (unknown) does not support external modules (request: node:dns)

Debug info:
- An error occurred while generating the chunk item [project]/src/lib/prisma.ts [app-client] (ecmascript) <locals>
- Execution of <EcmascriptModuleLocalsModule as EcmascriptChunkPlaceable>::chunk_item_content failed
- Execution of *EcmascriptChunkItemContent::new failed
- Execution of EcmascriptModuleContent::new failed
- the chunking context (unknown) does not support external modules (request: node:dns)

Import traces:
  #1 [Server Component]:
    ./src/lib/prisma.ts
    ./src/auth.ts
    ./src/app/layout.tsx

  #2 [Server Component]:
    ./src/lib/prisma.ts
    ./src/lib/appreciation.ts
    ./src/components/home/HomeAppreciationSnippet.tsx
    ./src/app/(public)/page.tsx

  #3 [Server Component]:
    ./src/lib/prisma.ts
    ./src/lib/open-events.ts
    ./src/components/home/HomeOpenEventsChip.tsx
    ./src/app/(public)/layout.tsx

  #4 [Client Component Browser]:
    ./src/lib/prisma.ts [Client Component Browser]
    ./src/lib/open-events.ts [Client Component Browser]
    ./src/components/home/OpenEventsFloatingChip.tsx [Client Component Browser]
    ./src/components/home/OpenEventsFloatingChip.tsx [Server Component]
    ./src/components/home/HomeOpenEventsChip.tsx [Server Component]
    ./src/app/(public)/layout.tsx [Server Component]

  #5 [Client Component SSR]:
    ./src/lib/prisma.ts [Client Component SSR]
    ./src/lib/open-events.ts [Client Component SSR]
    ./src/components/home/OpenEventsFloatingChip.tsx [Client Component SSR]
    ./src/components/home/OpenEventsFloatingChip.tsx [Server Component]
    ./src/components/home/HomeOpenEventsChip.tsx [Server Component]
    ./src/app/(public)/layout.tsx [Server Component] @ http://localhost:3000/_next/static/chunks/node_modules_next_dist_1gdrd03._.js:1945
[   17806ms] [ERROR] ./src/lib/prisma.ts
Code generation for chunk item errored
An error occurred while generating the chunk item [project]/src/lib/prisma.ts [app-client] (ecmascript) <locals>

Caused by:
- the chunking context (unknown) does not support external modules (request: node:dns)

Debug info:
- An error occurred while generating the chunk item [project]/src/lib/prisma.ts [app-client] (ecmascript) <locals>
- Execution of <EcmascriptModuleLocalsModule as EcmascriptChunkPlaceable>::chunk_item_content failed
- Execution of *EcmascriptChunkItemContent::new failed
- Execution of EcmascriptModuleContent::new failed
- the chunking context (unknown) does not support external modules (request: node:dns)

Import traces:
  #1 [Server Component]:
    ./src/lib/prisma.ts
    ./src/auth.ts
    ./src/app/layout.tsx

  #2 [Server Component]:
    ./src/lib/prisma.ts
    ./src/lib/appreciation.ts
    ./src/components/home/HomeAppreciationSnippet.tsx
    ./src/app/(public)/page.tsx

  #3 [Server Component]:
    ./src/lib/prisma.ts
    ./src/lib/open-events.ts
    ./src/components/home/HomeOpenEventsChip.tsx
    ./src/app/(public)/layout.tsx

  #4 [Client Component Browser]:
    ./src/lib/prisma.ts [Client Component Browser]
    ./src/lib/open-events.ts [Client Component Browser]
    ./src/components/home/OpenEventsFloatingChip.tsx [Client Component Browser]
    ./src/components/home/OpenEventsFloatingChip.tsx [Server Component]
    ./src/components/home/HomeOpenEventsChip.tsx [Server Component]
    ./src/app/(public)/layout.tsx [Server Component]

  #5 [Client Component SSR]:
    ./src/lib/prisma.ts [Client Component SSR]
    ./src/lib/open-events.ts [Client Component SSR]
    ./src/components/home/OpenEventsFloatingChip.tsx [Client Component SSR]
    ./src/components/home/OpenEventsFloatingChip.tsx [Server Component]
    ./src/components/home/HomeOpenEventsChip.tsx [Server Component]
    ./src/app/(public)/layout.tsx [Server Component] @ http://localhost:3000/_next/static/chunks/node_modules_next_dist_1gdrd03._.js:1945
[   17871ms] [ERROR] ./src/lib/prisma.ts
Code generation for chunk item errored
An error occurred while generating the chunk item [project]/src/lib/prisma.ts [app-client] (ecmascript) <locals>

Caused by:
- the chunking context (unknown) does not support external modules (request: node:dns)

Debug info:
- An error occurred while generating the chunk item [project]/src/lib/prisma.ts [app-client] (ecmascript) <locals>
- Execution of <EcmascriptModuleLocalsModule as EcmascriptChunkPlaceable>::chunk_item_content failed
- Execution of *EcmascriptChunkItemContent::new failed
- Execution of EcmascriptModuleContent::new failed
- the chunking context (unknown) does not support external modules (request: node:dns)

Import traces:
  #1 [Server Component]:
    ./src/lib/prisma.ts
    ./src/auth.ts
    ./src/app/layout.tsx

  #2 [Server Component]:
    ./src/lib/prisma.ts
    ./src/lib/appreciation.ts
    ./src/components/home/HomeAppreciationSnippet.tsx
    ./src/app/(public)/page.tsx

  #3 [Server Component]:
    ./src/lib/prisma.ts
    ./src/lib/open-events.ts
    ./src/components/home/HomeOpenEventsChip.tsx
    ./src/app/(public)/layout.tsx

  #4 [Client Component Browser]:
    ./src/lib/prisma.ts [Client Component Browser]
    ./src/lib/open-events.ts [Client Component Browser]
    ./src/components/home/OpenEventsFloatingChip.tsx [Client Component Browser]
    ./src/components/home/OpenEventsFloatingChip.tsx [Server Component]
    ./src/components/home/HomeOpenEventsChip.tsx [Server Component]
    ./src/app/(public)/layout.tsx [Server Component]

  #5 [Client Component SSR]:
    ./src/lib/prisma.ts [Client Component SSR]
    ./src/lib/open-events.ts [Client Component SSR]
    ./src/components/home/OpenEventsFloatingChip.tsx [Client Component SSR]
    ./src/components/home/OpenEventsFloatingChip.tsx [Server Component]
    ./src/components/home/HomeOpenEventsChip.tsx [Server Component]
    ./src/app/(public)/layout.tsx [Server Component] @ http://localhost:3000/_next/static/chunks/node_modules_next_dist_1gdrd03._.js:1945
[   17934ms] [ERROR] ./src/lib/prisma.ts
Code generation for chunk item errored
An error occurred while generating the chunk item [project]/src/lib/prisma.ts [app-client] (ecmascript) <locals>

Caused by:
- the chunking context (unknown) does not support external modules (request: node:dns)

Debug info:
- An error occurred while generating the chunk item [project]/src/lib/prisma.ts [app-client] (ecmascript) <locals>
- Execution of <EcmascriptModuleLocalsModule as EcmascriptChunkPlaceable>::chunk_item_content failed
- Execution of *EcmascriptChunkItemContent::new failed
- Execution of EcmascriptModuleContent::new failed
- the chunking context (unknown) does not support external modules (request: node:dns)

Import traces:
  #1 [Server Component]:
    ./src/lib/prisma.ts
    ./src/auth.ts
    ./src/app/layout.tsx

  #2 [Server Component]:
    ./src/lib/prisma.ts
    ./src/lib/appreciation.ts
    ./src/components/home/HomeAppreciationSnippet.tsx
    ./src/app/(public)/page.tsx

  #3 [Server Component]:
    ./src/lib/prisma.ts
    ./src/lib/open-events.ts
    ./src/components/home/HomeOpenEventsChip.tsx
    ./src/app/(public)/layout.tsx

  #4 [Client Component Browser]:
    ./src/lib/prisma.ts [Client Component Browser]
    ./src/lib/open-events.ts [Client Component Browser]
    ./src/components/home/OpenEventsFloatingChip.tsx [Client Component Browser]
    ./src/components/home/OpenEventsFloatingChip.tsx [Server Component]
    ./src/components/home/HomeOpenEventsChip.tsx [Server Component]
    ./src/app/(public)/layout.tsx [Server Component]

  #5 [Client Component SSR]:
    ./src/lib/prisma.ts [Client Component SSR]
    ./src/lib/open-events.ts [Client Component SSR]
    ./src/components/home/OpenEventsFloatingChip.tsx [Client Component SSR]
    ./src/components/home/OpenEventsFloatingChip.tsx [Server Component]
    ./src/components/home/HomeOpenEventsChip.tsx [Server Component]
    ./src/app/(public)/layout.tsx [Server Component] @ http://localhost:3000/_next/static/chunks/node_modules_next_dist_1gdrd03._.js:1945
[   17998ms] [ERROR] ./src/lib/prisma.ts
Code generation for chunk item errored
An error occurred while generating the chunk item [project]/src/lib/prisma.ts [app-client] (ecmascript) <locals>

Caused by:
- the chunking context (unknown) does not support external modules (request: node:dns)

Debug info:
- An error occurred while generating the chunk item [project]/src/lib/prisma.ts [app-client] (ecmascript) <locals>
- Execution of <EcmascriptModuleLocalsModule as EcmascriptChunkPlaceable>::chunk_item_content failed
- Execution of *EcmascriptChunkItemContent::new failed
- Execution of EcmascriptModuleContent::new failed
- the chunking context (unknown) does not support external modules (request: node:dns)

Import traces:
  #1 [Server Component]:
    ./src/lib/prisma.ts
    ./src/auth.ts
    ./src/app/layout.tsx

  #2 [Server Component]:
    ./src/lib/prisma.ts
    ./src/lib/appreciation.ts
    ./src/components/home/HomeAppreciationSnippet.tsx
    ./src/app/(public)/page.tsx

  #3 [Server Component]:
    ./src/lib/prisma.ts
    ./src/lib/open-events.ts
    ./src/components/home/HomeOpenEventsChip.tsx
    ./src/app/(public)/layout.tsx

  #4 [Client Component Browser]:
    ./src/lib/prisma.ts [Client Component Browser]
    ./src/lib/open-events.ts [Client Component Browser]
    ./src/components/home/OpenEventsFloatingChip.tsx [Client Component Browser]
    ./src/components/home/OpenEventsFloatingChip.tsx [Server Component]
    ./src/components/home/HomeOpenEventsChip.tsx [Server Component]
    ./src/app/(public)/layout.tsx [Server Component]

  #5 [Client Component SSR]:
    ./src/lib/prisma.ts [Client Component SSR]
    ./src/lib/open-events.ts [Client Component SSR]
    ./src/components/home/OpenEventsFloatingChip.tsx [Client Component SSR]
    ./src/components/home/OpenEventsFloatingChip.tsx [Server Component]
    ./src/components/home/HomeOpenEventsChip.tsx [Server Component]
    ./src/app/(public)/layout.tsx [Server Component] @ http://localhost:3000/_next/static/chunks/node_modules_next_dist_1gdrd03._.js:1945
[   18061ms] [ERROR] ./src/lib/prisma.ts
Code generation for chunk item errored
An error occurred while generating the chunk item [project]/src/lib/prisma.ts [app-client] (ecmascript) <locals>

Caused by:
- the chunking context (unknown) does not support external modules (request: node:dns)

Debug info:
- An error occurred while generating the chunk item [project]/src/lib/prisma.ts [app-client] (ecmascript) <locals>
- Execution of <EcmascriptModuleLocalsModule as EcmascriptChunkPlaceable>::chunk_item_content failed
- Execution of *EcmascriptChunkItemContent::new failed
- Execution of EcmascriptModuleContent::new failed
- the chunking context (unknown) does not support external modules (request: node:dns)

Import traces:
  #1 [Server Component]:
    ./src/lib/prisma.ts
    ./src/auth.ts
    ./src/app/layout.tsx

  #2 [Server Component]:
    ./src/lib/prisma.ts
    ./src/lib/appreciation.ts
    ./src/components/home/HomeAppreciationSnippet.tsx
    ./src/app/(public)/page.tsx

  #3 [Server Component]:
    ./src/lib/prisma.ts
    ./src/lib/open-events.ts
    ./src/components/home/HomeOpenEventsChip.tsx
    ./src/app/(public)/layout.tsx

  #4 [Client Component Browser]:
    ./src/lib/prisma.ts [Client Component Browser]
    ./src/lib/open-events.ts [Client Component Browser]
    ./src/components/home/OpenEventsFloatingChip.tsx [Client Component Browser]
    ./src/components/home/OpenEventsFloatingChip.tsx [Server Component]
    ./src/components/home/HomeOpenEventsChip.tsx [Server Component]
    ./src/app/(public)/layout.tsx [Server Component]

  #5 [Client Component SSR]:
    ./src/lib/prisma.ts [Client Component SSR]
    ./src/lib/open-events.ts [Client Component SSR]
    ./src/components/home/OpenEventsFloatingChip.tsx [Client Component SSR]
    ./src/components/home/OpenEventsFloatingChip.tsx [Server Component]
    ./src/components/home/HomeOpenEventsChip.tsx [Server Component]
    ./src/app/(public)/layout.tsx [Server Component] @ http://localhost:3000/_next/static/chunks/node_modules_next_dist_1gdrd03._.js:1945
[   18124ms] [ERROR] ./src/lib/prisma.ts
Code generation for chunk item errored
An error occurred while generating the chunk item [project]/src/lib/prisma.ts [app-client] (ecmascript) <locals>

Caused by:
- the chunking context (unknown) does not support external modules (request: node:dns)

Debug info:
- An error occurred while generating the chunk item [project]/src/lib/prisma.ts [app-client] (ecmascript) <locals>
- Execution of <EcmascriptModuleLocalsModule as EcmascriptChunkPlaceable>::chunk_item_content failed
- Execution of *EcmascriptChunkItemContent::new failed
- Execution of EcmascriptModuleContent::new failed
- the chunking context (unknown) does not support external modules (request: node:dns)

Import traces:
  #1 [Server Component]:
    ./src/lib/prisma.ts
    ./src/auth.ts
    ./src/app/layout.tsx

  #2 [Server Component]:
    ./src/lib/prisma.ts
    ./src/lib/appreciation.ts
    ./src/components/home/HomeAppreciationSnippet.tsx
    ./src/app/(public)/page.tsx

  #3 [Server Component]:
    ./src/lib/prisma.ts
    ./src/lib/open-events.ts
    ./src/components/home/HomeOpenEventsChip.tsx
    ./src/app/(public)/layout.tsx

  #4 [Client Component Browser]:
    ./src/lib/prisma.ts [Client Component Browser]
    ./src/lib/open-events.ts [Client Component Browser]
    ./src/components/home/OpenEventsFloatingChip.tsx [Client Component Browser]
    ./src/components/home/OpenEventsFloatingChip.tsx [Server Component]
    ./src/components/home/HomeOpenEventsChip.tsx [Server Component]
    ./src/app/(public)/layout.tsx [Server Component]

  #5 [Client Component SSR]:
    ./src/lib/prisma.ts [Client Component SSR]
    ./src/lib/open-events.ts [Client Component SSR]
    ./src/components/home/OpenEventsFloatingChip.tsx [Client Component SSR]
    ./src/components/home/OpenEventsFloatingChip.tsx [Server Component]
    ./src/components/home/HomeOpenEventsChip.tsx [Server Component]
    ./src/app/(public)/layout.tsx [Server Component] @ http://localhost:3000/_next/static/chunks/node_modules_next_dist_1gdrd03._.js:1945
[   18187ms] [ERROR] ./src/lib/prisma.ts
Code generation for chunk item errored
An error occurred while generating the chunk item [project]/src/lib/prisma.ts [app-client] (ecmascript) <locals>

Caused by:
- the chunking context (unknown) does not support external modules (request: node:dns)

Debug info:
- An error occurred while generating the chunk item [project]/src/lib/prisma.ts [app-client] (ecmascript) <locals>
- Execution of <EcmascriptModuleLocalsModule as EcmascriptChunkPlaceable>::chunk_item_content failed
- Execution of *EcmascriptChunkItemContent::new failed
- Execution of EcmascriptModuleContent::new failed
- the chunking context (unknown) does not support external modules (request: node:dns)

Import traces:
  #1 [Server Component]:
    ./src/lib/prisma.ts
    ./src/auth.ts
    ./src/app/layout.tsx

  #2 [Server Component]:
    ./src/lib/prisma.ts
    ./src/lib/appreciation.ts
    ./src/components/home/HomeAppreciationSnippet.tsx
    ./src/app/(public)/page.tsx

  #3 [Server Component]:
    ./src/lib/prisma.ts
    ./src/lib/open-events.ts
    ./src/components/home/HomeOpenEventsChip.tsx
    ./src/app/(public)/layout.tsx

  #4 [Client Component Browser]:
    ./src/lib/prisma.ts [Client Component Browser]
    ./src/lib/open-events.ts [Client Component Browser]
    ./src/components/home/OpenEventsFloatingChip.tsx [Client Component Browser]
    ./src/components/home/OpenEventsFloatingChip.tsx [Server Component]
    ./src/components/home/HomeOpenEventsChip.tsx [Server Component]
    ./src/app/(public)/layout.tsx [Server Component]

  #5 [Client Component SSR]:
    ./src/lib/prisma.ts [Client Component SSR]
    ./src/lib/open-events.ts [Client Component SSR]
    ./src/components/home/OpenEventsFloatingChip.tsx [Client Component SSR]
    ./src/components/home/OpenEventsFloatingChip.tsx [Server Component]
    ./src/components/home/HomeOpenEventsChip.tsx [Server Component]
    ./src/app/(public)/layout.tsx [Server Component] @ http://localhost:3000/_next/static/chunks/node_modules_next_dist_1gdrd03._.js:1945
[   18250ms] [ERROR] ./src/lib/prisma.ts
Code generation for chunk item errored
An error occurred while generating the chunk item [project]/src/lib/prisma.ts [app-client] (ecmascript) <locals>

Caused by:
- the chunking context (unknown) does not support external modules (request: node:dns)

Debug info:
- An error occurred while generating the chunk item [project]/src/lib/prisma.ts [app-client] (ecmascript) <locals>
- Execution of <EcmascriptModuleLocalsModule as EcmascriptChunkPlaceable>::chunk_item_content failed
- Execution of *EcmascriptChunkItemContent::new failed
- Execution of EcmascriptModuleContent::new failed
- the chunking context (unknown) does not support external modules (request: node:dns)

Import traces:
  #1 [Server Component]:
    ./src/lib/prisma.ts
    ./src/auth.ts
    ./src/app/layout.tsx

  #2 [Server Component]:
    ./src/lib/prisma.ts
    ./src/lib/appreciation.ts
    ./src/components/home/HomeAppreciationSnippet.tsx
    ./src/app/(public)/page.tsx

  #3 [Server Component]:
    ./src/lib/prisma.ts
    ./src/lib/open-events.ts
    ./src/components/home/HomeOpenEventsChip.tsx
    ./src/app/(public)/layout.tsx

  #4 [Client Component Browser]:
    ./src/lib/prisma.ts [Client Component Browser]
    ./src/lib/open-events.ts [Client Component Browser]
    ./src/components/home/OpenEventsFloatingChip.tsx [Client Component Browser]
    ./src/components/home/OpenEventsFloatingChip.tsx [Server Component]
    ./src/components/home/HomeOpenEventsChip.tsx [Server Component]
    ./src/app/(public)/layout.tsx [Server Component]

  #5 [Client Component SSR]:
    ./src/lib/prisma.ts [Client Component SSR]
    ./src/lib/open-events.ts [Client Component SSR]
    ./src/components/home/OpenEventsFloatingChip.tsx [Client Component SSR]
    ./src/components/home/OpenEventsFloatingChip.tsx [Server Component]
    ./src/components/home/HomeOpenEventsChip.tsx [Server Component]
    ./src/app/(public)/layout.tsx [Server Component] @ http://localhost:3000/_next/static/chunks/node_modules_next_dist_1gdrd03._.js:1945
[   18313ms] [ERROR] ./src/lib/prisma.ts
Code generation for chunk item errored
An error occurred while generating the chunk item [project]/src/lib/prisma.ts [app-client] (ecmascript) <locals>

Caused by:
- the chunking context (unknown) does not support external modules (request: node:dns)

Debug info:
- An error occurred while generating the chunk item [project]/src/lib/prisma.ts [app-client] (ecmascript) <locals>
- Execution of <EcmascriptModuleLocalsModule as EcmascriptChunkPlaceable>::chunk_item_content failed
- Execution of *EcmascriptChunkItemContent::new failed
- Execution of EcmascriptModuleContent::new failed
- the chunking context (unknown) does not support external modules (request: node:dns)

Import traces:
  #1 [Server Component]:
    ./src/lib/prisma.ts
    ./src/auth.ts
    ./src/app/layout.tsx

  #2 [Server Component]:
    ./src/lib/prisma.ts
    ./src/lib/appreciation.ts
    ./src/components/home/HomeAppreciationSnippet.tsx
    ./src/app/(public)/page.tsx

  #3 [Server Component]:
    ./src/lib/prisma.ts
    ./src/lib/open-events.ts
    ./src/components/home/HomeOpenEventsChip.tsx
    ./src/app/(public)/layout.tsx

  #4 [Client Component Browser]:
    ./src/lib/prisma.ts [Client Component Browser]
    ./src/lib/open-events.ts [Client Component Browser]
    ./src/components/home/OpenEventsFloatingChip.tsx [Client Component Browser]
    ./src/components/home/OpenEventsFloatingChip.tsx [Server Component]
    ./src/components/home/HomeOpenEventsChip.tsx [Server Component]
    ./src/app/(public)/layout.tsx [Server Component]

  #5 [Client Component SSR]:
    ./src/lib/prisma.ts [Client Component SSR]
    ./src/lib/open-events.ts [Client Component SSR]
    ./src/components/home/OpenEventsFloatingChip.tsx [Client Component SSR]
    ./src/components/home/OpenEventsFloatingChip.tsx [Server Component]
    ./src/components/home/HomeOpenEventsChip.tsx [Server Component]
    ./src/app/(public)/layout.tsx [Server Component] @ http://localhost:3000/_next/static/chunks/node_modules_next_dist_1gdrd03._.js:1945
[   18374ms] [ERROR] ./src/lib/prisma.ts
Code generation for chunk item errored
An error occurred while generating the chunk item [project]/src/lib/prisma.ts [app-client] (ecmascript) <locals>

Caused by:
- the chunking context (unknown) does not support external modules (request: node:dns)

Debug info:
- An error occurred while generating the chunk item [project]/src/lib/prisma.ts [app-client] (ecmascript) <locals>
- Execution of <EcmascriptModuleLocalsModule as EcmascriptChunkPlaceable>::chunk_item_content failed
- Execution of *EcmascriptChunkItemContent::new failed
- Execution of EcmascriptModuleContent::new failed
- the chunking context (unknown) does not support external modules (request: node:dns)

Import traces:
  #1 [Server Component]:
    ./src/lib/prisma.ts
    ./src/auth.ts
    ./src/app/layout.tsx

  #2 [Server Component]:
    ./src/lib/prisma.ts
    ./src/lib/appreciation.ts
    ./src/components/home/HomeAppreciationSnippet.tsx
    ./src/app/(public)/page.tsx

  #3 [Server Component]:
    ./src/lib/prisma.ts
    ./src/lib/open-events.ts
    ./src/components/home/HomeOpenEventsChip.tsx
    ./src/app/(public)/layout.tsx

  #4 [Client Component Browser]:
    ./src/lib/prisma.ts [Client Component Browser]
    ./src/lib/open-events.ts [Client Component Browser]
    ./src/components/home/OpenEventsFloatingChip.tsx [Client Component Browser]
    ./src/components/home/OpenEventsFloatingChip.tsx [Server Component]
    ./src/components/home/HomeOpenEventsChip.tsx [Server Component]
    ./src/app/(public)/layout.tsx [Server Component]

  #5 [Client Component SSR]:
    ./src/lib/prisma.ts [Client Component SSR]
    ./src/lib/open-events.ts [Client Component SSR]
    ./src/components/home/OpenEventsFloatingChip.tsx [Client Component SSR]
    ./src/components/home/OpenEventsFloatingChip.tsx [Server Component]
    ./src/components/home/HomeOpenEventsChip.tsx [Server Component]
    ./src/app/(public)/layout.tsx [Server Component] @ http://localhost:3000/_next/static/chunks/node_modules_next_dist_1gdrd03._.js:1945
[   18437ms] [ERROR] ./src/lib/prisma.ts
Code generation for chunk item errored
An error occurred while generating the chunk item [project]/src/lib/prisma.ts [app-client] (ecmascript) <locals>

Caused by:
- the chunking context (unknown) does not support external modules (request: node:dns)

Debug info:
- An error occurred while generating the chunk item [project]/src/lib/prisma.ts [app-client] (ecmascript) <locals>
- Execution of <EcmascriptModuleLocalsModule as EcmascriptChunkPlaceable>::chunk_item_content failed
- Execution of *EcmascriptChunkItemContent::new failed
- Execution of EcmascriptModuleContent::new failed
- the chunking context (unknown) does not support external modules (request: node:dns)

Import traces:
  #1 [Server Component]:
    ./src/lib/prisma.ts
    ./src/auth.ts
    ./src/app/layout.tsx

  #2 [Server Component]:
    ./src/lib/prisma.ts
    ./src/lib/appreciation.ts
    ./src/components/home/HomeAppreciationSnippet.tsx
    ./src/app/(public)/page.tsx

  #3 [Server Component]:
    ./src/lib/prisma.ts
    ./src/lib/open-events.ts
    ./src/components/home/HomeOpenEventsChip.tsx
    ./src/app/(public)/layout.tsx

  #4 [Client Component Browser]:
    ./src/lib/prisma.ts [Client Component Browser]
    ./src/lib/open-events.ts [Client Component Browser]
    ./src/components/home/OpenEventsFloatingChip.tsx [Client Component Browser]
    ./src/components/home/OpenEventsFloatingChip.tsx [Server Component]
    ./src/components/home/HomeOpenEventsChip.tsx [Server Component]
    ./src/app/(public)/layout.tsx [Server Component]

  #5 [Client Component SSR]:
    ./src/lib/prisma.ts [Client Component SSR]
    ./src/lib/open-events.ts [Client Component SSR]
    ./src/components/home/OpenEventsFloatingChip.tsx [Client Component SSR]
    ./src/components/home/OpenEventsFloatingChip.tsx [Server Component]
    ./src/components/home/HomeOpenEventsChip.tsx [Server Component]
    ./src/app/(public)/layout.tsx [Server Component] @ http://localhost:3000/_next/static/chunks/node_modules_next_dist_1gdrd03._.js:1945
[   18498ms] [ERROR] ./src/lib/prisma.ts
Code generation for chunk item errored
An error occurred while generating the chunk item [project]/src/lib/prisma.ts [app-client] (ecmascript) <locals>

Caused by:
- the chunking context (unknown) does not support external modules (request: node:dns)

Debug info:
- An error occurred while generating the chunk item [project]/src/lib/prisma.ts [app-client] (ecmascript) <locals>
- Execution of <EcmascriptModuleLocalsModule as EcmascriptChunkPlaceable>::chunk_item_content failed
- Execution of *EcmascriptChunkItemContent::new failed
- Execution of EcmascriptModuleContent::new failed
- the chunking context (unknown) does not support external modules (request: node:dns)

Import traces:
  #1 [Server Component]:
    ./src/lib/prisma.ts
    ./src/auth.ts
    ./src/app/layout.tsx

  #2 [Server Component]:
    ./src/lib/prisma.ts
    ./src/lib/appreciation.ts
    ./src/components/home/HomeAppreciationSnippet.tsx
    ./src/app/(public)/page.tsx

  #3 [Server Component]:
    ./src/lib/prisma.ts
    ./src/lib/open-events.ts
    ./src/components/home/HomeOpenEventsChip.tsx
    ./src/app/(public)/layout.tsx

  #4 [Client Component Browser]:
    ./src/lib/prisma.ts [Client Component Browser]
    ./src/lib/open-events.ts [Client Component Browser]
    ./src/components/home/OpenEventsFloatingChip.tsx [Client Component Browser]
    ./src/components/home/OpenEventsFloatingChip.tsx [Server Component]
    ./src/components/home/HomeOpenEventsChip.tsx [Server Component]
    ./src/app/(public)/layout.tsx [Server Component]

  #5 [Client Component SSR]:
    ./src/lib/prisma.ts [Client Component SSR]
    ./src/lib/open-events.ts [Client Component SSR]
    ./src/components/home/OpenEventsFloatingChip.tsx [Client Component SSR]
    ./src/components/home/OpenEventsFloatingChip.tsx [Server Component]
    ./src/components/home/HomeOpenEventsChip.tsx [Server Component]
    ./src/app/(public)/layout.tsx [Server Component] @ http://localhost:3000/_next/static/chunks/node_modules_next_dist_1gdrd03._.js:1945
[   18561ms] [ERROR] ./src/lib/prisma.ts
Code generation for chunk item errored
An error occurred while generating the chunk item [project]/src/lib/prisma.ts [app-client] (ecmascript) <locals>

Caused by:
- the chunking context (unknown) does not support external modules (request: node:dns)

Debug info:
- An error occurred while generating the chunk item [project]/src/lib/prisma.ts [app-client] (ecmascript) <locals>
- Execution of <EcmascriptModuleLocalsModule as EcmascriptChunkPlaceable>::chunk_item_content failed
- Execution of *EcmascriptChunkItemContent::new failed
- Execution of EcmascriptModuleContent::new failed
- the chunking context (unknown) does not support external modules (request: node:dns)

Import traces:
  #1 [Server Component]:
    ./src/lib/prisma.ts
    ./src/auth.ts
    ./src/app/layout.tsx

  #2 [Server Component]:
    ./src/lib/prisma.ts
    ./src/lib/appreciation.ts
    ./src/components/home/HomeAppreciationSnippet.tsx
    ./src/app/(public)/page.tsx

  #3 [Server Component]:
    ./src/lib/prisma.ts
    ./src/lib/open-events.ts
    ./src/components/home/HomeOpenEventsChip.tsx
    ./src/app/(public)/layout.tsx

  #4 [Client Component Browser]:
    ./src/lib/prisma.ts [Client Component Browser]
    ./src/lib/open-events.ts [Client Component Browser]
    ./src/components/home/OpenEventsFloatingChip.tsx [Client Component Browser]
    ./src/components/home/OpenEventsFloatingChip.tsx [Server Component]
    ./src/components/home/HomeOpenEventsChip.tsx [Server Component]
    ./src/app/(public)/layout.tsx [Server Component]

  #5 [Client Component SSR]:
    ./src/lib/prisma.ts [Client Component SSR]
    ./src/lib/open-events.ts [Client Component SSR]
    ./src/components/home/OpenEventsFloatingChip.tsx [Client Component SSR]
    ./src/components/home/OpenEventsFloatingChip.tsx [Server Component]
    ./src/components/home/HomeOpenEventsChip.tsx [Server Component]
    ./src/app/(public)/layout.tsx [Server Component] @ http://localhost:3000/_next/static/chunks/node_modules_next_dist_1gdrd03._.js:1945
[   18625ms] [ERROR] ./src/lib/prisma.ts
Code generation for chunk item errored
An error occurred while generating the chunk item [project]/src/lib/prisma.ts [app-client] (ecmascript) <locals>

Caused by:
- the chunking context (unknown) does not support external modules (request: node:dns)

Debug info:
- An error occurred while generating the chunk item [project]/src/lib/prisma.ts [app-client] (ecmascript) <locals>
- Execution of <EcmascriptModuleLocalsModule as EcmascriptChunkPlaceable>::chunk_item_content failed
- Execution of *EcmascriptChunkItemContent::new failed
- Execution of EcmascriptModuleContent::new failed
- the chunking context (unknown) does not support external modules (request: node:dns)

Import traces:
  #1 [Server Component]:
    ./src/lib/prisma.ts
    ./src/auth.ts
    ./src/app/layout.tsx

  #2 [Server Component]:
    ./src/lib/prisma.ts
    ./src/lib/appreciation.ts
    ./src/components/home/HomeAppreciationSnippet.tsx
    ./src/app/(public)/page.tsx

  #3 [Server Component]:
    ./src/lib/prisma.ts
    ./src/lib/open-events.ts
    ./src/components/home/HomeOpenEventsChip.tsx
    ./src/app/(public)/layout.tsx

  #4 [Client Component Browser]:
    ./src/lib/prisma.ts [Client Component Browser]
    ./src/lib/open-events.ts [Client Component Browser]
    ./src/components/home/OpenEventsFloatingChip.tsx [Client Component Browser]
    ./src/components/home/OpenEventsFloatingChip.tsx [Server Component]
    ./src/components/home/HomeOpenEventsChip.tsx [Server Component]
    ./src/app/(public)/layout.tsx [Server Component]

  #5 [Client Component SSR]:
    ./src/lib/prisma.ts [Client Component SSR]
    ./src/lib/open-events.ts [Client Component SSR]
    ./src/components/home/OpenEventsFloatingChip.tsx [Client Component SSR]
    ./src/components/home/OpenEventsFloatingChip.tsx [Server Component]
    ./src/components/home/HomeOpenEventsChip.tsx [Server Component]
    ./src/app/(public)/layout.tsx [Server Component] @ http://localhost:3000/_next/static/chunks/node_modules_next_dist_1gdrd03._.js:1945
[   18687ms] [ERROR] ./src/lib/prisma.ts
Code generation for chunk item errored
An error occurred while generating the chunk item [project]/src/lib/prisma.ts [app-client] (ecmascript) <locals>

Caused by:
- the chunking context (unknown) does not support external modules (request: node:dns)

Debug info:
- An error occurred while generating the chunk item [project]/src/lib/prisma.ts [app-client] (ecmascript) <locals>
- Execution of <EcmascriptModuleLocalsModule as EcmascriptChunkPlaceable>::chunk_item_content failed
- Execution of *EcmascriptChunkItemContent::new failed
- Execution of EcmascriptModuleContent::new failed
- the chunking context (unknown) does not support external modules (request: node:dns)

Import traces:
  #1 [Server Component]:
    ./src/lib/prisma.ts
    ./src/auth.ts
    ./src/app/layout.tsx

  #2 [Server Component]:
    ./src/lib/prisma.ts
    ./src/lib/appreciation.ts
    ./src/components/home/HomeAppreciationSnippet.tsx
    ./src/app/(public)/page.tsx

  #3 [Server Component]:
    ./src/lib/prisma.ts
    ./src/lib/open-events.ts
    ./src/components/home/HomeOpenEventsChip.tsx
    ./src/app/(public)/layout.tsx

  #4 [Client Component Browser]:
    ./src/lib/prisma.ts [Client Component Browser]
    ./src/lib/open-events.ts [Client Component Browser]
    ./src/components/home/OpenEventsFloatingChip.tsx [Client Component Browser]
    ./src/components/home/OpenEventsFloatingChip.tsx [Server Component]
    ./src/components/home/HomeOpenEventsChip.tsx [Server Component]
    ./src/app/(public)/layout.tsx [Server Component]

  #5 [Client Component SSR]:
    ./src/lib/prisma.ts [Client Component SSR]
    ./src/lib/open-events.ts [Client Component SSR]
    ./src/components/home/OpenEventsFloatingChip.tsx [Client Component SSR]
    ./src/components/home/OpenEventsFloatingChip.tsx [Server Component]
    ./src/components/home/HomeOpenEventsChip.tsx [Server Component]
    ./src/app/(public)/layout.tsx [Server Component] @ http://localhost:3000/_next/static/chunks/node_modules_next_dist_1gdrd03._.js:1945
[   18749ms] [ERROR] ./src/lib/prisma.ts
Code generation for chunk item errored
An error occurred while generating the chunk item [project]/src/lib/prisma.ts [app-client] (ecmascript) <locals>

Caused by:
- the chunking context (unknown) does not support external modules (request: node:dns)

Debug info:
- An error occurred while generating the chunk item [project]/src/lib/prisma.ts [app-client] (ecmascript) <locals>
- Execution of <EcmascriptModuleLocalsModule as EcmascriptChunkPlaceable>::chunk_item_content failed
- Execution of *EcmascriptChunkItemContent::new failed
- Execution of EcmascriptModuleContent::new failed
- the chunking context (unknown) does not support external modules (request: node:dns)

Import traces:
  #1 [Server Component]:
    ./src/lib/prisma.ts
    ./src/auth.ts
    ./src/app/layout.tsx

  #2 [Server Component]:
    ./src/lib/prisma.ts
    ./src/lib/appreciation.ts
    ./src/components/home/HomeAppreciationSnippet.tsx
    ./src/app/(public)/page.tsx

  #3 [Server Component]:
    ./src/lib/prisma.ts
    ./src/lib/open-events.ts
    ./src/components/home/HomeOpenEventsChip.tsx
    ./src/app/(public)/layout.tsx

  #4 [Client Component Browser]:
    ./src/lib/prisma.ts [Client Component Browser]
    ./src/lib/open-events.ts [Client Component Browser]
    ./src/components/home/OpenEventsFloatingChip.tsx [Client Component Browser]
    ./src/components/home/OpenEventsFloatingChip.tsx [Server Component]
    ./src/components/home/HomeOpenEventsChip.tsx [Server Component]
    ./src/app/(public)/layout.tsx [Server Component]

  #5 [Client Component SSR]:
    ./src/lib/prisma.ts [Client Component SSR]
    ./src/lib/open-events.ts [Client Component SSR]
    ./src/components/home/OpenEventsFloatingChip.tsx [Client Component SSR]
    ./src/components/home/OpenEventsFloatingChip.tsx [Server Component]
    ./src/components/home/HomeOpenEventsChip.tsx [Server Component]
    ./src/app/(public)/layout.tsx [Server Component] @ http://localhost:3000/_next/static/chunks/node_modules_next_dist_1gdrd03._.js:1945
[   18813ms] [ERROR] ./src/lib/prisma.ts
Code generation for chunk item errored
An error occurred while generating the chunk item [project]/src/lib/prisma.ts [app-client] (ecmascript) <locals>

Caused by:
- the chunking context (unknown) does not support external modules (request: node:dns)

Debug info:
- An error occurred while generating the chunk item [project]/src/lib/prisma.ts [app-client] (ecmascript) <locals>
- Execution of <EcmascriptModuleLocalsModule as EcmascriptChunkPlaceable>::chunk_item_content failed
- Execution of *EcmascriptChunkItemContent::new failed
- Execution of EcmascriptModuleContent::new failed
- the chunking context (unknown) does not support external modules (request: node:dns)

Import traces:
  #1 [Server Component]:
    ./src/lib/prisma.ts
    ./src/auth.ts
    ./src/app/layout.tsx

  #2 [Server Component]:
    ./src/lib/prisma.ts
    ./src/lib/appreciation.ts
    ./src/components/home/HomeAppreciationSnippet.tsx
    ./src/app/(public)/page.tsx

  #3 [Server Component]:
    ./src/lib/prisma.ts
    ./src/lib/open-events.ts
    ./src/components/home/HomeOpenEventsChip.tsx
    ./src/app/(public)/layout.tsx

  #4 [Client Component Browser]:
    ./src/lib/prisma.ts [Client Component Browser]
    ./src/lib/open-events.ts [Client Component Browser]
    ./src/components/home/OpenEventsFloatingChip.tsx [Client Component Browser]
    ./src/components/home/OpenEventsFloatingChip.tsx [Server Component]
    ./src/components/home/HomeOpenEventsChip.tsx [Server Component]
    ./src/app/(public)/layout.tsx [Server Component]

  #5 [Client Component SSR]:
    ./src/lib/prisma.ts [Client Component SSR]
    ./src/lib/open-events.ts [Client Component SSR]
    ./src/components/home/OpenEventsFloatingChip.tsx [Client Component SSR]
    ./src/components/home/OpenEventsFloatingChip.tsx [Server Component]
    ./src/components/home/HomeOpenEventsChip.tsx [Server Component]
    ./src/app/(public)/layout.tsx [Server Component] @ http://localhost:3000/_next/static/chunks/node_modules_next_dist_1gdrd03._.js:1945
[   18876ms] [ERROR] ./src/lib/prisma.ts
Code generation for chunk item errored
An error occurred while generating the chunk item [project]/src/lib/prisma.ts [app-client] (ecmascript) <locals>

Caused by:
- the chunking context (unknown) does not support external modules (request: node:dns)

Debug info:
- An error occurred while generating the chunk item [project]/src/lib/prisma.ts [app-client] (ecmascript) <locals>
- Execution of <EcmascriptModuleLocalsModule as EcmascriptChunkPlaceable>::chunk_item_content failed
- Execution of *EcmascriptChunkItemContent::new failed
- Execution of EcmascriptModuleContent::new failed
- the chunking context (unknown) does not support external modules (request: node:dns)

Import traces:
  #1 [Server Component]:
    ./src/lib/prisma.ts
    ./src/auth.ts
    ./src/app/layout.tsx

  #2 [Server Component]:
    ./src/lib/prisma.ts
    ./src/lib/appreciation.ts
    ./src/components/home/HomeAppreciationSnippet.tsx
    ./src/app/(public)/page.tsx

  #3 [Server Component]:
    ./src/lib/prisma.ts
    ./src/lib/open-events.ts
    ./src/components/home/HomeOpenEventsChip.tsx
    ./src/app/(public)/layout.tsx

  #4 [Client Component Browser]:
    ./src/lib/prisma.ts [Client Component Browser]
    ./src/lib/open-events.ts [Client Component Browser]
    ./src/components/home/OpenEventsFloatingChip.tsx [Client Component Browser]
    ./src/components/home/OpenEventsFloatingChip.tsx [Server Component]
    ./src/components/home/HomeOpenEventsChip.tsx [Server Component]
    ./src/app/(public)/layout.tsx [Server Component]

  #5 [Client Component SSR]:
    ./src/lib/prisma.ts [Client Component SSR]
    ./src/lib/open-events.ts [Client Component SSR]
    ./src/components/home/OpenEventsFloatingChip.tsx [Client Component SSR]
    ./src/components/home/OpenEventsFloatingChip.tsx [Server Component]
    ./src/components/home/HomeOpenEventsChip.tsx [Server Component]
    ./src/app/(public)/layout.tsx [Server Component] @ http://localhost:3000/_next/static/chunks/node_modules_next_dist_1gdrd03._.js:1945
[   18939ms] [ERROR] ./src/lib/prisma.ts
Code generation for chunk item errored
An error occurred while generating the chunk item [project]/src/lib/prisma.ts [app-client] (ecmascript) <locals>

Caused by:
- the chunking context (unknown) does not support external modules (request: node:dns)

Debug info:
- An error occurred while generating the chunk item [project]/src/lib/prisma.ts [app-client] (ecmascript) <locals>
- Execution of <EcmascriptModuleLocalsModule as EcmascriptChunkPlaceable>::chunk_item_content failed
- Execution of *EcmascriptChunkItemContent::new failed
- Execution of EcmascriptModuleContent::new failed
- the chunking context (unknown) does not support external modules (request: node:dns)

Import traces:
  #1 [Server Component]:
    ./src/lib/prisma.ts
    ./src/auth.ts
    ./src/app/layout.tsx

  #2 [Server Component]:
    ./src/lib/prisma.ts
    ./src/lib/appreciation.ts
    ./src/components/home/HomeAppreciationSnippet.tsx
    ./src/app/(public)/page.tsx

  #3 [Server Component]:
    ./src/lib/prisma.ts
    ./src/lib/open-events.ts
    ./src/components/home/HomeOpenEventsChip.tsx
    ./src/app/(public)/layout.tsx

  #4 [Client Component Browser]:
    ./src/lib/prisma.ts [Client Component Browser]
    ./src/lib/open-events.ts [Client Component Browser]
    ./src/components/home/OpenEventsFloatingChip.tsx [Client Component Browser]
    ./src/components/home/OpenEventsFloatingChip.tsx [Server Component]
    ./src/components/home/HomeOpenEventsChip.tsx [Server Component]
    ./src/app/(public)/layout.tsx [Server Component]

  #5 [Client Component SSR]:
    ./src/lib/prisma.ts [Client Component SSR]
    ./src/lib/open-events.ts [Client Component SSR]
    ./src/components/home/OpenEventsFloatingChip.tsx [Client Component SSR]
    ./src/components/home/OpenEventsFloatingChip.tsx [Server Component]
    ./src/components/home/HomeOpenEventsChip.tsx [Server Component]
    ./src/app/(public)/layout.tsx [Server Component] @ http://localhost:3000/_next/static/chunks/node_modules_next_dist_1gdrd03._.js:1945
[   19003ms] [ERROR] ./src/lib/prisma.ts
Code generation for chunk item errored
An error occurred while generating the chunk item [project]/src/lib/prisma.ts [app-client] (ecmascript) <locals>

Caused by:
- the chunking context (unknown) does not support external modules (request: node:dns)

Debug info:
- An error occurred while generating the chunk item [project]/src/lib/prisma.ts [app-client] (ecmascript) <locals>
- Execution of <EcmascriptModuleLocalsModule as EcmascriptChunkPlaceable>::chunk_item_content failed
- Execution of *EcmascriptChunkItemContent::new failed
- Execution of EcmascriptModuleContent::new failed
- the chunking context (unknown) does not support external modules (request: node:dns)

Import traces:
  #1 [Server Component]:
    ./src/lib/prisma.ts
    ./src/auth.ts
    ./src/app/layout.tsx

  #2 [Server Component]:
    ./src/lib/prisma.ts
    ./src/lib/appreciation.ts
    ./src/components/home/HomeAppreciationSnippet.tsx
    ./src/app/(public)/page.tsx

  #3 [Server Component]:
    ./src/lib/prisma.ts
    ./src/lib/open-events.ts
    ./src/components/home/HomeOpenEventsChip.tsx
    ./src/app/(public)/layout.tsx

  #4 [Client Component Browser]:
    ./src/lib/prisma.ts [Client Component Browser]
    ./src/lib/open-events.ts [Client Component Browser]
    ./src/components/home/OpenEventsFloatingChip.tsx [Client Component Browser]
    ./src/components/home/OpenEventsFloatingChip.tsx [Server Component]
    ./src/components/home/HomeOpenEventsChip.tsx [Server Component]
    ./src/app/(public)/layout.tsx [Server Component]

  #5 [Client Component SSR]:
    ./src/lib/prisma.ts [Client Component SSR]
    ./src/lib/open-events.ts [Client Component SSR]
    ./src/components/home/OpenEventsFloatingChip.tsx [Client Component SSR]
    ./src/components/home/OpenEventsFloatingChip.tsx [Server Component]
    ./src/components/home/HomeOpenEventsChip.tsx [Server Component]
    ./src/app/(public)/layout.tsx [Server Component] @ http://localhost:3000/_next/static/chunks/node_modules_next_dist_1gdrd03._.js:1945
[   19067ms] [ERROR] ./src/lib/prisma.ts
Code generation for chunk item errored
An error occurred while generating the chunk item [project]/src/lib/prisma.ts [app-client] (ecmascript) <locals>

Caused by:
- the chunking context (unknown) does not support external modules (request: node:dns)

Debug info:
- An error occurred while generating the chunk item [project]/src/lib/prisma.ts [app-client] (ecmascript) <locals>
- Execution of <EcmascriptModuleLocalsModule as EcmascriptChunkPlaceable>::chunk_item_content failed
- Execution of *EcmascriptChunkItemContent::new failed
- Execution of EcmascriptModuleContent::new failed
- the chunking context (unknown) does not support external modules (request: node:dns)

Import traces:
  #1 [Server Component]:
    ./src/lib/prisma.ts
    ./src/auth.ts
    ./src/app/layout.tsx

  #2 [Server Component]:
    ./src/lib/prisma.ts
    ./src/lib/appreciation.ts
    ./src/components/home/HomeAppreciationSnippet.tsx
    ./src/app/(public)/page.tsx

  #3 [Server Component]:
    ./src/lib/prisma.ts
    ./src/lib/open-events.ts
    ./src/components/home/HomeOpenEventsChip.tsx
    ./src/app/(public)/layout.tsx

  #4 [Client Component Browser]:
    ./src/lib/prisma.ts [Client Component Browser]
    ./src/lib/open-events.ts [Client Component Browser]
    ./src/components/home/OpenEventsFloatingChip.tsx [Client Component Browser]
    ./src/components/home/OpenEventsFloatingChip.tsx [Server Component]
    ./src/components/home/HomeOpenEventsChip.tsx [Server Component]
    ./src/app/(public)/layout.tsx [Server Component]

  #5 [Client Component SSR]:
    ./src/lib/prisma.ts [Client Component SSR]
    ./src/lib/open-events.ts [Client Component SSR]
    ./src/components/home/OpenEventsFloatingChip.tsx [Client Component SSR]
    ./src/components/home/OpenEventsFloatingChip.tsx [Server Component]
    ./src/components/home/HomeOpenEventsChip.tsx [Server Component]
    ./src/app/(public)/layout.tsx [Server Component] @ http://localhost:3000/_next/static/chunks/node_modules_next_dist_1gdrd03._.js:1945
[   19130ms] [ERROR] ./src/lib/prisma.ts
Code generation for chunk item errored
An error occurred while generating the chunk item [project]/src/lib/prisma.ts [app-client] (ecmascript) <locals>

Caused by:
- the chunking context (unknown) does not support external modules (request: node:dns)

Debug info:
- An error occurred while generating the chunk item [project]/src/lib/prisma.ts [app-client] (ecmascript) <locals>
- Execution of <EcmascriptModuleLocalsModule as EcmascriptChunkPlaceable>::chunk_item_content failed
- Execution of *EcmascriptChunkItemContent::new failed
- Execution of EcmascriptModuleContent::new failed
- the chunking context (unknown) does not support external modules (request: node:dns)

Import traces:
  #1 [Server Component]:
    ./src/lib/prisma.ts
    ./src/auth.ts
    ./src/app/layout.tsx

  #2 [Server Component]:
    ./src/lib/prisma.ts
    ./src/lib/appreciation.ts
    ./src/components/home/HomeAppreciationSnippet.tsx
    ./src/app/(public)/page.tsx

  #3 [Server Component]:
    ./src/lib/prisma.ts
    ./src/lib/open-events.ts
    ./src/components/home/HomeOpenEventsChip.tsx
    ./src/app/(public)/layout.tsx

  #4 [Client Component Browser]:
    ./src/lib/prisma.ts [Client Component Browser]
    ./src/lib/open-events.ts [Client Component Browser]
    ./src/components/home/OpenEventsFloatingChip.tsx [Client Component Browser]
    ./src/components/home/OpenEventsFloatingChip.tsx [Server Component]
    ./src/components/home/HomeOpenEventsChip.tsx [Server Component]
    ./src/app/(public)/layout.tsx [Server Component]

  #5 [Client Component SSR]:
    ./src/lib/prisma.ts [Client Component SSR]
    ./src/lib/open-events.ts [Client Component SSR]
    ./src/components/home/OpenEventsFloatingChip.tsx [Client Component SSR]
    ./src/components/home/OpenEventsFloatingChip.tsx [Server Component]
    ./src/components/home/HomeOpenEventsChip.tsx [Server Component]
    ./src/app/(public)/layout.tsx [Server Component] @ http://localhost:3000/_next/static/chunks/node_modules_next_dist_1gdrd03._.js:1945
[   19194ms] [ERROR] ./src/lib/prisma.ts
Code generation for chunk item errored
An error occurred while generating the chunk item [project]/src/lib/prisma.ts [app-client] (ecmascript) <locals>

Caused by:
- the chunking context (unknown) does not support external modules (request: node:dns)

Debug info:
- An error occurred while generating the chunk item [project]/src/lib/prisma.ts [app-client] (ecmascript) <locals>
- Execution of <EcmascriptModuleLocalsModule as EcmascriptChunkPlaceable>::chunk_item_content failed
- Execution of *EcmascriptChunkItemContent::new failed
- Execution of EcmascriptModuleContent::new failed
- the chunking context (unknown) does not support external modules (request: node:dns)

Import traces:
  #1 [Server Component]:
    ./src/lib/prisma.ts
    ./src/auth.ts
    ./src/app/layout.tsx

  #2 [Server Component]:
    ./src/lib/prisma.ts
    ./src/lib/appreciation.ts
    ./src/components/home/HomeAppreciationSnippet.tsx
    ./src/app/(public)/page.tsx

  #3 [Server Component]:
    ./src/lib/prisma.ts
    ./src/lib/open-events.ts
    ./src/components/home/HomeOpenEventsChip.tsx
    ./src/app/(public)/layout.tsx

  #4 [Client Component Browser]:
    ./src/lib/prisma.ts [Client Component Browser]
    ./src/lib/open-events.ts [Client Component Browser]
    ./src/components/home/OpenEventsFloatingChip.tsx [Client Component Browser]
    ./src/components/home/OpenEventsFloatingChip.tsx [Server Component]
    ./src/components/home/HomeOpenEventsChip.tsx [Server Component]
    ./src/app/(public)/layout.tsx [Server Component]

  #5 [Client Component SSR]:
    ./src/lib/prisma.ts [Client Component SSR]
    ./src/lib/open-events.ts [Client Component SSR]
    ./src/components/home/OpenEventsFloatingChip.tsx [Client Component SSR]
    ./src/components/home/OpenEventsFloatingChip.tsx [Server Component]
    ./src/components/home/HomeOpenEventsChip.tsx [Server Component]
    ./src/app/(public)/layout.tsx [Server Component] @ http://localhost:3000/_next/static/chunks/node_modules_next_dist_1gdrd03._.js:1945
[   19256ms] [ERROR] ./src/lib/prisma.ts
Code generation for chunk item errored
An error occurred while generating the chunk item [project]/src/lib/prisma.ts [app-client] (ecmascript) <locals>

Caused by:
- the chunking context (unknown) does not support external modules (request: node:dns)

Debug info:
- An error occurred while generating the chunk item [project]/src/lib/prisma.ts [app-client] (ecmascript) <locals>
- Execution of <EcmascriptModuleLocalsModule as EcmascriptChunkPlaceable>::chunk_item_content failed
- Execution of *EcmascriptChunkItemContent::new failed
- Execution of EcmascriptModuleContent::new failed
- the chunking context (unknown) does not support external modules (request: node:dns)

Import traces:
  #1 [Server Component]:
    ./src/lib/prisma.ts
    ./src/auth.ts
    ./src/app/layout.tsx

  #2 [Server Component]:
    ./src/lib/prisma.ts
    ./src/lib/appreciation.ts
    ./src/components/home/HomeAppreciationSnippet.tsx
    ./src/app/(public)/page.tsx

  #3 [Server Component]:
    ./src/lib/prisma.ts
    ./src/lib/open-events.ts
    ./src/components/home/HomeOpenEventsChip.tsx
    ./src/app/(public)/layout.tsx

  #4 [Client Component Browser]:
    ./src/lib/prisma.ts [Client Component Browser]
    ./src/lib/open-events.ts [Client Component Browser]
    ./src/components/home/OpenEventsFloatingChip.tsx [Client Component Browser]
    ./src/components/home/OpenEventsFloatingChip.tsx [Server Component]
    ./src/components/home/HomeOpenEventsChip.tsx [Server Component]
    ./src/app/(public)/layout.tsx [Server Component]

  #5 [Client Component SSR]:
    ./src/lib/prisma.ts [Client Component SSR]
    ./src/lib/open-events.ts [Client Component SSR]
    ./src/components/home/OpenEventsFloatingChip.tsx [Client Component SSR]
    ./src/components/home/OpenEventsFloatingChip.tsx [Server Component]
    ./src/components/home/HomeOpenEventsChip.tsx [Server Component]
    ./src/app/(public)/layout.tsx [Server Component] @ http://localhost:3000/_next/static/chunks/node_modules_next_dist_1gdrd03._.js:1945
[   19319ms] [ERROR] ./src/lib/prisma.ts
Code generation for chunk item errored
An error occurred while generating the chunk item [project]/src/lib/prisma.ts [app-client] (ecmascript) <locals>

Caused by:
- the chunking context (unknown) does not support external modules (request: node:dns)

Debug info:
- An error occurred while generating the chunk item [project]/src/lib/prisma.ts [app-client] (ecmascript) <locals>
- Execution of <EcmascriptModuleLocalsModule as EcmascriptChunkPlaceable>::chunk_item_content failed
- Execution of *EcmascriptChunkItemContent::new failed
- Execution of EcmascriptModuleContent::new failed
- the chunking context (unknown) does not support external modules (request: node:dns)

Import traces:
  #1 [Server Component]:
    ./src/lib/prisma.ts
    ./src/auth.ts
    ./src/app/layout.tsx

  #2 [Server Component]:
    ./src/lib/prisma.ts
    ./src/lib/appreciation.ts
    ./src/components/home/HomeAppreciationSnippet.tsx
    ./src/app/(public)/page.tsx

  #3 [Server Component]:
    ./src/lib/prisma.ts
    ./src/lib/open-events.ts
    ./src/components/home/HomeOpenEventsChip.tsx
    ./src/app/(public)/layout.tsx

  #4 [Client Component Browser]:
    ./src/lib/prisma.ts [Client Component Browser]
    ./src/lib/open-events.ts [Client Component Browser]
    ./src/components/home/OpenEventsFloatingChip.tsx [Client Component Browser]
    ./src/components/home/OpenEventsFloatingChip.tsx [Server Component]
    ./src/components/home/HomeOpenEventsChip.tsx [Server Component]
    ./src/app/(public)/layout.tsx [Server Component]

  #5 [Client Component SSR]:
    ./src/lib/prisma.ts [Client Component SSR]
    ./src/lib/open-events.ts [Client Component SSR]
    ./src/components/home/OpenEventsFloatingChip.tsx [Client Component SSR]
    ./src/components/home/OpenEventsFloatingChip.tsx [Server Component]
    ./src/components/home/HomeOpenEventsChip.tsx [Server Component]
    ./src/app/(public)/layout.tsx [Server Component] @ http://localhost:3000/_next/static/chunks/node_modules_next_dist_1gdrd03._.js:1945
[   19381ms] [ERROR] ./src/lib/prisma.ts
Code generation for chunk item errored
An error occurred while generating the chunk item [project]/src/lib/prisma.ts [app-client] (ecmascript) <locals>

Caused by:
- the chunking context (unknown) does not support external modules (request: node:dns)

Debug info:
- An error occurred while generating the chunk item [project]/src/lib/prisma.ts [app-client] (ecmascript) <locals>
- Execution of <EcmascriptModuleLocalsModule as EcmascriptChunkPlaceable>::chunk_item_content failed
- Execution of *EcmascriptChunkItemContent::new failed
- Execution of EcmascriptModuleContent::new failed
- the chunking context (unknown) does not support external modules (request: node:dns)

Import traces:
  #1 [Server Component]:
    ./src/lib/prisma.ts
    ./src/auth.ts
    ./src/app/layout.tsx

  #2 [Server Component]:
    ./src/lib/prisma.ts
    ./src/lib/appreciation.ts
    ./src/components/home/HomeAppreciationSnippet.tsx
    ./src/app/(public)/page.tsx

  #3 [Server Component]:
    ./src/lib/prisma.ts
    ./src/lib/open-events.ts
    ./src/components/home/HomeOpenEventsChip.tsx
    ./src/app/(public)/layout.tsx

  #4 [Client Component Browser]:
    ./src/lib/prisma.ts [Client Component Browser]
    ./src/lib/open-events.ts [Client Component Browser]
    ./src/components/home/OpenEventsFloatingChip.tsx [Client Component Browser]
    ./src/components/home/OpenEventsFloatingChip.tsx [Server Component]
    ./src/components/home/HomeOpenEventsChip.tsx [Server Component]
    ./src/app/(public)/layout.tsx [Server Component]

  #5 [Client Component SSR]:
    ./src/lib/prisma.ts [Client Component SSR]
    ./src/lib/open-events.ts [Client Component SSR]
    ./src/components/home/OpenEventsFloatingChip.tsx [Client Component SSR]
    ./src/components/home/OpenEventsFloatingChip.tsx [Server Component]
    ./src/components/home/HomeOpenEventsChip.tsx [Server Component]
    ./src/app/(public)/layout.tsx [Server Component] @ http://localhost:3000/_next/static/chunks/node_modules_next_dist_1gdrd03._.js:1945
[   19443ms] [ERROR] ./src/lib/prisma.ts
Code generation for chunk item errored
An error occurred while generating the chunk item [project]/src/lib/prisma.ts [app-client] (ecmascript) <locals>

Caused by:
- the chunking context (unknown) does not support external modules (request: node:dns)

Debug info:
- An error occurred while generating the chunk item [project]/src/lib/prisma.ts [app-client] (ecmascript) <locals>
- Execution of <EcmascriptModuleLocalsModule as EcmascriptChunkPlaceable>::chunk_item_content failed
- Execution of *EcmascriptChunkItemContent::new failed
- Execution of EcmascriptModuleContent::new failed
- the chunking context (unknown) does not support external modules (request: node:dns)

Import traces:
  #1 [Server Component]:
    ./src/lib/prisma.ts
    ./src/auth.ts
    ./src/app/layout.tsx

  #2 [Server Component]:
    ./src/lib/prisma.ts
    ./src/lib/appreciation.ts
    ./src/components/home/HomeAppreciationSnippet.tsx
    ./src/app/(public)/page.tsx

  #3 [Server Component]:
    ./src/lib/prisma.ts
    ./src/lib/open-events.ts
    ./src/components/home/HomeOpenEventsChip.tsx
    ./src/app/(public)/layout.tsx

  #4 [Client Component Browser]:
    ./src/lib/prisma.ts [Client Component Browser]
    ./src/lib/open-events.ts [Client Component Browser]
    ./src/components/home/OpenEventsFloatingChip.tsx [Client Component Browser]
    ./src/components/home/OpenEventsFloatingChip.tsx [Server Component]
    ./src/components/home/HomeOpenEventsChip.tsx [Server Component]
    ./src/app/(public)/layout.tsx [Server Component]

  #5 [Client Component SSR]:
    ./src/lib/prisma.ts [Client Component SSR]
    ./src/lib/open-events.ts [Client Component SSR]
    ./src/components/home/OpenEventsFloatingChip.tsx [Client Component SSR]
    ./src/components/home/OpenEventsFloatingChip.tsx [Server Component]
    ./src/components/home/HomeOpenEventsChip.tsx [Server Component]
    ./src/app/(public)/layout.tsx [Server Component] @ http://localhost:3000/_next/static/chunks/node_modules_next_dist_1gdrd03._.js:1945
[   19505ms] [ERROR] ./src/lib/prisma.ts
Code generation for chunk item errored
An error occurred while generating the chunk item [project]/src/lib/prisma.ts [app-client] (ecmascript) <locals>

Caused by:
- the chunking context (unknown) does not support external modules (request: node:dns)

Debug info:
- An error occurred while generating the chunk item [project]/src/lib/prisma.ts [app-client] (ecmascript) <locals>
- Execution of <EcmascriptModuleLocalsModule as EcmascriptChunkPlaceable>::chunk_item_content failed
- Execution of *EcmascriptChunkItemContent::new failed
- Execution of EcmascriptModuleContent::new failed
- the chunking context (unknown) does not support external modules (request: node:dns)

Import traces:
  #1 [Server Component]:
    ./src/lib/prisma.ts
    ./src/auth.ts
    ./src/app/layout.tsx

  #2 [Server Component]:
    ./src/lib/prisma.ts
    ./src/lib/appreciation.ts
    ./src/components/home/HomeAppreciationSnippet.tsx
    ./src/app/(public)/page.tsx

  #3 [Server Component]:
    ./src/lib/prisma.ts
    ./src/lib/open-events.ts
    ./src/components/home/HomeOpenEventsChip.tsx
    ./src/app/(public)/layout.tsx

  #4 [Client Component Browser]:
    ./src/lib/prisma.ts [Client Component Browser]
    ./src/lib/open-events.ts [Client Component Browser]
    ./src/components/home/OpenEventsFloatingChip.tsx [Client Component Browser]
    ./src/components/home/OpenEventsFloatingChip.tsx [Server Component]
    ./src/components/home/HomeOpenEventsChip.tsx [Server Component]
    ./src/app/(public)/layout.tsx [Server Component]

  #5 [Client Component SSR]:
    ./src/lib/prisma.ts [Client Component SSR]
    ./src/lib/open-events.ts [Client Component SSR]
    ./src/components/home/OpenEventsFloatingChip.tsx [Client Component SSR]
    ./src/components/home/OpenEventsFloatingChip.tsx [Server Component]
    ./src/components/home/HomeOpenEventsChip.tsx [Server Component]
    ./src/app/(public)/layout.tsx [Server Component] @ http://localhost:3000/_next/static/chunks/node_modules_next_dist_1gdrd03._.js:1945
[   19564ms] [ERROR] ./src/lib/prisma.ts
Code generation for chunk item errored
An error occurred while generating the chunk item [project]/src/lib/prisma.ts [app-client] (ecmascript) <locals>

Caused by:
- the chunking context (unknown) does not support external modules (request: node:dns)

Debug info:
- An error occurred while generating the chunk item [project]/src/lib/prisma.ts [app-client] (ecmascript) <locals>
- Execution of <EcmascriptModuleLocalsModule as EcmascriptChunkPlaceable>::chunk_item_content failed
- Execution of *EcmascriptChunkItemContent::new failed
- Execution of EcmascriptModuleContent::new failed
- the chunking context (unknown) does not support external modules (request: node:dns)

Import traces:
  #1 [Server Component]:
    ./src/lib/prisma.ts
    ./src/auth.ts
    ./src/app/layout.tsx

  #2 [Server Component]:
    ./src/lib/prisma.ts
    ./src/lib/appreciation.ts
    ./src/components/home/HomeAppreciationSnippet.tsx
    ./src/app/(public)/page.tsx

  #3 [Server Component]:
    ./src/lib/prisma.ts
    ./src/lib/open-events.ts
    ./src/components/home/HomeOpenEventsChip.tsx
    ./src/app/(public)/layout.tsx

  #4 [Client Component Browser]:
    ./src/lib/prisma.ts [Client Component Browser]
    ./src/lib/open-events.ts [Client Component Browser]
    ./src/components/home/OpenEventsFloatingChip.tsx [Client Component Browser]
    ./src/components/home/OpenEventsFloatingChip.tsx [Server Component]
    ./src/components/home/HomeOpenEventsChip.tsx [Server Component]
    ./src/app/(public)/layout.tsx [Server Component]

  #5 [Client Component SSR]:
    ./src/lib/prisma.ts [Client Component SSR]
    ./src/lib/open-events.ts [Client Component SSR]
    ./src/components/home/OpenEventsFloatingChip.tsx [Client Component SSR]
    ./src/components/home/OpenEventsFloatingChip.tsx [Server Component]
    ./src/components/home/HomeOpenEventsChip.tsx [Server Component]
    ./src/app/(public)/layout.tsx [Server Component] @ http://localhost:3000/_next/static/chunks/node_modules_next_dist_1gdrd03._.js:1945
[   19627ms] [ERROR] ./src/lib/prisma.ts
Code generation for chunk item errored
An error occurred while generating the chunk item [project]/src/lib/prisma.ts [app-client] (ecmascript) <locals>

Caused by:
- the chunking context (unknown) does not support external modules (request: node:dns)

Debug info:
- An error occurred while generating the chunk item [project]/src/lib/prisma.ts [app-client] (ecmascript) <locals>
- Execution of <EcmascriptModuleLocalsModule as EcmascriptChunkPlaceable>::chunk_item_content failed
- Execution of *EcmascriptChunkItemContent::new failed
- Execution of EcmascriptModuleContent::new failed
- the chunking context (unknown) does not support external modules (request: node:dns)

Import traces:
  #1 [Server Component]:
    ./src/lib/prisma.ts
    ./src/auth.ts
    ./src/app/layout.tsx

  #2 [Server Component]:
    ./src/lib/prisma.ts
    ./src/lib/appreciation.ts
    ./src/components/home/HomeAppreciationSnippet.tsx
    ./src/app/(public)/page.tsx

  #3 [Server Component]:
    ./src/lib/prisma.ts
    ./src/lib/open-events.ts
    ./src/components/home/HomeOpenEventsChip.tsx
    ./src/app/(public)/layout.tsx

  #4 [Client Component Browser]:
    ./src/lib/prisma.ts [Client Component Browser]
    ./src/lib/open-events.ts [Client Component Browser]
    ./src/components/home/OpenEventsFloatingChip.tsx [Client Component Browser]
    ./src/components/home/OpenEventsFloatingChip.tsx [Server Component]
    ./src/components/home/HomeOpenEventsChip.tsx [Server Component]
    ./src/app/(public)/layout.tsx [Server Component]

  #5 [Client Component SSR]:
    ./src/lib/prisma.ts [Client Component SSR]
    ./src/lib/open-events.ts [Client Component SSR]
    ./src/components/home/OpenEventsFloatingChip.tsx [Client Component SSR]
    ./src/components/home/OpenEventsFloatingChip.tsx [Server Component]
    ./src/components/home/HomeOpenEventsChip.tsx [Server Component]
    ./src/app/(public)/layout.tsx [Server Component] @ http://localhost:3000/_next/static/chunks/node_modules_next_dist_1gdrd03._.js:1945
[   19690ms] [ERROR] ./src/lib/prisma.ts
Code generation for chunk item errored
An error occurred while generating the chunk item [project]/src/lib/prisma.ts [app-client] (ecmascript) <locals>

Caused by:
- the chunking context (unknown) does not support external modules (request: node:dns)

Debug info:
- An error occurred while generating the chunk item [project]/src/lib/prisma.ts [app-client] (ecmascript) <locals>
- Execution of <EcmascriptModuleLocalsModule as EcmascriptChunkPlaceable>::chunk_item_content failed
- Execution of *EcmascriptChunkItemContent::new failed
- Execution of EcmascriptModuleContent::new failed
- the chunking context (unknown) does not support external modules (request: node:dns)

Import traces:
  #1 [Server Component]:
    ./src/lib/prisma.ts
    ./src/auth.ts
    ./src/app/layout.tsx

  #2 [Server Component]:
    ./src/lib/prisma.ts
    ./src/lib/appreciation.ts
    ./src/components/home/HomeAppreciationSnippet.tsx
    ./src/app/(public)/page.tsx

  #3 [Server Component]:
    ./src/lib/prisma.ts
    ./src/lib/open-events.ts
    ./src/components/home/HomeOpenEventsChip.tsx
    ./src/app/(public)/layout.tsx

  #4 [Client Component Browser]:
    ./src/lib/prisma.ts [Client Component Browser]
    ./src/lib/open-events.ts [Client Component Browser]
    ./src/components/home/OpenEventsFloatingChip.tsx [Client Component Browser]
    ./src/components/home/OpenEventsFloatingChip.tsx [Server Component]
    ./src/components/home/HomeOpenEventsChip.tsx [Server Component]
    ./src/app/(public)/layout.tsx [Server Component]

  #5 [Client Component SSR]:
    ./src/lib/prisma.ts [Client Component SSR]
    ./src/lib/open-events.ts [Client Component SSR]
    ./src/components/home/OpenEventsFloatingChip.tsx [Client Component SSR]
    ./src/components/home/OpenEventsFloatingChip.tsx [Server Component]
    ./src/components/home/HomeOpenEventsChip.tsx [Server Component]
    ./src/app/(public)/layout.tsx [Server Component] @ http://localhost:3000/_next/static/chunks/node_modules_next_dist_1gdrd03._.js:1945
[   19753ms] [ERROR] ./src/lib/prisma.ts
Code generation for chunk item errored
An error occurred while generating the chunk item [project]/src/lib/prisma.ts [app-client] (ecmascript) <locals>

Caused by:
- the chunking context (unknown) does not support external modules (request: node:dns)

Debug info:
- An error occurred while generating the chunk item [project]/src/lib/prisma.ts [app-client] (ecmascript) <locals>
- Execution of <EcmascriptModuleLocalsModule as EcmascriptChunkPlaceable>::chunk_item_content failed
- Execution of *EcmascriptChunkItemContent::new failed
- Execution of EcmascriptModuleContent::new failed
- the chunking context (unknown) does not support external modules (request: node:dns)

Import traces:
  #1 [Server Component]:
    ./src/lib/prisma.ts
    ./src/auth.ts
    ./src/app/layout.tsx

  #2 [Server Component]:
    ./src/lib/prisma.ts
    ./src/lib/appreciation.ts
    ./src/components/home/HomeAppreciationSnippet.tsx
    ./src/app/(public)/page.tsx

  #3 [Server Component]:
    ./src/lib/prisma.ts
    ./src/lib/open-events.ts
    ./src/components/home/HomeOpenEventsChip.tsx
    ./src/app/(public)/layout.tsx

  #4 [Client Component Browser]:
    ./src/lib/prisma.ts [Client Component Browser]
    ./src/lib/open-events.ts [Client Component Browser]
    ./src/components/home/OpenEventsFloatingChip.tsx [Client Component Browser]
    ./src/components/home/OpenEventsFloatingChip.tsx [Server Component]
    ./src/components/home/HomeOpenEventsChip.tsx [Server Component]
    ./src/app/(public)/layout.tsx [Server Component]

  #5 [Client Component SSR]:
    ./src/lib/prisma.ts [Client Component SSR]
    ./src/lib/open-events.ts [Client Component SSR]
    ./src/components/home/OpenEventsFloatingChip.tsx [Client Component SSR]
    ./src/components/home/OpenEventsFloatingChip.tsx [Server Component]
    ./src/components/home/HomeOpenEventsChip.tsx [Server Component]
    ./src/app/(public)/layout.tsx [Server Component] @ http://localhost:3000/_next/static/chunks/node_modules_next_dist_1gdrd03._.js:1945
[   19816ms] [ERROR] ./src/lib/prisma.ts
Code generation for chunk item errored
An error occurred while generating the chunk item [project]/src/lib/prisma.ts [app-client] (ecmascript) <locals>

Caused by:
- the chunking context (unknown) does not support external modules (request: node:dns)

Debug info:
- An error occurred while generating the chunk item [project]/src/lib/prisma.ts [app-client] (ecmascript) <locals>
- Execution of <EcmascriptModuleLocalsModule as EcmascriptChunkPlaceable>::chunk_item_content failed
- Execution of *EcmascriptChunkItemContent::new failed
- Execution of EcmascriptModuleContent::new failed
- the chunking context (unknown) does not support external modules (request: node:dns)

Import traces:
  #1 [Server Component]:
    ./src/lib/prisma.ts
    ./src/auth.ts
    ./src/app/layout.tsx

  #2 [Server Component]:
    ./src/lib/prisma.ts
    ./src/lib/appreciation.ts
    ./src/components/home/HomeAppreciationSnippet.tsx
    ./src/app/(public)/page.tsx

  #3 [Server Component]:
    ./src/lib/prisma.ts
    ./src/lib/open-events.ts
    ./src/components/home/HomeOpenEventsChip.tsx
    ./src/app/(public)/layout.tsx

  #4 [Client Component Browser]:
    ./src/lib/prisma.ts [Client Component Browser]
    ./src/lib/open-events.ts [Client Component Browser]
    ./src/components/home/OpenEventsFloatingChip.tsx [Client Component Browser]
    ./src/components/home/OpenEventsFloatingChip.tsx [Server Component]
    ./src/components/home/HomeOpenEventsChip.tsx [Server Component]
    ./src/app/(public)/layout.tsx [Server Component]

  #5 [Client Component SSR]:
    ./src/lib/prisma.ts [Client Component SSR]
    ./src/lib/open-events.ts [Client Component SSR]
    ./src/components/home/OpenEventsFloatingChip.tsx [Client Component SSR]
    ./src/components/home/OpenEventsFloatingChip.tsx [Server Component]
    ./src/components/home/HomeOpenEventsChip.tsx [Server Component]
    ./src/app/(public)/layout.tsx [Server Component] @ http://localhost:3000/_next/static/chunks/node_modules_next_dist_1gdrd03._.js:1945
[   19880ms] [ERROR] ./src/lib/prisma.ts
Code generation for chunk item errored
An error occurred while generating the chunk item [project]/src/lib/prisma.ts [app-client] (ecmascript) <locals>

Caused by:
- the chunking context (unknown) does not support external modules (request: node:dns)

Debug info:
- An error occurred while generating the chunk item [project]/src/lib/prisma.ts [app-client] (ecmascript) <locals>
- Execution of <EcmascriptModuleLocalsModule as EcmascriptChunkPlaceable>::chunk_item_content failed
- Execution of *EcmascriptChunkItemContent::new failed
- Execution of EcmascriptModuleContent::new failed
- the chunking context (unknown) does not support external modules (request: node:dns)

Import traces:
  #1 [Server Component]:
    ./src/lib/prisma.ts
    ./src/auth.ts
    ./src/app/layout.tsx

  #2 [Server Component]:
    ./src/lib/prisma.ts
    ./src/lib/appreciation.ts
    ./src/components/home/HomeAppreciationSnippet.tsx
    ./src/app/(public)/page.tsx

  #3 [Server Component]:
    ./src/lib/prisma.ts
    ./src/lib/open-events.ts
    ./src/components/home/HomeOpenEventsChip.tsx
    ./src/app/(public)/layout.tsx

  #4 [Client Component Browser]:
    ./src/lib/prisma.ts [Client Component Browser]
    ./src/lib/open-events.ts [Client Component Browser]
    ./src/components/home/OpenEventsFloatingChip.tsx [Client Component Browser]
    ./src/components/home/OpenEventsFloatingChip.tsx [Server Component]
    ./src/components/home/HomeOpenEventsChip.tsx [Server Component]
    ./src/app/(public)/layout.tsx [Server Component]

  #5 [Client Component SSR]:
    ./src/lib/prisma.ts [Client Component SSR]
    ./src/lib/open-events.ts [Client Component SSR]
    ./src/components/home/OpenEventsFloatingChip.tsx [Client Component SSR]
    ./src/components/home/OpenEventsFloatingChip.tsx [Server Component]
    ./src/components/home/HomeOpenEventsChip.tsx [Server Component]
    ./src/app/(public)/layout.tsx [Server Component] @ http://localhost:3000/_next/static/chunks/node_modules_next_dist_1gdrd03._.js:1945
[   19941ms] [ERROR] ./src/lib/prisma.ts
Code generation for chunk item errored
An error occurred while generating the chunk item [project]/src/lib/prisma.ts [app-client] (ecmascript) <locals>

Caused by:
- the chunking context (unknown) does not support external modules (request: node:dns)

Debug info:
- An error occurred while generating the chunk item [project]/src/lib/prisma.ts [app-client] (ecmascript) <locals>
- Execution of <EcmascriptModuleLocalsModule as EcmascriptChunkPlaceable>::chunk_item_content failed
- Execution of *EcmascriptChunkItemContent::new failed
- Execution of EcmascriptModuleContent::new failed
- the chunking context (unknown) does not support external modules (request: node:dns)

Import traces:
  #1 [Server Component]:
    ./src/lib/prisma.ts
    ./src/auth.ts
    ./src/app/layout.tsx

  #2 [Server Component]:
    ./src/lib/prisma.ts
    ./src/lib/appreciation.ts
    ./src/components/home/HomeAppreciationSnippet.tsx
    ./src/app/(public)/page.tsx

  #3 [Server Component]:
    ./src/lib/prisma.ts
    ./src/lib/open-events.ts
    ./src/components/home/HomeOpenEventsChip.tsx
    ./src/app/(public)/layout.tsx

  #4 [Client Component Browser]:
    ./src/lib/prisma.ts [Client Component Browser]
    ./src/lib/open-events.ts [Client Component Browser]
    ./src/components/home/OpenEventsFloatingChip.tsx [Client Component Browser]
    ./src/components/home/OpenEventsFloatingChip.tsx [Server Component]
    ./src/components/home/HomeOpenEventsChip.tsx [Server Component]
    ./src/app/(public)/layout.tsx [Server Component]

  #5 [Client Component SSR]:
    ./src/lib/prisma.ts [Client Component SSR]
    ./src/lib/open-events.ts [Client Component SSR]
    ./src/components/home/OpenEventsFloatingChip.tsx [Client Component SSR]
    ./src/components/home/OpenEventsFloatingChip.tsx [Server Component]
    ./src/components/home/HomeOpenEventsChip.tsx [Server Component]
    ./src/app/(public)/layout.tsx [Server Component] @ http://localhost:3000/_next/static/chunks/node_modules_next_dist_1gdrd03._.js:1945
[   20001ms] [ERROR] ./src/lib/prisma.ts
Code generation for chunk item errored
An error occurred while generating the chunk item [project]/src/lib/prisma.ts [app-client] (ecmascript) <locals>

Caused by:
- the chunking context (unknown) does not support external modules (request: node:dns)

Debug info:
- An error occurred while generating the chunk item [project]/src/lib/prisma.ts [app-client] (ecmascript) <locals>
- Execution of <EcmascriptModuleLocalsModule as EcmascriptChunkPlaceable>::chunk_item_content failed
- Execution of *EcmascriptChunkItemContent::new failed
- Execution of EcmascriptModuleContent::new failed
- the chunking context (unknown) does not support external modules (request: node:dns)

Import traces:
  #1 [Server Component]:
    ./src/lib/prisma.ts
    ./src/auth.ts
    ./src/app/layout.tsx

  #2 [Server Component]:
    ./src/lib/prisma.ts
    ./src/lib/appreciation.ts
    ./src/components/home/HomeAppreciationSnippet.tsx
    ./src/app/(public)/page.tsx

  #3 [Server Component]:
    ./src/lib/prisma.ts
    ./src/lib/open-events.ts
    ./src/components/home/HomeOpenEventsChip.tsx
    ./src/app/(public)/layout.tsx

  #4 [Client Component Browser]:
    ./src/lib/prisma.ts [Client Component Browser]
    ./src/lib/open-events.ts [Client Component Browser]
    ./src/components/home/OpenEventsFloatingChip.tsx [Client Component Browser]
    ./src/components/home/OpenEventsFloatingChip.tsx [Server Component]
    ./src/components/home/HomeOpenEventsChip.tsx [Server Component]
    ./src/app/(public)/layout.tsx [Server Component]

  #5 [Client Component SSR]:
    ./src/lib/prisma.ts [Client Component SSR]
    ./src/lib/open-events.ts [Client Component SSR]
    ./src/components/home/OpenEventsFloatingChip.tsx [Client Component SSR]
    ./src/components/home/OpenEventsFloatingChip.tsx [Server Component]
    ./src/components/home/HomeOpenEventsChip.tsx [Server Component]
    ./src/app/(public)/layout.tsx [Server Component] @ http://localhost:3000/_next/static/chunks/node_modules_next_dist_1gdrd03._.js:1945
[   20064ms] [ERROR] ./src/lib/prisma.ts
Code generation for chunk item errored
An error occurred while generating the chunk item [project]/src/lib/prisma.ts [app-client] (ecmascript) <locals>

Caused by:
- the chunking context (unknown) does not support external modules (request: node:dns)

Debug info:
- An error occurred while generating the chunk item [project]/src/lib/prisma.ts [app-client] (ecmascript) <locals>
- Execution of <EcmascriptModuleLocalsModule as EcmascriptChunkPlaceable>::chunk_item_content failed
- Execution of *EcmascriptChunkItemContent::new failed
- Execution of EcmascriptModuleContent::new failed
- the chunking context (unknown) does not support external modules (request: node:dns)

Import traces:
  #1 [Server Component]:
    ./src/lib/prisma.ts
    ./src/auth.ts
    ./src/app/layout.tsx

  #2 [Server Component]:
    ./src/lib/prisma.ts
    ./src/lib/appreciation.ts
    ./src/components/home/HomeAppreciationSnippet.tsx
    ./src/app/(public)/page.tsx

  #3 [Server Component]:
    ./src/lib/prisma.ts
    ./src/lib/open-events.ts
    ./src/components/home/HomeOpenEventsChip.tsx
    ./src/app/(public)/layout.tsx

  #4 [Client Component Browser]:
    ./src/lib/prisma.ts [Client Component Browser]
    ./src/lib/open-events.ts [Client Component Browser]
    ./src/components/home/OpenEventsFloatingChip.tsx [Client Component Browser]
    ./src/components/home/OpenEventsFloatingChip.tsx [Server Component]
    ./src/components/home/HomeOpenEventsChip.tsx [Server Component]
    ./src/app/(public)/layout.tsx [Server Component]

  #5 [Client Component SSR]:
    ./src/lib/prisma.ts [Client Component SSR]
    ./src/lib/open-events.ts [Client Component SSR]
    ./src/components/home/OpenEventsFloatingChip.tsx [Client Component SSR]
    ./src/components/home/OpenEventsFloatingChip.tsx [Server Component]
    ./src/components/home/HomeOpenEventsChip.tsx [Server Component]
    ./src/app/(public)/layout.tsx [Server Component] @ http://localhost:3000/_next/static/chunks/node_modules_next_dist_1gdrd03._.js:1945
[   20125ms] [ERROR] ./src/lib/prisma.ts
Code generation for chunk item errored
An error occurred while generating the chunk item [project]/src/lib/prisma.ts [app-client] (ecmascript) <locals>

Caused by:
- the chunking context (unknown) does not support external modules (request: node:dns)

Debug info:
- An error occurred while generating the chunk item [project]/src/lib/prisma.ts [app-client] (ecmascript) <locals>
- Execution of <EcmascriptModuleLocalsModule as EcmascriptChunkPlaceable>::chunk_item_content failed
- Execution of *EcmascriptChunkItemContent::new failed
- Execution of EcmascriptModuleContent::new failed
- the chunking context (unknown) does not support external modules (request: node:dns)

Import traces:
  #1 [Server Component]:
    ./src/lib/prisma.ts
    ./src/auth.ts
    ./src/app/layout.tsx

  #2 [Server Component]:
    ./src/lib/prisma.ts
    ./src/lib/appreciation.ts
    ./src/components/home/HomeAppreciationSnippet.tsx
    ./src/app/(public)/page.tsx

  #3 [Server Component]:
    ./src/lib/prisma.ts
    ./src/lib/open-events.ts
    ./src/components/home/HomeOpenEventsChip.tsx
    ./src/app/(public)/layout.tsx

  #4 [Client Component Browser]:
    ./src/lib/prisma.ts [Client Component Browser]
    ./src/lib/open-events.ts [Client Component Browser]
    ./src/components/home/OpenEventsFloatingChip.tsx [Client Component Browser]
    ./src/components/home/OpenEventsFloatingChip.tsx [Server Component]
    ./src/components/home/HomeOpenEventsChip.tsx [Server Component]
    ./src/app/(public)/layout.tsx [Server Component]

  #5 [Client Component SSR]:
    ./src/lib/prisma.ts [Client Component SSR]
    ./src/lib/open-events.ts [Client Component SSR]
    ./src/components/home/OpenEventsFloatingChip.tsx [Client Component SSR]
    ./src/components/home/OpenEventsFloatingChip.tsx [Server Component]
    ./src/components/home/HomeOpenEventsChip.tsx [Server Component]
    ./src/app/(public)/layout.tsx [Server Component] @ http://localhost:3000/_next/static/chunks/node_modules_next_dist_1gdrd03._.js:1945
[   20188ms] [ERROR] ./src/lib/prisma.ts
Code generation for chunk item errored
An error occurred while generating the chunk item [project]/src/lib/prisma.ts [app-client] (ecmascript) <locals>

Caused by:
- the chunking context (unknown) does not support external modules (request: node:dns)

Debug info:
- An error occurred while generating the chunk item [project]/src/lib/prisma.ts [app-client] (ecmascript) <locals>
- Execution of <EcmascriptModuleLocalsModule as EcmascriptChunkPlaceable>::chunk_item_content failed
- Execution of *EcmascriptChunkItemContent::new failed
- Execution of EcmascriptModuleContent::new failed
- the chunking context (unknown) does not support external modules (request: node:dns)

Import traces:
  #1 [Server Component]:
    ./src/lib/prisma.ts
    ./src/auth.ts
    ./src/app/layout.tsx

  #2 [Server Component]:
    ./src/lib/prisma.ts
    ./src/lib/appreciation.ts
    ./src/components/home/HomeAppreciationSnippet.tsx
    ./src/app/(public)/page.tsx

  #3 [Server Component]:
    ./src/lib/prisma.ts
    ./src/lib/open-events.ts
    ./src/components/home/HomeOpenEventsChip.tsx
    ./src/app/(public)/layout.tsx

  #4 [Client Component Browser]:
    ./src/lib/prisma.ts [Client Component Browser]
    ./src/lib/open-events.ts [Client Component Browser]
    ./src/components/home/OpenEventsFloatingChip.tsx [Client Component Browser]
    ./src/components/home/OpenEventsFloatingChip.tsx [Server Component]
    ./src/components/home/HomeOpenEventsChip.tsx [Server Component]
    ./src/app/(public)/layout.tsx [Server Component]

  #5 [Client Component SSR]:
    ./src/lib/prisma.ts [Client Component SSR]
    ./src/lib/open-events.ts [Client Component SSR]
    ./src/components/home/OpenEventsFloatingChip.tsx [Client Component SSR]
    ./src/components/home/OpenEventsFloatingChip.tsx [Server Component]
    ./src/components/home/HomeOpenEventsChip.tsx [Server Component]
    ./src/app/(public)/layout.tsx [Server Component] @ http://localhost:3000/_next/static/chunks/node_modules_next_dist_1gdrd03._.js:1945
[   20250ms] [ERROR] ./src/lib/prisma.ts
Code generation for chunk item errored
An error occurred while generating the chunk item [project]/src/lib/prisma.ts [app-client] (ecmascript) <locals>

Caused by:
- the chunking context (unknown) does not support external modules (request: node:dns)

Debug info:
- An error occurred while generating the chunk item [project]/src/lib/prisma.ts [app-client] (ecmascript) <locals>
- Execution of <EcmascriptModuleLocalsModule as EcmascriptChunkPlaceable>::chunk_item_content failed
- Execution of *EcmascriptChunkItemContent::new failed
- Execution of EcmascriptModuleContent::new failed
- the chunking context (unknown) does not support external modules (request: node:dns)

Import traces:
  #1 [Server Component]:
    ./src/lib/prisma.ts
    ./src/auth.ts
    ./src/app/layout.tsx

  #2 [Server Component]:
    ./src/lib/prisma.ts
    ./src/lib/appreciation.ts
    ./src/components/home/HomeAppreciationSnippet.tsx
    ./src/app/(public)/page.tsx

  #3 [Server Component]:
    ./src/lib/prisma.ts
    ./src/lib/open-events.ts
    ./src/components/home/HomeOpenEventsChip.tsx
    ./src/app/(public)/layout.tsx

  #4 [Client Component Browser]:
    ./src/lib/prisma.ts [Client Component Browser]
    ./src/lib/open-events.ts [Client Component Browser]
    ./src/components/home/OpenEventsFloatingChip.tsx [Client Component Browser]
    ./src/components/home/OpenEventsFloatingChip.tsx [Server Component]
    ./src/components/home/HomeOpenEventsChip.tsx [Server Component]
    ./src/app/(public)/layout.tsx [Server Component]

  #5 [Client Component SSR]:
    ./src/lib/prisma.ts [Client Component SSR]
    ./src/lib/open-events.ts [Client Component SSR]
    ./src/components/home/OpenEventsFloatingChip.tsx [Client Component SSR]
    ./src/components/home/OpenEventsFloatingChip.tsx [Server Component]
    ./src/components/home/HomeOpenEventsChip.tsx [Server Component]
    ./src/app/(public)/layout.tsx [Server Component] @ http://localhost:3000/_next/static/chunks/node_modules_next_dist_1gdrd03._.js:1945
[   20311ms] [ERROR] ./src/lib/prisma.ts
Code generation for chunk item errored
An error occurred while generating the chunk item [project]/src/lib/prisma.ts [app-client] (ecmascript) <locals>

Caused by:
- the chunking context (unknown) does not support external modules (request: node:dns)

Debug info:
- An error occurred while generating the chunk item [project]/src/lib/prisma.ts [app-client] (ecmascript) <locals>
- Execution of <EcmascriptModuleLocalsModule as EcmascriptChunkPlaceable>::chunk_item_content failed
- Execution of *EcmascriptChunkItemContent::new failed
- Execution of EcmascriptModuleContent::new failed
- the chunking context (unknown) does not support external modules (request: node:dns)

Import traces:
  #1 [Server Component]:
    ./src/lib/prisma.ts
    ./src/auth.ts
    ./src/app/layout.tsx

  #2 [Server Component]:
    ./src/lib/prisma.ts
    ./src/lib/appreciation.ts
    ./src/components/home/HomeAppreciationSnippet.tsx
    ./src/app/(public)/page.tsx

  #3 [Server Component]:
    ./src/lib/prisma.ts
    ./src/lib/open-events.ts
    ./src/components/home/HomeOpenEventsChip.tsx
    ./src/app/(public)/layout.tsx

  #4 [Client Component Browser]:
    ./src/lib/prisma.ts [Client Component Browser]
    ./src/lib/open-events.ts [Client Component Browser]
    ./src/components/home/OpenEventsFloatingChip.tsx [Client Component Browser]
    ./src/components/home/OpenEventsFloatingChip.tsx [Server Component]
    ./src/components/home/HomeOpenEventsChip.tsx [Server Component]
    ./src/app/(public)/layout.tsx [Server Component]

  #5 [Client Component SSR]:
    ./src/lib/prisma.ts [Client Component SSR]
    ./src/lib/open-events.ts [Client Component SSR]
    ./src/components/home/OpenEventsFloatingChip.tsx [Client Component SSR]
    ./src/components/home/OpenEventsFloatingChip.tsx [Server Component]
    ./src/components/home/HomeOpenEventsChip.tsx [Server Component]
    ./src/app/(public)/layout.tsx [Server Component] @ http://localhost:3000/_next/static/chunks/node_modules_next_dist_1gdrd03._.js:1945
[   20376ms] [ERROR] ./src/lib/prisma.ts
Code generation for chunk item errored
An error occurred while generating the chunk item [project]/src/lib/prisma.ts [app-client] (ecmascript) <locals>

Caused by:
- the chunking context (unknown) does not support external modules (request: node:dns)

Debug info:
- An error occurred while generating the chunk item [project]/src/lib/prisma.ts [app-client] (ecmascript) <locals>
- Execution of <EcmascriptModuleLocalsModule as EcmascriptChunkPlaceable>::chunk_item_content failed
- Execution of *EcmascriptChunkItemContent::new failed
- Execution of EcmascriptModuleContent::new failed
- the chunking context (unknown) does not support external modules (request: node:dns)

Import traces:
  #1 [Server Component]:
    ./src/lib/prisma.ts
    ./src/auth.ts
    ./src/app/layout.tsx

  #2 [Server Component]:
    ./src/lib/prisma.ts
    ./src/lib/appreciation.ts
    ./src/components/home/HomeAppreciationSnippet.tsx
    ./src/app/(public)/page.tsx

  #3 [Server Component]:
    ./src/lib/prisma.ts
    ./src/lib/open-events.ts
    ./src/components/home/HomeOpenEventsChip.tsx
    ./src/app/(public)/layout.tsx

  #4 [Client Component Browser]:
    ./src/lib/prisma.ts [Client Component Browser]
    ./src/lib/open-events.ts [Client Component Browser]
    ./src/components/home/OpenEventsFloatingChip.tsx [Client Component Browser]
    ./src/components/home/OpenEventsFloatingChip.tsx [Server Component]
    ./src/components/home/HomeOpenEventsChip.tsx [Server Component]
    ./src/app/(public)/layout.tsx [Server Component]

  #5 [Client Component SSR]:
    ./src/lib/prisma.ts [Client Component SSR]
    ./src/lib/open-events.ts [Client Component SSR]
    ./src/components/home/OpenEventsFloatingChip.tsx [Client Component SSR]
    ./src/components/home/OpenEventsFloatingChip.tsx [Server Component]
    ./src/components/home/HomeOpenEventsChip.tsx [Server Component]
    ./src/app/(public)/layout.tsx [Server Component] @ http://localhost:3000/_next/static/chunks/node_modules_next_dist_1gdrd03._.js:1945
[   20439ms] [ERROR] ./src/lib/prisma.ts
Code generation for chunk item errored
An error occurred while generating the chunk item [project]/src/lib/prisma.ts [app-client] (ecmascript) <locals>

Caused by:
- the chunking context (unknown) does not support external modules (request: node:dns)

Debug info:
- An error occurred while generating the chunk item [project]/src/lib/prisma.ts [app-client] (ecmascript) <locals>
- Execution of <EcmascriptModuleLocalsModule as EcmascriptChunkPlaceable>::chunk_item_content failed
- Execution of *EcmascriptChunkItemContent::new failed
- Execution of EcmascriptModuleContent::new failed
- the chunking context (unknown) does not support external modules (request: node:dns)

Import traces:
  #1 [Server Component]:
    ./src/lib/prisma.ts
    ./src/auth.ts
    ./src/app/layout.tsx

  #2 [Server Component]:
    ./src/lib/prisma.ts
    ./src/lib/appreciation.ts
    ./src/components/home/HomeAppreciationSnippet.tsx
    ./src/app/(public)/page.tsx

  #3 [Server Component]:
    ./src/lib/prisma.ts
    ./src/lib/open-events.ts
    ./src/components/home/HomeOpenEventsChip.tsx
    ./src/app/(public)/layout.tsx

  #4 [Client Component Browser]:
    ./src/lib/prisma.ts [Client Component Browser]
    ./src/lib/open-events.ts [Client Component Browser]
    ./src/components/home/OpenEventsFloatingChip.tsx [Client Component Browser]
    ./src/components/home/OpenEventsFloatingChip.tsx [Server Component]
    ./src/components/home/HomeOpenEventsChip.tsx [Server Component]
    ./src/app/(public)/layout.tsx [Server Component]

  #5 [Client Component SSR]:
    ./src/lib/prisma.ts [Client Component SSR]
    ./src/lib/open-events.ts [Client Component SSR]
    ./src/components/home/OpenEventsFloatingChip.tsx [Client Component SSR]
    ./src/components/home/OpenEventsFloatingChip.tsx [Server Component]
    ./src/components/home/HomeOpenEventsChip.tsx [Server Component]
    ./src/app/(public)/layout.tsx [Server Component] @ http://localhost:3000/_next/static/chunks/node_modules_next_dist_1gdrd03._.js:1945
[   20501ms] [ERROR] ./src/lib/prisma.ts
Code generation for chunk item errored
An error occurred while generating the chunk item [project]/src/lib/prisma.ts [app-client] (ecmascript) <locals>

Caused by:
- the chunking context (unknown) does not support external modules (request: node:dns)

Debug info:
- An error occurred while generating the chunk item [project]/src/lib/prisma.ts [app-client] (ecmascript) <locals>
- Execution of <EcmascriptModuleLocalsModule as EcmascriptChunkPlaceable>::chunk_item_content failed
- Execution of *EcmascriptChunkItemContent::new failed
- Execution of EcmascriptModuleContent::new failed
- the chunking context (unknown) does not support external modules (request: node:dns)

Import traces:
  #1 [Server Component]:
    ./src/lib/prisma.ts
    ./src/auth.ts
    ./src/app/layout.tsx

  #2 [Server Component]:
    ./src/lib/prisma.ts
    ./src/lib/appreciation.ts
    ./src/components/home/HomeAppreciationSnippet.tsx
    ./src/app/(public)/page.tsx

  #3 [Server Component]:
    ./src/lib/prisma.ts
    ./src/lib/open-events.ts
    ./src/components/home/HomeOpenEventsChip.tsx
    ./src/app/(public)/layout.tsx

  #4 [Client Component Browser]:
    ./src/lib/prisma.ts [Client Component Browser]
    ./src/lib/open-events.ts [Client Component Browser]
    ./src/components/home/OpenEventsFloatingChip.tsx [Client Component Browser]
    ./src/components/home/OpenEventsFloatingChip.tsx [Server Component]
    ./src/components/home/HomeOpenEventsChip.tsx [Server Component]
    ./src/app/(public)/layout.tsx [Server Component]

  #5 [Client Component SSR]:
    ./src/lib/prisma.ts [Client Component SSR]
    ./src/lib/open-events.ts [Client Component SSR]
    ./src/components/home/OpenEventsFloatingChip.tsx [Client Component SSR]
    ./src/components/home/OpenEventsFloatingChip.tsx [Server Component]
    ./src/components/home/HomeOpenEventsChip.tsx [Server Component]
    ./src/app/(public)/layout.tsx [Server Component] @ http://localhost:3000/_next/static/chunks/node_modules_next_dist_1gdrd03._.js:1945
[   20563ms] [ERROR] ./src/lib/prisma.ts
Code generation for chunk item errored
An error occurred while generating the chunk item [project]/src/lib/prisma.ts [app-client] (ecmascript) <locals>

Caused by:
- the chunking context (unknown) does not support external modules (request: node:dns)

Debug info:
- An error occurred while generating the chunk item [project]/src/lib/prisma.ts [app-client] (ecmascript) <locals>
- Execution of <EcmascriptModuleLocalsModule as EcmascriptChunkPlaceable>::chunk_item_content failed
- Execution of *EcmascriptChunkItemContent::new failed
- Execution of EcmascriptModuleContent::new failed
- the chunking context (unknown) does not support external modules (request: node:dns)

Import traces:
  #1 [Server Component]:
    ./src/lib/prisma.ts
    ./src/auth.ts
    ./src/app/layout.tsx

  #2 [Server Component]:
    ./src/lib/prisma.ts
    ./src/lib/appreciation.ts
    ./src/components/home/HomeAppreciationSnippet.tsx
    ./src/app/(public)/page.tsx

  #3 [Server Component]:
    ./src/lib/prisma.ts
    ./src/lib/open-events.ts
    ./src/components/home/HomeOpenEventsChip.tsx
    ./src/app/(public)/layout.tsx

  #4 [Client Component Browser]:
    ./src/lib/prisma.ts [Client Component Browser]
    ./src/lib/open-events.ts [Client Component Browser]
    ./src/components/home/OpenEventsFloatingChip.tsx [Client Component Browser]
    ./src/components/home/OpenEventsFloatingChip.tsx [Server Component]
    ./src/components/home/HomeOpenEventsChip.tsx [Server Component]
    ./src/app/(public)/layout.tsx [Server Component]

  #5 [Client Component SSR]:
    ./src/lib/prisma.ts [Client Component SSR]
    ./src/lib/open-events.ts [Client Component SSR]
    ./src/components/home/OpenEventsFloatingChip.tsx [Client Component SSR]
    ./src/components/home/OpenEventsFloatingChip.tsx [Server Component]
    ./src/components/home/HomeOpenEventsChip.tsx [Server Component]
    ./src/app/(public)/layout.tsx [Server Component] @ http://localhost:3000/_next/static/chunks/node_modules_next_dist_1gdrd03._.js:1945
[   20625ms] [ERROR] ./src/lib/prisma.ts
Code generation for chunk item errored
An error occurred while generating the chunk item [project]/src/lib/prisma.ts [app-client] (ecmascript) <locals>

Caused by:
- the chunking context (unknown) does not support external modules (request: node:dns)

Debug info:
- An error occurred while generating the chunk item [project]/src/lib/prisma.ts [app-client] (ecmascript) <locals>
- Execution of <EcmascriptModuleLocalsModule as EcmascriptChunkPlaceable>::chunk_item_content failed
- Execution of *EcmascriptChunkItemContent::new failed
- Execution of EcmascriptModuleContent::new failed
- the chunking context (unknown) does not support external modules (request: node:dns)

Import traces:
  #1 [Server Component]:
    ./src/lib/prisma.ts
    ./src/auth.ts
    ./src/app/layout.tsx

  #2 [Server Component]:
    ./src/lib/prisma.ts
    ./src/lib/appreciation.ts
    ./src/components/home/HomeAppreciationSnippet.tsx
    ./src/app/(public)/page.tsx

  #3 [Server Component]:
    ./src/lib/prisma.ts
    ./src/lib/open-events.ts
    ./src/components/home/HomeOpenEventsChip.tsx
    ./src/app/(public)/layout.tsx

  #4 [Client Component Browser]:
    ./src/lib/prisma.ts [Client Component Browser]
    ./src/lib/open-events.ts [Client Component Browser]
    ./src/components/home/OpenEventsFloatingChip.tsx [Client Component Browser]
    ./src/components/home/OpenEventsFloatingChip.tsx [Server Component]
    ./src/components/home/HomeOpenEventsChip.tsx [Server Component]
    ./src/app/(public)/layout.tsx [Server Component]

  #5 [Client Component SSR]:
    ./src/lib/prisma.ts [Client Component SSR]
    ./src/lib/open-events.ts [Client Component SSR]
    ./src/components/home/OpenEventsFloatingChip.tsx [Client Component SSR]
    ./src/components/home/OpenEventsFloatingChip.tsx [Server Component]
    ./src/components/home/HomeOpenEventsChip.tsx [Server Component]
    ./src/app/(public)/layout.tsx [Server Component] @ http://localhost:3000/_next/static/chunks/node_modules_next_dist_1gdrd03._.js:1945
[   20687ms] [ERROR] ./src/lib/prisma.ts
Code generation for chunk item errored
An error occurred while generating the chunk item [project]/src/lib/prisma.ts [app-client] (ecmascript) <locals>

Caused by:
- the chunking context (unknown) does not support external modules (request: node:dns)

Debug info:
- An error occurred while generating the chunk item [project]/src/lib/prisma.ts [app-client] (ecmascript) <locals>
- Execution of <EcmascriptModuleLocalsModule as EcmascriptChunkPlaceable>::chunk_item_content failed
- Execution of *EcmascriptChunkItemContent::new failed
- Execution of EcmascriptModuleContent::new failed
- the chunking context (unknown) does not support external modules (request: node:dns)

Import traces:
  #1 [Server Component]:
    ./src/lib/prisma.ts
    ./src/auth.ts
    ./src/app/layout.tsx

  #2 [Server Component]:
    ./src/lib/prisma.ts
    ./src/lib/appreciation.ts
    ./src/components/home/HomeAppreciationSnippet.tsx
    ./src/app/(public)/page.tsx

  #3 [Server Component]:
    ./src/lib/prisma.ts
    ./src/lib/open-events.ts
    ./src/components/home/HomeOpenEventsChip.tsx
    ./src/app/(public)/layout.tsx

  #4 [Client Component Browser]:
    ./src/lib/prisma.ts [Client Component Browser]
    ./src/lib/open-events.ts [Client Component Browser]
    ./src/components/home/OpenEventsFloatingChip.tsx [Client Component Browser]
    ./src/components/home/OpenEventsFloatingChip.tsx [Server Component]
    ./src/components/home/HomeOpenEventsChip.tsx [Server Component]
    ./src/app/(public)/layout.tsx [Server Component]

  #5 [Client Component SSR]:
    ./src/lib/prisma.ts [Client Component SSR]
    ./src/lib/open-events.ts [Client Component SSR]
    ./src/components/home/OpenEventsFloatingChip.tsx [Client Component SSR]
    ./src/components/home/OpenEventsFloatingChip.tsx [Server Component]
    ./src/components/home/HomeOpenEventsChip.tsx [Server Component]
    ./src/app/(public)/layout.tsx [Server Component] @ http://localhost:3000/_next/static/chunks/node_modules_next_dist_1gdrd03._.js:1945
[   20751ms] [ERROR] ./src/lib/prisma.ts
Code generation for chunk item errored
An error occurred while generating the chunk item [project]/src/lib/prisma.ts [app-client] (ecmascript) <locals>

Caused by:
- the chunking context (unknown) does not support external modules (request: node:dns)

Debug info:
- An error occurred while generating the chunk item [project]/src/lib/prisma.ts [app-client] (ecmascript) <locals>
- Execution of <EcmascriptModuleLocalsModule as EcmascriptChunkPlaceable>::chunk_item_content failed
- Execution of *EcmascriptChunkItemContent::new failed
- Execution of EcmascriptModuleContent::new failed
- the chunking context (unknown) does not support external modules (request: node:dns)

Import traces:
  #1 [Server Component]:
    ./src/lib/prisma.ts
    ./src/auth.ts
    ./src/app/layout.tsx

  #2 [Server Component]:
    ./src/lib/prisma.ts
    ./src/lib/appreciation.ts
    ./src/components/home/HomeAppreciationSnippet.tsx
    ./src/app/(public)/page.tsx

  #3 [Server Component]:
    ./src/lib/prisma.ts
    ./src/lib/open-events.ts
    ./src/components/home/HomeOpenEventsChip.tsx
    ./src/app/(public)/layout.tsx

  #4 [Client Component Browser]:
    ./src/lib/prisma.ts [Client Component Browser]
    ./src/lib/open-events.ts [Client Component Browser]
    ./src/components/home/OpenEventsFloatingChip.tsx [Client Component Browser]
    ./src/components/home/OpenEventsFloatingChip.tsx [Server Component]
    ./src/components/home/HomeOpenEventsChip.tsx [Server Component]
    ./src/app/(public)/layout.tsx [Server Component]

  #5 [Client Component SSR]:
    ./src/lib/prisma.ts [Client Component SSR]
    ./src/lib/open-events.ts [Client Component SSR]
    ./src/components/home/OpenEventsFloatingChip.tsx [Client Component SSR]
    ./src/components/home/OpenEventsFloatingChip.tsx [Server Component]
    ./src/components/home/HomeOpenEventsChip.tsx [Server Component]
    ./src/app/(public)/layout.tsx [Server Component] @ http://localhost:3000/_next/static/chunks/node_modules_next_dist_1gdrd03._.js:1945
[   20814ms] [ERROR] ./src/lib/prisma.ts
Code generation for chunk item errored
An error occurred while generating the chunk item [project]/src/lib/prisma.ts [app-client] (ecmascript) <locals>

Caused by:
- the chunking context (unknown) does not support external modules (request: node:dns)

Debug info:
- An error occurred while generating the chunk item [project]/src/lib/prisma.ts [app-client] (ecmascript) <locals>
- Execution of <EcmascriptModuleLocalsModule as EcmascriptChunkPlaceable>::chunk_item_content failed
- Execution of *EcmascriptChunkItemContent::new failed
- Execution of EcmascriptModuleContent::new failed
- the chunking context (unknown) does not support external modules (request: node:dns)

Import traces:
  #1 [Server Component]:
    ./src/lib/prisma.ts
    ./src/auth.ts
    ./src/app/layout.tsx

  #2 [Server Component]:
    ./src/lib/prisma.ts
    ./src/lib/appreciation.ts
    ./src/components/home/HomeAppreciationSnippet.tsx
    ./src/app/(public)/page.tsx

  #3 [Server Component]:
    ./src/lib/prisma.ts
    ./src/lib/open-events.ts
    ./src/components/home/HomeOpenEventsChip.tsx
    ./src/app/(public)/layout.tsx

  #4 [Client Component Browser]:
    ./src/lib/prisma.ts [Client Component Browser]
    ./src/lib/open-events.ts [Client Component Browser]
    ./src/components/home/OpenEventsFloatingChip.tsx [Client Component Browser]
    ./src/components/home/OpenEventsFloatingChip.tsx [Server Component]
    ./src/components/home/HomeOpenEventsChip.tsx [Server Component]
    ./src/app/(public)/layout.tsx [Server Component]

  #5 [Client Component SSR]:
    ./src/lib/prisma.ts [Client Component SSR]
    ./src/lib/open-events.ts [Client Component SSR]
    ./src/components/home/OpenEventsFloatingChip.tsx [Client Component SSR]
    ./src/components/home/OpenEventsFloatingChip.tsx [Server Component]
    ./src/components/home/HomeOpenEventsChip.tsx [Server Component]
    ./src/app/(public)/layout.tsx [Server Component] @ http://localhost:3000/_next/static/chunks/node_modules_next_dist_1gdrd03._.js:1945
[   20877ms] [ERROR] ./src/lib/prisma.ts
Code generation for chunk item errored
An error occurred while generating the chunk item [project]/src/lib/prisma.ts [app-client] (ecmascript) <locals>

Caused by:
- the chunking context (unknown) does not support external modules (request: node:dns)

Debug info:
- An error occurred while generating the chunk item [project]/src/lib/prisma.ts [app-client] (ecmascript) <locals>
- Execution of <EcmascriptModuleLocalsModule as EcmascriptChunkPlaceable>::chunk_item_content failed
- Execution of *EcmascriptChunkItemContent::new failed
- Execution of EcmascriptModuleContent::new failed
- the chunking context (unknown) does not support external modules (request: node:dns)

Import traces:
  #1 [Server Component]:
    ./src/lib/prisma.ts
    ./src/auth.ts
    ./src/app/layout.tsx

  #2 [Server Component]:
    ./src/lib/prisma.ts
    ./src/lib/appreciation.ts
    ./src/components/home/HomeAppreciationSnippet.tsx
    ./src/app/(public)/page.tsx

  #3 [Server Component]:
    ./src/lib/prisma.ts
    ./src/lib/open-events.ts
    ./src/components/home/HomeOpenEventsChip.tsx
    ./src/app/(public)/layout.tsx

  #4 [Client Component Browser]:
    ./src/lib/prisma.ts [Client Component Browser]
    ./src/lib/open-events.ts [Client Component Browser]
    ./src/components/home/OpenEventsFloatingChip.tsx [Client Component Browser]
    ./src/components/home/OpenEventsFloatingChip.tsx [Server Component]
    ./src/components/home/HomeOpenEventsChip.tsx [Server Component]
    ./src/app/(public)/layout.tsx [Server Component]

  #5 [Client Component SSR]:
    ./src/lib/prisma.ts [Client Component SSR]
    ./src/lib/open-events.ts [Client Component SSR]
    ./src/components/home/OpenEventsFloatingChip.tsx [Client Component SSR]
    ./src/components/home/OpenEventsFloatingChip.tsx [Server Component]
    ./src/components/home/HomeOpenEventsChip.tsx [Server Component]
    ./src/app/(public)/layout.tsx [Server Component] @ http://localhost:3000/_next/static/chunks/node_modules_next_dist_1gdrd03._.js:1945
[   20942ms] [ERROR] ./src/lib/prisma.ts
Code generation for chunk item errored
An error occurred while generating the chunk item [project]/src/lib/prisma.ts [app-client] (ecmascript) <locals>

Caused by:
- the chunking context (unknown) does not support external modules (request: node:dns)

Debug info:
- An error occurred while generating the chunk item [project]/src/lib/prisma.ts [app-client] (ecmascript) <locals>
- Execution of <EcmascriptModuleLocalsModule as EcmascriptChunkPlaceable>::chunk_item_content failed
- Execution of *EcmascriptChunkItemContent::new failed
- Execution of EcmascriptModuleContent::new failed
- the chunking context (unknown) does not support external modules (request: node:dns)

Import traces:
  #1 [Server Component]:
    ./src/lib/prisma.ts
    ./src/auth.ts
    ./src/app/layout.tsx

  #2 [Server Component]:
    ./src/lib/prisma.ts
    ./src/lib/appreciation.ts
    ./src/components/home/HomeAppreciationSnippet.tsx
    ./src/app/(public)/page.tsx

  #3 [Server Component]:
    ./src/lib/prisma.ts
    ./src/lib/open-events.ts
    ./src/components/home/HomeOpenEventsChip.tsx
    ./src/app/(public)/layout.tsx

  #4 [Client Component Browser]:
    ./src/lib/prisma.ts [Client Component Browser]
    ./src/lib/open-events.ts [Client Component Browser]
    ./src/components/home/OpenEventsFloatingChip.tsx [Client Component Browser]
    ./src/components/home/OpenEventsFloatingChip.tsx [Server Component]
    ./src/components/home/HomeOpenEventsChip.tsx [Server Component]
    ./src/app/(public)/layout.tsx [Server Component]

  #5 [Client Component SSR]:
    ./src/lib/prisma.ts [Client Component SSR]
    ./src/lib/open-events.ts [Client Component SSR]
    ./src/components/home/OpenEventsFloatingChip.tsx [Client Component SSR]
    ./src/components/home/OpenEventsFloatingChip.tsx [Server Component]
    ./src/components/home/HomeOpenEventsChip.tsx [Server Component]
    ./src/app/(public)/layout.tsx [Server Component] @ http://localhost:3000/_next/static/chunks/node_modules_next_dist_1gdrd03._.js:1945
[   21003ms] [ERROR] ./src/lib/prisma.ts
Code generation for chunk item errored
An error occurred while generating the chunk item [project]/src/lib/prisma.ts [app-client] (ecmascript) <locals>

Caused by:
- the chunking context (unknown) does not support external modules (request: node:dns)

Debug info:
- An error occurred while generating the chunk item [project]/src/lib/prisma.ts [app-client] (ecmascript) <locals>
- Execution of <EcmascriptModuleLocalsModule as EcmascriptChunkPlaceable>::chunk_item_content failed
- Execution of *EcmascriptChunkItemContent::new failed
- Execution of EcmascriptModuleContent::new failed
- the chunking context (unknown) does not support external modules (request: node:dns)

Import traces:
  #1 [Server Component]:
    ./src/lib/prisma.ts
    ./src/auth.ts
    ./src/app/layout.tsx

  #2 [Server Component]:
    ./src/lib/prisma.ts
    ./src/lib/appreciation.ts
    ./src/components/home/HomeAppreciationSnippet.tsx
    ./src/app/(public)/page.tsx

  #3 [Server Component]:
    ./src/lib/prisma.ts
    ./src/lib/open-events.ts
    ./src/components/home/HomeOpenEventsChip.tsx
    ./src/app/(public)/layout.tsx

  #4 [Client Component Browser]:
    ./src/lib/prisma.ts [Client Component Browser]
    ./src/lib/open-events.ts [Client Component Browser]
    ./src/components/home/OpenEventsFloatingChip.tsx [Client Component Browser]
    ./src/components/home/OpenEventsFloatingChip.tsx [Server Component]
    ./src/components/home/HomeOpenEventsChip.tsx [Server Component]
    ./src/app/(public)/layout.tsx [Server Component]

  #5 [Client Component SSR]:
    ./src/lib/prisma.ts [Client Component SSR]
    ./src/lib/open-events.ts [Client Component SSR]
    ./src/components/home/OpenEventsFloatingChip.tsx [Client Component SSR]
    ./src/components/home/OpenEventsFloatingChip.tsx [Server Component]
    ./src/components/home/HomeOpenEventsChip.tsx [Server Component]
    ./src/app/(public)/layout.tsx [Server Component] @ http://localhost:3000/_next/static/chunks/node_modules_next_dist_1gdrd03._.js:1945
[   21066ms] [ERROR] ./src/lib/prisma.ts
Code generation for chunk item errored
An error occurred while generating the chunk item [project]/src/lib/prisma.ts [app-client] (ecmascript) <locals>

Caused by:
- the chunking context (unknown) does not support external modules (request: node:dns)

Debug info:
- An error occurred while generating the chunk item [project]/src/lib/prisma.ts [app-client] (ecmascript) <locals>
- Execution of <EcmascriptModuleLocalsModule as EcmascriptChunkPlaceable>::chunk_item_content failed
- Execution of *EcmascriptChunkItemContent::new failed
- Execution of EcmascriptModuleContent::new failed
- the chunking context (unknown) does not support external modules (request: node:dns)

Import traces:
  #1 [Server Component]:
    ./src/lib/prisma.ts
    ./src/auth.ts
    ./src/app/layout.tsx

  #2 [Server Component]:
    ./src/lib/prisma.ts
    ./src/lib/appreciation.ts
    ./src/components/home/HomeAppreciationSnippet.tsx
    ./src/app/(public)/page.tsx

  #3 [Server Component]:
    ./src/lib/prisma.ts
    ./src/lib/open-events.ts
    ./src/components/home/HomeOpenEventsChip.tsx
    ./src/app/(public)/layout.tsx

  #4 [Client Component Browser]:
    ./src/lib/prisma.ts [Client Component Browser]
    ./src/lib/open-events.ts [Client Component Browser]
    ./src/components/home/OpenEventsFloatingChip.tsx [Client Component Browser]
    ./src/components/home/OpenEventsFloatingChip.tsx [Server Component]
    ./src/components/home/HomeOpenEventsChip.tsx [Server Component]
    ./src/app/(public)/layout.tsx [Server Component]

  #5 [Client Component SSR]:
    ./src/lib/prisma.ts [Client Component SSR]
    ./src/lib/open-events.ts [Client Component SSR]
    ./src/components/home/OpenEventsFloatingChip.tsx [Client Component SSR]
    ./src/components/home/OpenEventsFloatingChip.tsx [Server Component]
    ./src/components/home/HomeOpenEventsChip.tsx [Server Component]
    ./src/app/(public)/layout.tsx [Server Component] @ http://localhost:3000/_next/static/chunks/node_modules_next_dist_1gdrd03._.js:1945
[   21128ms] [ERROR] ./src/lib/prisma.ts
Code generation for chunk item errored
An error occurred while generating the chunk item [project]/src/lib/prisma.ts [app-client] (ecmascript) <locals>

Caused by:
- the chunking context (unknown) does not support external modules (request: node:dns)

Debug info:
- An error occurred while generating the chunk item [project]/src/lib/prisma.ts [app-client] (ecmascript) <locals>
- Execution of <EcmascriptModuleLocalsModule as EcmascriptChunkPlaceable>::chunk_item_content failed
- Execution of *EcmascriptChunkItemContent::new failed
- Execution of EcmascriptModuleContent::new failed
- the chunking context (unknown) does not support external modules (request: node:dns)

Import traces:
  #1 [Server Component]:
    ./src/lib/prisma.ts
    ./src/auth.ts
    ./src/app/layout.tsx

  #2 [Server Component]:
    ./src/lib/prisma.ts
    ./src/lib/appreciation.ts
    ./src/components/home/HomeAppreciationSnippet.tsx
    ./src/app/(public)/page.tsx

  #3 [Server Component]:
    ./src/lib/prisma.ts
    ./src/lib/open-events.ts
    ./src/components/home/HomeOpenEventsChip.tsx
    ./src/app/(public)/layout.tsx

  #4 [Client Component Browser]:
    ./src/lib/prisma.ts [Client Component Browser]
    ./src/lib/open-events.ts [Client Component Browser]
    ./src/components/home/OpenEventsFloatingChip.tsx [Client Component Browser]
    ./src/components/home/OpenEventsFloatingChip.tsx [Server Component]
    ./src/components/home/HomeOpenEventsChip.tsx [Server Component]
    ./src/app/(public)/layout.tsx [Server Component]

  #5 [Client Component SSR]:
    ./src/lib/prisma.ts [Client Component SSR]
    ./src/lib/open-events.ts [Client Component SSR]
    ./src/components/home/OpenEventsFloatingChip.tsx [Client Component SSR]
    ./src/components/home/OpenEventsFloatingChip.tsx [Server Component]
    ./src/components/home/HomeOpenEventsChip.tsx [Server Component]
    ./src/app/(public)/layout.tsx [Server Component] @ http://localhost:3000/_next/static/chunks/node_modules_next_dist_1gdrd03._.js:1945
[   21191ms] [ERROR] ./src/lib/prisma.ts
Code generation for chunk item errored
An error occurred while generating the chunk item [project]/src/lib/prisma.ts [app-client] (ecmascript) <locals>

Caused by:
- the chunking context (unknown) does not support external modules (request: node:dns)

Debug info:
- An error occurred while generating the chunk item [project]/src/lib/prisma.ts [app-client] (ecmascript) <locals>
- Execution of <EcmascriptModuleLocalsModule as EcmascriptChunkPlaceable>::chunk_item_content failed
- Execution of *EcmascriptChunkItemContent::new failed
- Execution of EcmascriptModuleContent::new failed
- the chunking context (unknown) does not support external modules (request: node:dns)

Import traces:
  #1 [Server Component]:
    ./src/lib/prisma.ts
    ./src/auth.ts
    ./src/app/layout.tsx

  #2 [Server Component]:
    ./src/lib/prisma.ts
    ./src/lib/appreciation.ts
    ./src/components/home/HomeAppreciationSnippet.tsx
    ./src/app/(public)/page.tsx

  #3 [Server Component]:
    ./src/lib/prisma.ts
    ./src/lib/open-events.ts
    ./src/components/home/HomeOpenEventsChip.tsx
    ./src/app/(public)/layout.tsx

  #4 [Client Component Browser]:
    ./src/lib/prisma.ts [Client Component Browser]
    ./src/lib/open-events.ts [Client Component Browser]
    ./src/components/home/OpenEventsFloatingChip.tsx [Client Component Browser]
    ./src/components/home/OpenEventsFloatingChip.tsx [Server Component]
    ./src/components/home/HomeOpenEventsChip.tsx [Server Component]
    ./src/app/(public)/layout.tsx [Server Component]

  #5 [Client Component SSR]:
    ./src/lib/prisma.ts [Client Component SSR]
    ./src/lib/open-events.ts [Client Component SSR]
    ./src/components/home/OpenEventsFloatingChip.tsx [Client Component SSR]
    ./src/components/home/OpenEventsFloatingChip.tsx [Server Component]
    ./src/components/home/HomeOpenEventsChip.tsx [Server Component]
    ./src/app/(public)/layout.tsx [Server Component] @ http://localhost:3000/_next/static/chunks/node_modules_next_dist_1gdrd03._.js:1945
[   21252ms] [ERROR] ./src/lib/prisma.ts
Code generation for chunk item errored
An error occurred while generating the chunk item [project]/src/lib/prisma.ts [app-client] (ecmascript) <locals>

Caused by:
- the chunking context (unknown) does not support external modules (request: node:dns)

Debug info:
- An error occurred while generating the chunk item [project]/src/lib/prisma.ts [app-client] (ecmascript) <locals>
- Execution of <EcmascriptModuleLocalsModule as EcmascriptChunkPlaceable>::chunk_item_content failed
- Execution of *EcmascriptChunkItemContent::new failed
- Execution of EcmascriptModuleContent::new failed
- the chunking context (unknown) does not support external modules (request: node:dns)

Import traces:
  #1 [Server Component]:
    ./src/lib/prisma.ts
    ./src/auth.ts
    ./src/app/layout.tsx

  #2 [Server Component]:
    ./src/lib/prisma.ts
    ./src/lib/appreciation.ts
    ./src/components/home/HomeAppreciationSnippet.tsx
    ./src/app/(public)/page.tsx

  #3 [Server Component]:
    ./src/lib/prisma.ts
    ./src/lib/open-events.ts
    ./src/components/home/HomeOpenEventsChip.tsx
    ./src/app/(public)/layout.tsx

  #4 [Client Component Browser]:
    ./src/lib/prisma.ts [Client Component Browser]
    ./src/lib/open-events.ts [Client Component Browser]
    ./src/components/home/OpenEventsFloatingChip.tsx [Client Component Browser]
    ./src/components/home/OpenEventsFloatingChip.tsx [Server Component]
    ./src/components/home/HomeOpenEventsChip.tsx [Server Component]
    ./src/app/(public)/layout.tsx [Server Component]

  #5 [Client Component SSR]:
    ./src/lib/prisma.ts [Client Component SSR]
    ./src/lib/open-events.ts [Client Component SSR]
    ./src/components/home/OpenEventsFloatingChip.tsx [Client Component SSR]
    ./src/components/home/OpenEventsFloatingChip.tsx [Server Component]
    ./src/components/home/HomeOpenEventsChip.tsx [Server Component]
    ./src/app/(public)/layout.tsx [Server Component] @ http://localhost:3000/_next/static/chunks/node_modules_next_dist_1gdrd03._.js:1945
[   21314ms] [ERROR] ./src/lib/prisma.ts
Code generation for chunk item errored
An error occurred while generating the chunk item [project]/src/lib/prisma.ts [app-client] (ecmascript) <locals>

Caused by:
- the chunking context (unknown) does not support external modules (request: node:dns)

Debug info:
- An error occurred while generating the chunk item [project]/src/lib/prisma.ts [app-client] (ecmascript) <locals>
- Execution of <EcmascriptModuleLocalsModule as EcmascriptChunkPlaceable>::chunk_item_content failed
- Execution of *EcmascriptChunkItemContent::new failed
- Execution of EcmascriptModuleContent::new failed
- the chunking context (unknown) does not support external modules (request: node:dns)

Import traces:
  #1 [Server Component]:
    ./src/lib/prisma.ts
    ./src/auth.ts
    ./src/app/layout.tsx

  #2 [Server Component]:
    ./src/lib/prisma.ts
    ./src/lib/appreciation.ts
    ./src/components/home/HomeAppreciationSnippet.tsx
    ./src/app/(public)/page.tsx

  #3 [Server Component]:
    ./src/lib/prisma.ts
    ./src/lib/open-events.ts
    ./src/components/home/HomeOpenEventsChip.tsx
    ./src/app/(public)/layout.tsx

  #4 [Client Component Browser]:
    ./src/lib/prisma.ts [Client Component Browser]
    ./src/lib/open-events.ts [Client Component Browser]
    ./src/components/home/OpenEventsFloatingChip.tsx [Client Component Browser]
    ./src/components/home/OpenEventsFloatingChip.tsx [Server Component]
    ./src/components/home/HomeOpenEventsChip.tsx [Server Component]
    ./src/app/(public)/layout.tsx [Server Component]

  #5 [Client Component SSR]:
    ./src/lib/prisma.ts [Client Component SSR]
    ./src/lib/open-events.ts [Client Component SSR]
    ./src/components/home/OpenEventsFloatingChip.tsx [Client Component SSR]
    ./src/components/home/OpenEventsFloatingChip.tsx [Server Component]
    ./src/components/home/HomeOpenEventsChip.tsx [Server Component]
    ./src/app/(public)/layout.tsx [Server Component] @ http://localhost:3000/_next/static/chunks/node_modules_next_dist_1gdrd03._.js:1945
[   21377ms] [ERROR] ./src/lib/prisma.ts
Code generation for chunk item errored
An error occurred while generating the chunk item [project]/src/lib/prisma.ts [app-client] (ecmascript) <locals>

Caused by:
- the chunking context (unknown) does not support external modules (request: node:dns)

Debug info:
- An error occurred while generating the chunk item [project]/src/lib/prisma.ts [app-client] (ecmascript) <locals>
- Execution of <EcmascriptModuleLocalsModule as EcmascriptChunkPlaceable>::chunk_item_content failed
- Execution of *EcmascriptChunkItemContent::new failed
- Execution of EcmascriptModuleContent::new failed
- the chunking context (unknown) does not support external modules (request: node:dns)

Import traces:
  #1 [Server Component]:
    ./src/lib/prisma.ts
    ./src/auth.ts
    ./src/app/layout.tsx

  #2 [Server Component]:
    ./src/lib/prisma.ts
    ./src/lib/appreciation.ts
    ./src/components/home/HomeAppreciationSnippet.tsx
    ./src/app/(public)/page.tsx

  #3 [Server Component]:
    ./src/lib/prisma.ts
    ./src/lib/open-events.ts
    ./src/components/home/HomeOpenEventsChip.tsx
    ./src/app/(public)/layout.tsx

  #4 [Client Component Browser]:
    ./src/lib/prisma.ts [Client Component Browser]
    ./src/lib/open-events.ts [Client Component Browser]
    ./src/components/home/OpenEventsFloatingChip.tsx [Client Component Browser]
    ./src/components/home/OpenEventsFloatingChip.tsx [Server Component]
    ./src/components/home/HomeOpenEventsChip.tsx [Server Component]
    ./src/app/(public)/layout.tsx [Server Component]

  #5 [Client Component SSR]:
    ./src/lib/prisma.ts [Client Component SSR]
    ./src/lib/open-events.ts [Client Component SSR]
    ./src/components/home/OpenEventsFloatingChip.tsx [Client Component SSR]
    ./src/components/home/OpenEventsFloatingChip.tsx [Server Component]
    ./src/components/home/HomeOpenEventsChip.tsx [Server Component]
    ./src/app/(public)/layout.tsx [Server Component] @ http://localhost:3000/_next/static/chunks/node_modules_next_dist_1gdrd03._.js:1945
[   21440ms] [ERROR] ./src/lib/prisma.ts
Code generation for chunk item errored
An error occurred while generating the chunk item [project]/src/lib/prisma.ts [app-client] (ecmascript) <locals>

Caused by:
- the chunking context (unknown) does not support external modules (request: node:dns)

Debug info:
- An error occurred while generating the chunk item [project]/src/lib/prisma.ts [app-client] (ecmascript) <locals>
- Execution of <EcmascriptModuleLocalsModule as EcmascriptChunkPlaceable>::chunk_item_content failed
- Execution of *EcmascriptChunkItemContent::new failed
- Execution of EcmascriptModuleContent::new failed
- the chunking context (unknown) does not support external modules (request: node:dns)

Import traces:
  #1 [Server Component]:
    ./src/lib/prisma.ts
    ./src/auth.ts
    ./src/app/layout.tsx

  #2 [Server Component]:
    ./src/lib/prisma.ts
    ./src/lib/appreciation.ts
    ./src/components/home/HomeAppreciationSnippet.tsx
    ./src/app/(public)/page.tsx

  #3 [Server Component]:
    ./src/lib/prisma.ts
    ./src/lib/open-events.ts
    ./src/components/home/HomeOpenEventsChip.tsx
    ./src/app/(public)/layout.tsx

  #4 [Client Component Browser]:
    ./src/lib/prisma.ts [Client Component Browser]
    ./src/lib/open-events.ts [Client Component Browser]
    ./src/components/home/OpenEventsFloatingChip.tsx [Client Component Browser]
    ./src/components/home/OpenEventsFloatingChip.tsx [Server Component]
    ./src/components/home/HomeOpenEventsChip.tsx [Server Component]
    ./src/app/(public)/layout.tsx [Server Component]

  #5 [Client Component SSR]:
    ./src/lib/prisma.ts [Client Component SSR]
    ./src/lib/open-events.ts [Client Component SSR]
    ./src/components/home/OpenEventsFloatingChip.tsx [Client Component SSR]
    ./src/components/home/OpenEventsFloatingChip.tsx [Server Component]
    ./src/components/home/HomeOpenEventsChip.tsx [Server Component]
    ./src/app/(public)/layout.tsx [Server Component] @ http://localhost:3000/_next/static/chunks/node_modules_next_dist_1gdrd03._.js:1945
[   21502ms] [ERROR] ./src/lib/prisma.ts
Code generation for chunk item errored
An error occurred while generating the chunk item [project]/src/lib/prisma.ts [app-client] (ecmascript) <locals>

Caused by:
- the chunking context (unknown) does not support external modules (request: node:dns)

Debug info:
- An error occurred while generating the chunk item [project]/src/lib/prisma.ts [app-client] (ecmascript) <locals>
- Execution of <EcmascriptModuleLocalsModule as EcmascriptChunkPlaceable>::chunk_item_content failed
- Execution of *EcmascriptChunkItemContent::new failed
- Execution of EcmascriptModuleContent::new failed
- the chunking context (unknown) does not support external modules (request: node:dns)

Import traces:
  #1 [Server Component]:
    ./src/lib/prisma.ts
    ./src/auth.ts
    ./src/app/layout.tsx

  #2 [Server Component]:
    ./src/lib/prisma.ts
    ./src/lib/appreciation.ts
    ./src/components/home/HomeAppreciationSnippet.tsx
    ./src/app/(public)/page.tsx

  #3 [Server Component]:
    ./src/lib/prisma.ts
    ./src/lib/open-events.ts
    ./src/components/home/HomeOpenEventsChip.tsx
    ./src/app/(public)/layout.tsx

  #4 [Client Component Browser]:
    ./src/lib/prisma.ts [Client Component Browser]
    ./src/lib/open-events.ts [Client Component Browser]
    ./src/components/home/OpenEventsFloatingChip.tsx [Client Component Browser]
    ./src/components/home/OpenEventsFloatingChip.tsx [Server Component]
    ./src/components/home/HomeOpenEventsChip.tsx [Server Component]
    ./src/app/(public)/layout.tsx [Server Component]

  #5 [Client Component SSR]:
    ./src/lib/prisma.ts [Client Component SSR]
    ./src/lib/open-events.ts [Client Component SSR]
    ./src/components/home/OpenEventsFloatingChip.tsx [Client Component SSR]
    ./src/components/home/OpenEventsFloatingChip.tsx [Server Component]
    ./src/components/home/HomeOpenEventsChip.tsx [Server Component]
    ./src/app/(public)/layout.tsx [Server Component] @ http://localhost:3000/_next/static/chunks/node_modules_next_dist_1gdrd03._.js:1945
[   21565ms] [ERROR] ./src/lib/prisma.ts
Code generation for chunk item errored
An error occurred while generating the chunk item [project]/src/lib/prisma.ts [app-client] (ecmascript) <locals>

Caused by:
- the chunking context (unknown) does not support external modules (request: node:dns)

Debug info:
- An error occurred while generating the chunk item [project]/src/lib/prisma.ts [app-client] (ecmascript) <locals>
- Execution of <EcmascriptModuleLocalsModule as EcmascriptChunkPlaceable>::chunk_item_content failed
- Execution of *EcmascriptChunkItemContent::new failed
- Execution of EcmascriptModuleContent::new failed
- the chunking context (unknown) does not support external modules (request: node:dns)

Import traces:
  #1 [Server Component]:
    ./src/lib/prisma.ts
    ./src/auth.ts
    ./src/app/layout.tsx

  #2 [Server Component]:
    ./src/lib/prisma.ts
    ./src/lib/appreciation.ts
    ./src/components/home/HomeAppreciationSnippet.tsx
    ./src/app/(public)/page.tsx

  #3 [Server Component]:
    ./src/lib/prisma.ts
    ./src/lib/open-events.ts
    ./src/components/home/HomeOpenEventsChip.tsx
    ./src/app/(public)/layout.tsx

  #4 [Client Component Browser]:
    ./src/lib/prisma.ts [Client Component Browser]
    ./src/lib/open-events.ts [Client Component Browser]
    ./src/components/home/OpenEventsFloatingChip.tsx [Client Component Browser]
    ./src/components/home/OpenEventsFloatingChip.tsx [Server Component]
    ./src/components/home/HomeOpenEventsChip.tsx [Server Component]
    ./src/app/(public)/layout.tsx [Server Component]

  #5 [Client Component SSR]:
    ./src/lib/prisma.ts [Client Component SSR]
    ./src/lib/open-events.ts [Client Component SSR]
    ./src/components/home/OpenEventsFloatingChip.tsx [Client Component SSR]
    ./src/components/home/OpenEventsFloatingChip.tsx [Server Component]
    ./src/components/home/HomeOpenEventsChip.tsx [Server Component]
    ./src/app/(public)/layout.tsx [Server Component] @ http://localhost:3000/_next/static/chunks/node_modules_next_dist_1gdrd03._.js:1945
[   21627ms] [ERROR] ./src/lib/prisma.ts
Code generation for chunk item errored
An error occurred while generating the chunk item [project]/src/lib/prisma.ts [app-client] (ecmascript) <locals>

Caused by:
- the chunking context (unknown) does not support external modules (request: node:dns)

Debug info:
- An error occurred while generating the chunk item [project]/src/lib/prisma.ts [app-client] (ecmascript) <locals>
- Execution of <EcmascriptModuleLocalsModule as EcmascriptChunkPlaceable>::chunk_item_content failed
- Execution of *EcmascriptChunkItemContent::new failed
- Execution of EcmascriptModuleContent::new failed
- the chunking context (unknown) does not support external modules (request: node:dns)

Import traces:
  #1 [Server Component]:
    ./src/lib/prisma.ts
    ./src/auth.ts
    ./src/app/layout.tsx

  #2 [Server Component]:
    ./src/lib/prisma.ts
    ./src/lib/appreciation.ts
    ./src/components/home/HomeAppreciationSnippet.tsx
    ./src/app/(public)/page.tsx

  #3 [Server Component]:
    ./src/lib/prisma.ts
    ./src/lib/open-events.ts
    ./src/components/home/HomeOpenEventsChip.tsx
    ./src/app/(public)/layout.tsx

  #4 [Client Component Browser]:
    ./src/lib/prisma.ts [Client Component Browser]
    ./src/lib/open-events.ts [Client Component Browser]
    ./src/components/home/OpenEventsFloatingChip.tsx [Client Component Browser]
    ./src/components/home/OpenEventsFloatingChip.tsx [Server Component]
    ./src/components/home/HomeOpenEventsChip.tsx [Server Component]
    ./src/app/(public)/layout.tsx [Server Component]

  #5 [Client Component SSR]:
    ./src/lib/prisma.ts [Client Component SSR]
    ./src/lib/open-events.ts [Client Component SSR]
    ./src/components/home/OpenEventsFloatingChip.tsx [Client Component SSR]
    ./src/components/home/OpenEventsFloatingChip.tsx [Server Component]
    ./src/components/home/HomeOpenEventsChip.tsx [Server Component]
    ./src/app/(public)/layout.tsx [Server Component] @ http://localhost:3000/_next/static/chunks/node_modules_next_dist_1gdrd03._.js:1945
[   21691ms] [ERROR] ./src/lib/prisma.ts
Code generation for chunk item errored
An error occurred while generating the chunk item [project]/src/lib/prisma.ts [app-client] (ecmascript) <locals>

Caused by:
- the chunking context (unknown) does not support external modules (request: node:dns)

Debug info:
- An error occurred while generating the chunk item [project]/src/lib/prisma.ts [app-client] (ecmascript) <locals>
- Execution of <EcmascriptModuleLocalsModule as EcmascriptChunkPlaceable>::chunk_item_content failed
- Execution of *EcmascriptChunkItemContent::new failed
- Execution of EcmascriptModuleContent::new failed
- the chunking context (unknown) does not support external modules (request: node:dns)

Import traces:
  #1 [Server Component]:
    ./src/lib/prisma.ts
    ./src/auth.ts
    ./src/app/layout.tsx

  #2 [Server Component]:
    ./src/lib/prisma.ts
    ./src/lib/appreciation.ts
    ./src/components/home/HomeAppreciationSnippet.tsx
    ./src/app/(public)/page.tsx

  #3 [Server Component]:
    ./src/lib/prisma.ts
    ./src/lib/open-events.ts
    ./src/components/home/HomeOpenEventsChip.tsx
    ./src/app/(public)/layout.tsx

  #4 [Client Component Browser]:
    ./src/lib/prisma.ts [Client Component Browser]
    ./src/lib/open-events.ts [Client Component Browser]
    ./src/components/home/OpenEventsFloatingChip.tsx [Client Component Browser]
    ./src/components/home/OpenEventsFloatingChip.tsx [Server Component]
    ./src/components/home/HomeOpenEventsChip.tsx [Server Component]
    ./src/app/(public)/layout.tsx [Server Component]

  #5 [Client Component SSR]:
    ./src/lib/prisma.ts [Client Component SSR]
    ./src/lib/open-events.ts [Client Component SSR]
    ./src/components/home/OpenEventsFloatingChip.tsx [Client Component SSR]
    ./src/components/home/OpenEventsFloatingChip.tsx [Server Component]
    ./src/components/home/HomeOpenEventsChip.tsx [Server Component]
    ./src/app/(public)/layout.tsx [Server Component] @ http://localhost:3000/_next/static/chunks/node_modules_next_dist_1gdrd03._.js:1945
[   21753ms] [ERROR] ./src/lib/prisma.ts
Code generation for chunk item errored
An error occurred while generating the chunk item [project]/src/lib/prisma.ts [app-client] (ecmascript) <locals>

Caused by:
- the chunking context (unknown) does not support external modules (request: node:dns)

Debug info:
- An error occurred while generating the chunk item [project]/src/lib/prisma.ts [app-client] (ecmascript) <locals>
- Execution of <EcmascriptModuleLocalsModule as EcmascriptChunkPlaceable>::chunk_item_content failed
- Execution of *EcmascriptChunkItemContent::new failed
- Execution of EcmascriptModuleContent::new failed
- the chunking context (unknown) does not support external modules (request: node:dns)

Import traces:
  #1 [Server Component]:
    ./src/lib/prisma.ts
    ./src/auth.ts
    ./src/app/layout.tsx

  #2 [Server Component]:
    ./src/lib/prisma.ts
    ./src/lib/appreciation.ts
    ./src/components/home/HomeAppreciationSnippet.tsx
    ./src/app/(public)/page.tsx

  #3 [Server Component]:
    ./src/lib/prisma.ts
    ./src/lib/open-events.ts
    ./src/components/home/HomeOpenEventsChip.tsx
    ./src/app/(public)/layout.tsx

  #4 [Client Component Browser]:
    ./src/lib/prisma.ts [Client Component Browser]
    ./src/lib/open-events.ts [Client Component Browser]
    ./src/components/home/OpenEventsFloatingChip.tsx [Client Component Browser]
    ./src/components/home/OpenEventsFloatingChip.tsx [Server Component]
    ./src/components/home/HomeOpenEventsChip.tsx [Server Component]
    ./src/app/(public)/layout.tsx [Server Component]

  #5 [Client Component SSR]:
    ./src/lib/prisma.ts [Client Component SSR]
    ./src/lib/open-events.ts [Client Component SSR]
    ./src/components/home/OpenEventsFloatingChip.tsx [Client Component SSR]
    ./src/components/home/OpenEventsFloatingChip.tsx [Server Component]
    ./src/components/home/HomeOpenEventsChip.tsx [Server Component]
    ./src/app/(public)/layout.tsx [Server Component] @ http://localhost:3000/_next/static/chunks/node_modules_next_dist_1gdrd03._.js:1945
[   21815ms] [ERROR] ./src/lib/prisma.ts
Code generation for chunk item errored
An error occurred while generating the chunk item [project]/src/lib/prisma.ts [app-client] (ecmascript) <locals>

Caused by:
- the chunking context (unknown) does not support external modules (request: node:dns)

Debug info:
- An error occurred while generating the chunk item [project]/src/lib/prisma.ts [app-client] (ecmascript) <locals>
- Execution of <EcmascriptModuleLocalsModule as EcmascriptChunkPlaceable>::chunk_item_content failed
- Execution of *EcmascriptChunkItemContent::new failed
- Execution of EcmascriptModuleContent::new failed
- the chunking context (unknown) does not support external modules (request: node:dns)

Import traces:
  #1 [Server Component]:
    ./src/lib/prisma.ts
    ./src/auth.ts
    ./src/app/layout.tsx

  #2 [Server Component]:
    ./src/lib/prisma.ts
    ./src/lib/appreciation.ts
    ./src/components/home/HomeAppreciationSnippet.tsx
    ./src/app/(public)/page.tsx

  #3 [Server Component]:
    ./src/lib/prisma.ts
    ./src/lib/open-events.ts
    ./src/components/home/HomeOpenEventsChip.tsx
    ./src/app/(public)/layout.tsx

  #4 [Client Component Browser]:
    ./src/lib/prisma.ts [Client Component Browser]
    ./src/lib/open-events.ts [Client Component Browser]
    ./src/components/home/OpenEventsFloatingChip.tsx [Client Component Browser]
    ./src/components/home/OpenEventsFloatingChip.tsx [Server Component]
    ./src/components/home/HomeOpenEventsChip.tsx [Server Component]
    ./src/app/(public)/layout.tsx [Server Component]

  #5 [Client Component SSR]:
    ./src/lib/prisma.ts [Client Component SSR]
    ./src/lib/open-events.ts [Client Component SSR]
    ./src/components/home/OpenEventsFloatingChip.tsx [Client Component SSR]
    ./src/components/home/OpenEventsFloatingChip.tsx [Server Component]
    ./src/components/home/HomeOpenEventsChip.tsx [Server Component]
    ./src/app/(public)/layout.tsx [Server Component] @ http://localhost:3000/_next/static/chunks/node_modules_next_dist_1gdrd03._.js:1945
[   21877ms] [ERROR] ./src/lib/prisma.ts
Code generation for chunk item errored
An error occurred while generating the chunk item [project]/src/lib/prisma.ts [app-client] (ecmascript) <locals>

Caused by:
- the chunking context (unknown) does not support external modules (request: node:dns)

Debug info:
- An error occurred while generating the chunk item [project]/src/lib/prisma.ts [app-client] (ecmascript) <locals>
- Execution of <EcmascriptModuleLocalsModule as EcmascriptChunkPlaceable>::chunk_item_content failed
- Execution of *EcmascriptChunkItemContent::new failed
- Execution of EcmascriptModuleContent::new failed
- the chunking context (unknown) does not support external modules (request: node:dns)

Import traces:
  #1 [Server Component]:
    ./src/lib/prisma.ts
    ./src/auth.ts
    ./src/app/layout.tsx

  #2 [Server Component]:
    ./src/lib/prisma.ts
    ./src/lib/appreciation.ts
    ./src/components/home/HomeAppreciationSnippet.tsx
    ./src/app/(public)/page.tsx

  #3 [Server Component]:
    ./src/lib/prisma.ts
    ./src/lib/open-events.ts
    ./src/components/home/HomeOpenEventsChip.tsx
    ./src/app/(public)/layout.tsx

  #4 [Client Component Browser]:
    ./src/lib/prisma.ts [Client Component Browser]
    ./src/lib/open-events.ts [Client Component Browser]
    ./src/components/home/OpenEventsFloatingChip.tsx [Client Component Browser]
    ./src/components/home/OpenEventsFloatingChip.tsx [Server Component]
    ./src/components/home/HomeOpenEventsChip.tsx [Server Component]
    ./src/app/(public)/layout.tsx [Server Component]

  #5 [Client Component SSR]:
    ./src/lib/prisma.ts [Client Component SSR]
    ./src/lib/open-events.ts [Client Component SSR]
    ./src/components/home/OpenEventsFloatingChip.tsx [Client Component SSR]
    ./src/components/home/OpenEventsFloatingChip.tsx [Server Component]
    ./src/components/home/HomeOpenEventsChip.tsx [Server Component]
    ./src/app/(public)/layout.tsx [Server Component] @ http://localhost:3000/_next/static/chunks/node_modules_next_dist_1gdrd03._.js:1945
[   21940ms] [ERROR] ./src/lib/prisma.ts
Code generation for chunk item errored
An error occurred while generating the chunk item [project]/src/lib/prisma.ts [app-client] (ecmascript) <locals>

Caused by:
- the chunking context (unknown) does not support external modules (request: node:dns)

Debug info:
- An error occurred while generating the chunk item [project]/src/lib/prisma.ts [app-client] (ecmascript) <locals>
- Execution of <EcmascriptModuleLocalsModule as EcmascriptChunkPlaceable>::chunk_item_content failed
- Execution of *EcmascriptChunkItemContent::new failed
- Execution of EcmascriptModuleContent::new failed
- the chunking context (unknown) does not support external modules (request: node:dns)

Import traces:
  #1 [Server Component]:
    ./src/lib/prisma.ts
    ./src/auth.ts
    ./src/app/layout.tsx

  #2 [Server Component]:
    ./src/lib/prisma.ts
    ./src/lib/appreciation.ts
    ./src/components/home/HomeAppreciationSnippet.tsx
    ./src/app/(public)/page.tsx

  #3 [Server Component]:
    ./src/lib/prisma.ts
    ./src/lib/open-events.ts
    ./src/components/home/HomeOpenEventsChip.tsx
    ./src/app/(public)/layout.tsx

  #4 [Client Component Browser]:
    ./src/lib/prisma.ts [Client Component Browser]
    ./src/lib/open-events.ts [Client Component Browser]
    ./src/components/home/OpenEventsFloatingChip.tsx [Client Component Browser]
    ./src/components/home/OpenEventsFloatingChip.tsx [Server Component]
    ./src/components/home/HomeOpenEventsChip.tsx [Server Component]
    ./src/app/(public)/layout.tsx [Server Component]

  #5 [Client Component SSR]:
    ./src/lib/prisma.ts [Client Component SSR]
    ./src/lib/open-events.ts [Client Component SSR]
    ./src/components/home/OpenEventsFloatingChip.tsx [Client Component SSR]
    ./src/components/home/OpenEventsFloatingChip.tsx [Server Component]
    ./src/components/home/HomeOpenEventsChip.tsx [Server Component]
    ./src/app/(public)/layout.tsx [Server Component] @ http://localhost:3000/_next/static/chunks/node_modules_next_dist_1gdrd03._.js:1945
[   22002ms] [ERROR] ./src/lib/prisma.ts
Code generation for chunk item errored
An error occurred while generating the chunk item [project]/src/lib/prisma.ts [app-client] (ecmascript) <locals>

Caused by:
- the chunking context (unknown) does not support external modules (request: node:dns)

Debug info:
- An error occurred while generating the chunk item [project]/src/lib/prisma.ts [app-client] (ecmascript) <locals>
- Execution of <EcmascriptModuleLocalsModule as EcmascriptChunkPlaceable>::chunk_item_content failed
- Execution of *EcmascriptChunkItemContent::new failed
- Execution of EcmascriptModuleContent::new failed
- the chunking context (unknown) does not support external modules (request: node:dns)

Import traces:
  #1 [Server Component]:
    ./src/lib/prisma.ts
    ./src/auth.ts
    ./src/app/layout.tsx

  #2 [Server Component]:
    ./src/lib/prisma.ts
    ./src/lib/appreciation.ts
    ./src/components/home/HomeAppreciationSnippet.tsx
    ./src/app/(public)/page.tsx

  #3 [Server Component]:
    ./src/lib/prisma.ts
    ./src/lib/open-events.ts
    ./src/components/home/HomeOpenEventsChip.tsx
    ./src/app/(public)/layout.tsx

  #4 [Client Component Browser]:
    ./src/lib/prisma.ts [Client Component Browser]
    ./src/lib/open-events.ts [Client Component Browser]
    ./src/components/home/OpenEventsFloatingChip.tsx [Client Component Browser]
    ./src/components/home/OpenEventsFloatingChip.tsx [Server Component]
    ./src/components/home/HomeOpenEventsChip.tsx [Server Component]
    ./src/app/(public)/layout.tsx [Server Component]

  #5 [Client Component SSR]:
    ./src/lib/prisma.ts [Client Component SSR]
    ./src/lib/open-events.ts [Client Component SSR]
    ./src/components/home/OpenEventsFloatingChip.tsx [Client Component SSR]
    ./src/components/home/OpenEventsFloatingChip.tsx [Server Component]
    ./src/components/home/HomeOpenEventsChip.tsx [Server Component]
    ./src/app/(public)/layout.tsx [Server Component] @ http://localhost:3000/_next/static/chunks/node_modules_next_dist_1gdrd03._.js:1945
[   22064ms] [ERROR] ./src/lib/prisma.ts
Code generation for chunk item errored
An error occurred while generating the chunk item [project]/src/lib/prisma.ts [app-client] (ecmascript) <locals>

Caused by:
- the chunking context (unknown) does not support external modules (request: node:dns)

Debug info:
- An error occurred while generating the chunk item [project]/src/lib/prisma.ts [app-client] (ecmascript) <locals>
- Execution of <EcmascriptModuleLocalsModule as EcmascriptChunkPlaceable>::chunk_item_content failed
- Execution of *EcmascriptChunkItemContent::new failed
- Execution of EcmascriptModuleContent::new failed
- the chunking context (unknown) does not support external modules (request: node:dns)

Import traces:
  #1 [Server Component]:
    ./src/lib/prisma.ts
    ./src/auth.ts
    ./src/app/layout.tsx

  #2 [Server Component]:
    ./src/lib/prisma.ts
    ./src/lib/appreciation.ts
    ./src/components/home/HomeAppreciationSnippet.tsx
    ./src/app/(public)/page.tsx

  #3 [Server Component]:
    ./src/lib/prisma.ts
    ./src/lib/open-events.ts
    ./src/components/home/HomeOpenEventsChip.tsx
    ./src/app/(public)/layout.tsx

  #4 [Client Component Browser]:
    ./src/lib/prisma.ts [Client Component Browser]
    ./src/lib/open-events.ts [Client Component Browser]
    ./src/components/home/OpenEventsFloatingChip.tsx [Client Component Browser]
    ./src/components/home/OpenEventsFloatingChip.tsx [Server Component]
    ./src/components/home/HomeOpenEventsChip.tsx [Server Component]
    ./src/app/(public)/layout.tsx [Server Component]

  #5 [Client Component SSR]:
    ./src/lib/prisma.ts [Client Component SSR]
    ./src/lib/open-events.ts [Client Component SSR]
    ./src/components/home/OpenEventsFloatingChip.tsx [Client Component SSR]
    ./src/components/home/OpenEventsFloatingChip.tsx [Server Component]
    ./src/components/home/HomeOpenEventsChip.tsx [Server Component]
    ./src/app/(public)/layout.tsx [Server Component] @ http://localhost:3000/_next/static/chunks/node_modules_next_dist_1gdrd03._.js:1945
[   22125ms] [ERROR] ./src/lib/prisma.ts
Code generation for chunk item errored
An error occurred while generating the chunk item [project]/src/lib/prisma.ts [app-client] (ecmascript) <locals>

Caused by:
- the chunking context (unknown) does not support external modules (request: node:dns)

Debug info:
- An error occurred while generating the chunk item [project]/src/lib/prisma.ts [app-client] (ecmascript) <locals>
- Execution of <EcmascriptModuleLocalsModule as EcmascriptChunkPlaceable>::chunk_item_content failed
- Execution of *EcmascriptChunkItemContent::new failed
- Execution of EcmascriptModuleContent::new failed
- the chunking context (unknown) does not support external modules (request: node:dns)

Import traces:
  #1 [Server Component]:
    ./src/lib/prisma.ts
    ./src/auth.ts
    ./src/app/layout.tsx

  #2 [Server Component]:
    ./src/lib/prisma.ts
    ./src/lib/appreciation.ts
    ./src/components/home/HomeAppreciationSnippet.tsx
    ./src/app/(public)/page.tsx

  #3 [Server Component]:
    ./src/lib/prisma.ts
    ./src/lib/open-events.ts
    ./src/components/home/HomeOpenEventsChip.tsx
    ./src/app/(public)/layout.tsx

  #4 [Client Component Browser]:
    ./src/lib/prisma.ts [Client Component Browser]
    ./src/lib/open-events.ts [Client Component Browser]
    ./src/components/home/OpenEventsFloatingChip.tsx [Client Component Browser]
    ./src/components/home/OpenEventsFloatingChip.tsx [Server Component]
    ./src/components/home/HomeOpenEventsChip.tsx [Server Component]
    ./src/app/(public)/layout.tsx [Server Component]

  #5 [Client Component SSR]:
    ./src/lib/prisma.ts [Client Component SSR]
    ./src/lib/open-events.ts [Client Component SSR]
    ./src/components/home/OpenEventsFloatingChip.tsx [Client Component SSR]
    ./src/components/home/OpenEventsFloatingChip.tsx [Server Component]
    ./src/components/home/HomeOpenEventsChip.tsx [Server Component]
    ./src/app/(public)/layout.tsx [Server Component] @ http://localhost:3000/_next/static/chunks/node_modules_next_dist_1gdrd03._.js:1945
[   22187ms] [ERROR] ./src/lib/prisma.ts
Code generation for chunk item errored
An error occurred while generating the chunk item [project]/src/lib/prisma.ts [app-client] (ecmascript) <locals>

Caused by:
- the chunking context (unknown) does not support external modules (request: node:dns)

Debug info:
- An error occurred while generating the chunk item [project]/src/lib/prisma.ts [app-client] (ecmascript) <locals>
- Execution of <EcmascriptModuleLocalsModule as EcmascriptChunkPlaceable>::chunk_item_content failed
- Execution of *EcmascriptChunkItemContent::new failed
- Execution of EcmascriptModuleContent::new failed
- the chunking context (unknown) does not support external modules (request: node:dns)

Import traces:
  #1 [Server Component]:
    ./src/lib/prisma.ts
    ./src/auth.ts
    ./src/app/layout.tsx

  #2 [Server Component]:
    ./src/lib/prisma.ts
    ./src/lib/appreciation.ts
    ./src/components/home/HomeAppreciationSnippet.tsx
    ./src/app/(public)/page.tsx

  #3 [Server Component]:
    ./src/lib/prisma.ts
    ./src/lib/open-events.ts
    ./src/components/home/HomeOpenEventsChip.tsx
    ./src/app/(public)/layout.tsx

  #4 [Client Component Browser]:
    ./src/lib/prisma.ts [Client Component Browser]
    ./src/lib/open-events.ts [Client Component Browser]
    ./src/components/home/OpenEventsFloatingChip.tsx [Client Component Browser]
    ./src/components/home/OpenEventsFloatingChip.tsx [Server Component]
    ./src/components/home/HomeOpenEventsChip.tsx [Server Component]
    ./src/app/(public)/layout.tsx [Server Component]

  #5 [Client Component SSR]:
    ./src/lib/prisma.ts [Client Component SSR]
    ./src/lib/open-events.ts [Client Component SSR]
    ./src/components/home/OpenEventsFloatingChip.tsx [Client Component SSR]
    ./src/components/home/OpenEventsFloatingChip.tsx [Server Component]
    ./src/components/home/HomeOpenEventsChip.tsx [Server Component]
    ./src/app/(public)/layout.tsx [Server Component] @ http://localhost:3000/_next/static/chunks/node_modules_next_dist_1gdrd03._.js:1945
[   22249ms] [ERROR] ./src/lib/prisma.ts
Code generation for chunk item errored
An error occurred while generating the chunk item [project]/src/lib/prisma.ts [app-client] (ecmascript) <locals>

Caused by:
- the chunking context (unknown) does not support external modules (request: node:dns)

Debug info:
- An error occurred while generating the chunk item [project]/src/lib/prisma.ts [app-client] (ecmascript) <locals>
- Execution of <EcmascriptModuleLocalsModule as EcmascriptChunkPlaceable>::chunk_item_content failed
- Execution of *EcmascriptChunkItemContent::new failed
- Execution of EcmascriptModuleContent::new failed
- the chunking context (unknown) does not support external modules (request: node:dns)

Import traces:
  #1 [Server Component]:
    ./src/lib/prisma.ts
    ./src/auth.ts
    ./src/app/layout.tsx

  #2 [Server Component]:
    ./src/lib/prisma.ts
    ./src/lib/appreciation.ts
    ./src/components/home/HomeAppreciationSnippet.tsx
    ./src/app/(public)/page.tsx

  #3 [Server Component]:
    ./src/lib/prisma.ts
    ./src/lib/open-events.ts
    ./src/components/home/HomeOpenEventsChip.tsx
    ./src/app/(public)/layout.tsx

  #4 [Client Component Browser]:
    ./src/lib/prisma.ts [Client Component Browser]
    ./src/lib/open-events.ts [Client Component Browser]
    ./src/components/home/OpenEventsFloatingChip.tsx [Client Component Browser]
    ./src/components/home/OpenEventsFloatingChip.tsx [Server Component]
    ./src/components/home/HomeOpenEventsChip.tsx [Server Component]
    ./src/app/(public)/layout.tsx [Server Component]

  #5 [Client Component SSR]:
    ./src/lib/prisma.ts [Client Component SSR]
    ./src/lib/open-events.ts [Client Component SSR]
    ./src/components/home/OpenEventsFloatingChip.tsx [Client Component SSR]
    ./src/components/home/OpenEventsFloatingChip.tsx [Server Component]
    ./src/components/home/HomeOpenEventsChip.tsx [Server Component]
    ./src/app/(public)/layout.tsx [Server Component] @ http://localhost:3000/_next/static/chunks/node_modules_next_dist_1gdrd03._.js:1945
[   22309ms] [ERROR] ./src/lib/prisma.ts
Code generation for chunk item errored
An error occurred while generating the chunk item [project]/src/lib/prisma.ts [app-client] (ecmascript) <locals>

Caused by:
- the chunking context (unknown) does not support external modules (request: node:dns)

Debug info:
- An error occurred while generating the chunk item [project]/src/lib/prisma.ts [app-client] (ecmascript) <locals>
- Execution of <EcmascriptModuleLocalsModule as EcmascriptChunkPlaceable>::chunk_item_content failed
- Execution of *EcmascriptChunkItemContent::new failed
- Execution of EcmascriptModuleContent::new failed
- the chunking context (unknown) does not support external modules (request: node:dns)

Import traces:
  #1 [Server Component]:
    ./src/lib/prisma.ts
    ./src/auth.ts
    ./src/app/layout.tsx

  #2 [Server Component]:
    ./src/lib/prisma.ts
    ./src/lib/appreciation.ts
    ./src/components/home/HomeAppreciationSnippet.tsx
    ./src/app/(public)/page.tsx

  #3 [Server Component]:
    ./src/lib/prisma.ts
    ./src/lib/open-events.ts
    ./src/components/home/HomeOpenEventsChip.tsx
    ./src/app/(public)/layout.tsx

  #4 [Client Component Browser]:
    ./src/lib/prisma.ts [Client Component Browser]
    ./src/lib/open-events.ts [Client Component Browser]
    ./src/components/home/OpenEventsFloatingChip.tsx [Client Component Browser]
    ./src/components/home/OpenEventsFloatingChip.tsx [Server Component]
    ./src/components/home/HomeOpenEventsChip.tsx [Server Component]
    ./src/app/(public)/layout.tsx [Server Component]

  #5 [Client Component SSR]:
    ./src/lib/prisma.ts [Client Component SSR]
    ./src/lib/open-events.ts [Client Component SSR]
    ./src/components/home/OpenEventsFloatingChip.tsx [Client Component SSR]
    ./src/components/home/OpenEventsFloatingChip.tsx [Server Component]
    ./src/components/home/HomeOpenEventsChip.tsx [Server Component]
    ./src/app/(public)/layout.tsx [Server Component] @ http://localhost:3000/_next/static/chunks/node_modules_next_dist_1gdrd03._.js:1945
[   22371ms] [ERROR] ./src/lib/prisma.ts
Code generation for chunk item errored
An error occurred while generating the chunk item [project]/src/lib/prisma.ts [app-client] (ecmascript) <locals>

Caused by:
- the chunking context (unknown) does not support external modules (request: node:dns)

Debug info:
- An error occurred while generating the chunk item [project]/src/lib/prisma.ts [app-client] (ecmascript) <locals>
- Execution of <EcmascriptModuleLocalsModule as EcmascriptChunkPlaceable>::chunk_item_content failed
- Execution of *EcmascriptChunkItemContent::new failed
- Execution of EcmascriptModuleContent::new failed
- the chunking context (unknown) does not support external modules (request: node:dns)

Import traces:
  #1 [Server Component]:
    ./src/lib/prisma.ts
    ./src/auth.ts
    ./src/app/layout.tsx

  #2 [Server Component]:
    ./src/lib/prisma.ts
    ./src/lib/appreciation.ts
    ./src/components/home/HomeAppreciationSnippet.tsx
    ./src/app/(public)/page.tsx

  #3 [Server Component]:
    ./src/lib/prisma.ts
    ./src/lib/open-events.ts
    ./src/components/home/HomeOpenEventsChip.tsx
    ./src/app/(public)/layout.tsx

  #4 [Client Component Browser]:
    ./src/lib/prisma.ts [Client Component Browser]
    ./src/lib/open-events.ts [Client Component Browser]
    ./src/components/home/OpenEventsFloatingChip.tsx [Client Component Browser]
    ./src/components/home/OpenEventsFloatingChip.tsx [Server Component]
    ./src/components/home/HomeOpenEventsChip.tsx [Server Component]
    ./src/app/(public)/layout.tsx [Server Component]

  #5 [Client Component SSR]:
    ./src/lib/prisma.ts [Client Component SSR]
    ./src/lib/open-events.ts [Client Component SSR]
    ./src/components/home/OpenEventsFloatingChip.tsx [Client Component SSR]
    ./src/components/home/OpenEventsFloatingChip.tsx [Server Component]
    ./src/components/home/HomeOpenEventsChip.tsx [Server Component]
    ./src/app/(public)/layout.tsx [Server Component] @ http://localhost:3000/_next/static/chunks/node_modules_next_dist_1gdrd03._.js:1945
[   22434ms] [ERROR] ./src/lib/prisma.ts
Code generation for chunk item errored
An error occurred while generating the chunk item [project]/src/lib/prisma.ts [app-client] (ecmascript) <locals>

Caused by:
- the chunking context (unknown) does not support external modules (request: node:dns)

Debug info:
- An error occurred while generating the chunk item [project]/src/lib/prisma.ts [app-client] (ecmascript) <locals>
- Execution of <EcmascriptModuleLocalsModule as EcmascriptChunkPlaceable>::chunk_item_content failed
- Execution of *EcmascriptChunkItemContent::new failed
- Execution of EcmascriptModuleContent::new failed
- the chunking context (unknown) does not support external modules (request: node:dns)

Import traces:
  #1 [Server Component]:
    ./src/lib/prisma.ts
    ./src/auth.ts
    ./src/app/layout.tsx

  #2 [Server Component]:
    ./src/lib/prisma.ts
    ./src/lib/appreciation.ts
    ./src/components/home/HomeAppreciationSnippet.tsx
    ./src/app/(public)/page.tsx

  #3 [Server Component]:
    ./src/lib/prisma.ts
    ./src/lib/open-events.ts
    ./src/components/home/HomeOpenEventsChip.tsx
    ./src/app/(public)/layout.tsx

  #4 [Client Component Browser]:
    ./src/lib/prisma.ts [Client Component Browser]
    ./src/lib/open-events.ts [Client Component Browser]
    ./src/components/home/OpenEventsFloatingChip.tsx [Client Component Browser]
    ./src/components/home/OpenEventsFloatingChip.tsx [Server Component]
    ./src/components/home/HomeOpenEventsChip.tsx [Server Component]
    ./src/app/(public)/layout.tsx [Server Component]

  #5 [Client Component SSR]:
    ./src/lib/prisma.ts [Client Component SSR]
    ./src/lib/open-events.ts [Client Component SSR]
    ./src/components/home/OpenEventsFloatingChip.tsx [Client Component SSR]
    ./src/components/home/OpenEventsFloatingChip.tsx [Server Component]
    ./src/components/home/HomeOpenEventsChip.tsx [Server Component]
    ./src/app/(public)/layout.tsx [Server Component] @ http://localhost:3000/_next/static/chunks/node_modules_next_dist_1gdrd03._.js:1945
[   22498ms] [ERROR] ./src/lib/prisma.ts
Code generation for chunk item errored
An error occurred while generating the chunk item [project]/src/lib/prisma.ts [app-client] (ecmascript) <locals>

Caused by:
- the chunking context (unknown) does not support external modules (request: node:dns)

Debug info:
- An error occurred while generating the chunk item [project]/src/lib/prisma.ts [app-client] (ecmascript) <locals>
- Execution of <EcmascriptModuleLocalsModule as EcmascriptChunkPlaceable>::chunk_item_content failed
- Execution of *EcmascriptChunkItemContent::new failed
- Execution of EcmascriptModuleContent::new failed
- the chunking context (unknown) does not support external modules (request: node:dns)

Import traces:
  #1 [Server Component]:
    ./src/lib/prisma.ts
    ./src/auth.ts
    ./src/app/layout.tsx

  #2 [Server Component]:
    ./src/lib/prisma.ts
    ./src/lib/appreciation.ts
    ./src/components/home/HomeAppreciationSnippet.tsx
    ./src/app/(public)/page.tsx

  #3 [Server Component]:
    ./src/lib/prisma.ts
    ./src/lib/open-events.ts
    ./src/components/home/HomeOpenEventsChip.tsx
    ./src/app/(public)/layout.tsx

  #4 [Client Component Browser]:
    ./src/lib/prisma.ts [Client Component Browser]
    ./src/lib/open-events.ts [Client Component Browser]
    ./src/components/home/OpenEventsFloatingChip.tsx [Client Component Browser]
    ./src/components/home/OpenEventsFloatingChip.tsx [Server Component]
    ./src/components/home/HomeOpenEventsChip.tsx [Server Component]
    ./src/app/(public)/layout.tsx [Server Component]

  #5 [Client Component SSR]:
    ./src/lib/prisma.ts [Client Component SSR]
    ./src/lib/open-events.ts [Client Component SSR]
    ./src/components/home/OpenEventsFloatingChip.tsx [Client Component SSR]
    ./src/components/home/OpenEventsFloatingChip.tsx [Server Component]
    ./src/components/home/HomeOpenEventsChip.tsx [Server Component]
    ./src/app/(public)/layout.tsx [Server Component] @ http://localhost:3000/_next/static/chunks/node_modules_next_dist_1gdrd03._.js:1945
[   22559ms] [ERROR] ./src/lib/prisma.ts
Code generation for chunk item errored
An error occurred while generating the chunk item [project]/src/lib/prisma.ts [app-client] (ecmascript) <locals>

Caused by:
- the chunking context (unknown) does not support external modules (request: node:dns)

Debug info:
- An error occurred while generating the chunk item [project]/src/lib/prisma.ts [app-client] (ecmascript) <locals>
- Execution of <EcmascriptModuleLocalsModule as EcmascriptChunkPlaceable>::chunk_item_content failed
- Execution of *EcmascriptChunkItemContent::new failed
- Execution of EcmascriptModuleContent::new failed
- the chunking context (unknown) does not support external modules (request: node:dns)

Import traces:
  #1 [Server Component]:
    ./src/lib/prisma.ts
    ./src/auth.ts
    ./src/app/layout.tsx

  #2 [Server Component]:
    ./src/lib/prisma.ts
    ./src/lib/appreciation.ts
    ./src/components/home/HomeAppreciationSnippet.tsx
    ./src/app/(public)/page.tsx

  #3 [Server Component]:
    ./src/lib/prisma.ts
    ./src/lib/open-events.ts
    ./src/components/home/HomeOpenEventsChip.tsx
    ./src/app/(public)/layout.tsx

  #4 [Client Component Browser]:
    ./src/lib/prisma.ts [Client Component Browser]
    ./src/lib/open-events.ts [Client Component Browser]
    ./src/components/home/OpenEventsFloatingChip.tsx [Client Component Browser]
    ./src/components/home/OpenEventsFloatingChip.tsx [Server Component]
    ./src/components/home/HomeOpenEventsChip.tsx [Server Component]
    ./src/app/(public)/layout.tsx [Server Component]

  #5 [Client Component SSR]:
    ./src/lib/prisma.ts [Client Component SSR]
    ./src/lib/open-events.ts [Client Component SSR]
    ./src/components/home/OpenEventsFloatingChip.tsx [Client Component SSR]
    ./src/components/home/OpenEventsFloatingChip.tsx [Server Component]
    ./src/components/home/HomeOpenEventsChip.tsx [Server Component]
    ./src/app/(public)/layout.tsx [Server Component] @ http://localhost:3000/_next/static/chunks/node_modules_next_dist_1gdrd03._.js:1945
[   22619ms] [ERROR] ./src/lib/prisma.ts
Code generation for chunk item errored
An error occurred while generating the chunk item [project]/src/lib/prisma.ts [app-client] (ecmascript) <locals>

Caused by:
- the chunking context (unknown) does not support external modules (request: node:dns)

Debug info:
- An error occurred while generating the chunk item [project]/src/lib/prisma.ts [app-client] (ecmascript) <locals>
- Execution of <EcmascriptModuleLocalsModule as EcmascriptChunkPlaceable>::chunk_item_content failed
- Execution of *EcmascriptChunkItemContent::new failed
- Execution of EcmascriptModuleContent::new failed
- the chunking context (unknown) does not support external modules (request: node:dns)

Import traces:
  #1 [Server Component]:
    ./src/lib/prisma.ts
    ./src/auth.ts
    ./src/app/layout.tsx

  #2 [Server Component]:
    ./src/lib/prisma.ts
    ./src/lib/appreciation.ts
    ./src/components/home/HomeAppreciationSnippet.tsx
    ./src/app/(public)/page.tsx

  #3 [Server Component]:
    ./src/lib/prisma.ts
    ./src/lib/open-events.ts
    ./src/components/home/HomeOpenEventsChip.tsx
    ./src/app/(public)/layout.tsx

  #4 [Client Component Browser]:
    ./src/lib/prisma.ts [Client Component Browser]
    ./src/lib/open-events.ts [Client Component Browser]
    ./src/components/home/OpenEventsFloatingChip.tsx [Client Component Browser]
    ./src/components/home/OpenEventsFloatingChip.tsx [Server Component]
    ./src/components/home/HomeOpenEventsChip.tsx [Server Component]
    ./src/app/(public)/layout.tsx [Server Component]

  #5 [Client Component SSR]:
    ./src/lib/prisma.ts [Client Component SSR]
    ./src/lib/open-events.ts [Client Component SSR]
    ./src/components/home/OpenEventsFloatingChip.tsx [Client Component SSR]
    ./src/components/home/OpenEventsFloatingChip.tsx [Server Component]
    ./src/components/home/HomeOpenEventsChip.tsx [Server Component]
    ./src/app/(public)/layout.tsx [Server Component] @ http://localhost:3000/_next/static/chunks/node_modules_next_dist_1gdrd03._.js:1945
[   22683ms] [ERROR] ./src/lib/prisma.ts
Code generation for chunk item errored
An error occurred while generating the chunk item [project]/src/lib/prisma.ts [app-client] (ecmascript) <locals>

Caused by:
- the chunking context (unknown) does not support external modules (request: node:dns)

Debug info:
- An error occurred while generating the chunk item [project]/src/lib/prisma.ts [app-client] (ecmascript) <locals>
- Execution of <EcmascriptModuleLocalsModule as EcmascriptChunkPlaceable>::chunk_item_content failed
- Execution of *EcmascriptChunkItemContent::new failed
- Execution of EcmascriptModuleContent::new failed
- the chunking context (unknown) does not support external modules (request: node:dns)

Import traces:
  #1 [Server Component]:
    ./src/lib/prisma.ts
    ./src/auth.ts
    ./src/app/layout.tsx

  #2 [Server Component]:
    ./src/lib/prisma.ts
    ./src/lib/appreciation.ts
    ./src/components/home/HomeAppreciationSnippet.tsx
    ./src/app/(public)/page.tsx

  #3 [Server Component]:
    ./src/lib/prisma.ts
    ./src/lib/open-events.ts
    ./src/components/home/HomeOpenEventsChip.tsx
    ./src/app/(public)/layout.tsx

  #4 [Client Component Browser]:
    ./src/lib/prisma.ts [Client Component Browser]
    ./src/lib/open-events.ts [Client Component Browser]
    ./src/components/home/OpenEventsFloatingChip.tsx [Client Component Browser]
    ./src/components/home/OpenEventsFloatingChip.tsx [Server Component]
    ./src/components/home/HomeOpenEventsChip.tsx [Server Component]
    ./src/app/(public)/layout.tsx [Server Component]

  #5 [Client Component SSR]:
    ./src/lib/prisma.ts [Client Component SSR]
    ./src/lib/open-events.ts [Client Component SSR]
    ./src/components/home/OpenEventsFloatingChip.tsx [Client Component SSR]
    ./src/components/home/OpenEventsFloatingChip.tsx [Server Component]
    ./src/components/home/HomeOpenEventsChip.tsx [Server Component]
    ./src/app/(public)/layout.tsx [Server Component] @ http://localhost:3000/_next/static/chunks/node_modules_next_dist_1gdrd03._.js:1945
[   22745ms] [ERROR] ./src/lib/prisma.ts
Code generation for chunk item errored
An error occurred while generating the chunk item [project]/src/lib/prisma.ts [app-client] (ecmascript) <locals>

Caused by:
- the chunking context (unknown) does not support external modules (request: node:dns)

Debug info:
- An error occurred while generating the chunk item [project]/src/lib/prisma.ts [app-client] (ecmascript) <locals>
- Execution of <EcmascriptModuleLocalsModule as EcmascriptChunkPlaceable>::chunk_item_content failed
- Execution of *EcmascriptChunkItemContent::new failed
- Execution of EcmascriptModuleContent::new failed
- the chunking context (unknown) does not support external modules (request: node:dns)

Import traces:
  #1 [Server Component]:
    ./src/lib/prisma.ts
    ./src/auth.ts
    ./src/app/layout.tsx

  #2 [Server Component]:
    ./src/lib/prisma.ts
    ./src/lib/appreciation.ts
    ./src/components/home/HomeAppreciationSnippet.tsx
    ./src/app/(public)/page.tsx

  #3 [Server Component]:
    ./src/lib/prisma.ts
    ./src/lib/open-events.ts
    ./src/components/home/HomeOpenEventsChip.tsx
    ./src/app/(public)/layout.tsx

  #4 [Client Component Browser]:
    ./src/lib/prisma.ts [Client Component Browser]
    ./src/lib/open-events.ts [Client Component Browser]
    ./src/components/home/OpenEventsFloatingChip.tsx [Client Component Browser]
    ./src/components/home/OpenEventsFloatingChip.tsx [Server Component]
    ./src/components/home/HomeOpenEventsChip.tsx [Server Component]
    ./src/app/(public)/layout.tsx [Server Component]

  #5 [Client Component SSR]:
    ./src/lib/prisma.ts [Client Component SSR]
    ./src/lib/open-events.ts [Client Component SSR]
    ./src/components/home/OpenEventsFloatingChip.tsx [Client Component SSR]
    ./src/components/home/OpenEventsFloatingChip.tsx [Server Component]
    ./src/components/home/HomeOpenEventsChip.tsx [Server Component]
    ./src/app/(public)/layout.tsx [Server Component] @ http://localhost:3000/_next/static/chunks/node_modules_next_dist_1gdrd03._.js:1945
[   22808ms] [ERROR] ./src/lib/prisma.ts
Code generation for chunk item errored
An error occurred while generating the chunk item [project]/src/lib/prisma.ts [app-client] (ecmascript) <locals>

Caused by:
- the chunking context (unknown) does not support external modules (request: node:dns)

Debug info:
- An error occurred while generating the chunk item [project]/src/lib/prisma.ts [app-client] (ecmascript) <locals>
- Execution of <EcmascriptModuleLocalsModule as EcmascriptChunkPlaceable>::chunk_item_content failed
- Execution of *EcmascriptChunkItemContent::new failed
- Execution of EcmascriptModuleContent::new failed
- the chunking context (unknown) does not support external modules (request: node:dns)

Import traces:
  #1 [Server Component]:
    ./src/lib/prisma.ts
    ./src/auth.ts
    ./src/app/layout.tsx

  #2 [Server Component]:
    ./src/lib/prisma.ts
    ./src/lib/appreciation.ts
    ./src/components/home/HomeAppreciationSnippet.tsx
    ./src/app/(public)/page.tsx

  #3 [Server Component]:
    ./src/lib/prisma.ts
    ./src/lib/open-events.ts
    ./src/components/home/HomeOpenEventsChip.tsx
    ./src/app/(public)/layout.tsx

  #4 [Client Component Browser]:
    ./src/lib/prisma.ts [Client Component Browser]
    ./src/lib/open-events.ts [Client Component Browser]
    ./src/components/home/OpenEventsFloatingChip.tsx [Client Component Browser]
    ./src/components/home/OpenEventsFloatingChip.tsx [Server Component]
    ./src/components/home/HomeOpenEventsChip.tsx [Server Component]
    ./src/app/(public)/layout.tsx [Server Component]

  #5 [Client Component SSR]:
    ./src/lib/prisma.ts [Client Component SSR]
    ./src/lib/open-events.ts [Client Component SSR]
    ./src/components/home/OpenEventsFloatingChip.tsx [Client Component SSR]
    ./src/components/home/OpenEventsFloatingChip.tsx [Server Component]
    ./src/components/home/HomeOpenEventsChip.tsx [Server Component]
    ./src/app/(public)/layout.tsx [Server Component] @ http://localhost:3000/_next/static/chunks/node_modules_next_dist_1gdrd03._.js:1945
[   22872ms] [ERROR] ./src/lib/prisma.ts
Code generation for chunk item errored
An error occurred while generating the chunk item [project]/src/lib/prisma.ts [app-client] (ecmascript) <locals>

Caused by:
- the chunking context (unknown) does not support external modules (request: node:dns)

Debug info:
- An error occurred while generating the chunk item [project]/src/lib/prisma.ts [app-client] (ecmascript) <locals>
- Execution of <EcmascriptModuleLocalsModule as EcmascriptChunkPlaceable>::chunk_item_content failed
- Execution of *EcmascriptChunkItemContent::new failed
- Execution of EcmascriptModuleContent::new failed
- the chunking context (unknown) does not support external modules (request: node:dns)

Import traces:
  #1 [Server Component]:
    ./src/lib/prisma.ts
    ./src/auth.ts
    ./src/app/layout.tsx

  #2 [Server Component]:
    ./src/lib/prisma.ts
    ./src/lib/appreciation.ts
    ./src/components/home/HomeAppreciationSnippet.tsx
    ./src/app/(public)/page.tsx

  #3 [Server Component]:
    ./src/lib/prisma.ts
    ./src/lib/open-events.ts
    ./src/components/home/HomeOpenEventsChip.tsx
    ./src/app/(public)/layout.tsx

  #4 [Client Component Browser]:
    ./src/lib/prisma.ts [Client Component Browser]
    ./src/lib/open-events.ts [Client Component Browser]
    ./src/components/home/OpenEventsFloatingChip.tsx [Client Component Browser]
    ./src/components/home/OpenEventsFloatingChip.tsx [Server Component]
    ./src/components/home/HomeOpenEventsChip.tsx [Server Component]
    ./src/app/(public)/layout.tsx [Server Component]

  #5 [Client Component SSR]:
    ./src/lib/prisma.ts [Client Component SSR]
    ./src/lib/open-events.ts [Client Component SSR]
    ./src/components/home/OpenEventsFloatingChip.tsx [Client Component SSR]
    ./src/components/home/OpenEventsFloatingChip.tsx [Server Component]
    ./src/components/home/HomeOpenEventsChip.tsx [Server Component]
    ./src/app/(public)/layout.tsx [Server Component] @ http://localhost:3000/_next/static/chunks/node_modules_next_dist_1gdrd03._.js:1945
[   22933ms] [ERROR] ./src/lib/prisma.ts
Code generation for chunk item errored
An error occurred while generating the chunk item [project]/src/lib/prisma.ts [app-client] (ecmascript) <locals>

Caused by:
- the chunking context (unknown) does not support external modules (request: node:dns)

Debug info:
- An error occurred while generating the chunk item [project]/src/lib/prisma.ts [app-client] (ecmascript) <locals>
- Execution of <EcmascriptModuleLocalsModule as EcmascriptChunkPlaceable>::chunk_item_content failed
- Execution of *EcmascriptChunkItemContent::new failed
- Execution of EcmascriptModuleContent::new failed
- the chunking context (unknown) does not support external modules (request: node:dns)

Import traces:
  #1 [Server Component]:
    ./src/lib/prisma.ts
    ./src/auth.ts
    ./src/app/layout.tsx

  #2 [Server Component]:
    ./src/lib/prisma.ts
    ./src/lib/appreciation.ts
    ./src/components/home/HomeAppreciationSnippet.tsx
    ./src/app/(public)/page.tsx

  #3 [Server Component]:
    ./src/lib/prisma.ts
    ./src/lib/open-events.ts
    ./src/components/home/HomeOpenEventsChip.tsx
    ./src/app/(public)/layout.tsx

  #4 [Client Component Browser]:
    ./src/lib/prisma.ts [Client Component Browser]
    ./src/lib/open-events.ts [Client Component Browser]
    ./src/components/home/OpenEventsFloatingChip.tsx [Client Component Browser]
    ./src/components/home/OpenEventsFloatingChip.tsx [Server Component]
    ./src/components/home/HomeOpenEventsChip.tsx [Server Component]
    ./src/app/(public)/layout.tsx [Server Component]

  #5 [Client Component SSR]:
    ./src/lib/prisma.ts [Client Component SSR]
    ./src/lib/open-events.ts [Client Component SSR]
    ./src/components/home/OpenEventsFloatingChip.tsx [Client Component SSR]
    ./src/components/home/OpenEventsFloatingChip.tsx [Server Component]
    ./src/components/home/HomeOpenEventsChip.tsx [Server Component]
    ./src/app/(public)/layout.tsx [Server Component] @ http://localhost:3000/_next/static/chunks/node_modules_next_dist_1gdrd03._.js:1945
[   22997ms] [ERROR] ./src/lib/prisma.ts
Code generation for chunk item errored
An error occurred while generating the chunk item [project]/src/lib/prisma.ts [app-client] (ecmascript) <locals>

Caused by:
- the chunking context (unknown) does not support external modules (request: node:dns)

Debug info:
- An error occurred while generating the chunk item [project]/src/lib/prisma.ts [app-client] (ecmascript) <locals>
- Execution of <EcmascriptModuleLocalsModule as EcmascriptChunkPlaceable>::chunk_item_content failed
- Execution of *EcmascriptChunkItemContent::new failed
- Execution of EcmascriptModuleContent::new failed
- the chunking context (unknown) does not support external modules (request: node:dns)

Import traces:
  #1 [Server Component]:
    ./src/lib/prisma.ts
    ./src/auth.ts
    ./src/app/layout.tsx

  #2 [Server Component]:
    ./src/lib/prisma.ts
    ./src/lib/appreciation.ts
    ./src/components/home/HomeAppreciationSnippet.tsx
    ./src/app/(public)/page.tsx

  #3 [Server Component]:
    ./src/lib/prisma.ts
    ./src/lib/open-events.ts
    ./src/components/home/HomeOpenEventsChip.tsx
    ./src/app/(public)/layout.tsx

  #4 [Client Component Browser]:
    ./src/lib/prisma.ts [Client Component Browser]
    ./src/lib/open-events.ts [Client Component Browser]
    ./src/components/home/OpenEventsFloatingChip.tsx [Client Component Browser]
    ./src/components/home/OpenEventsFloatingChip.tsx [Server Component]
    ./src/components/home/HomeOpenEventsChip.tsx [Server Component]
    ./src/app/(public)/layout.tsx [Server Component]

  #5 [Client Component SSR]:
    ./src/lib/prisma.ts [Client Component SSR]
    ./src/lib/open-events.ts [Client Component SSR]
    ./src/components/home/OpenEventsFloatingChip.tsx [Client Component SSR]
    ./src/components/home/OpenEventsFloatingChip.tsx [Server Component]
    ./src/components/home/HomeOpenEventsChip.tsx [Server Component]
    ./src/app/(public)/layout.tsx [Server Component] @ http://localhost:3000/_next/static/chunks/node_modules_next_dist_1gdrd03._.js:1945
[   23062ms] [ERROR] ./src/lib/prisma.ts
Code generation for chunk item errored
An error occurred while generating the chunk item [project]/src/lib/prisma.ts [app-client] (ecmascript) <locals>

Caused by:
- the chunking context (unknown) does not support external modules (request: node:dns)

Debug info:
- An error occurred while generating the chunk item [project]/src/lib/prisma.ts [app-client] (ecmascript) <locals>
- Execution of <EcmascriptModuleLocalsModule as EcmascriptChunkPlaceable>::chunk_item_content failed
- Execution of *EcmascriptChunkItemContent::new failed
- Execution of EcmascriptModuleContent::new failed
- the chunking context (unknown) does not support external modules (request: node:dns)

Import traces:
  #1 [Server Component]:
    ./src/lib/prisma.ts
    ./src/auth.ts
    ./src/app/layout.tsx

  #2 [Server Component]:
    ./src/lib/prisma.ts
    ./src/lib/appreciation.ts
    ./src/components/home/HomeAppreciationSnippet.tsx
    ./src/app/(public)/page.tsx

  #3 [Server Component]:
    ./src/lib/prisma.ts
    ./src/lib/open-events.ts
    ./src/components/home/HomeOpenEventsChip.tsx
    ./src/app/(public)/layout.tsx

  #4 [Client Component Browser]:
    ./src/lib/prisma.ts [Client Component Browser]
    ./src/lib/open-events.ts [Client Component Browser]
    ./src/components/home/OpenEventsFloatingChip.tsx [Client Component Browser]
    ./src/components/home/OpenEventsFloatingChip.tsx [Server Component]
    ./src/components/home/HomeOpenEventsChip.tsx [Server Component]
    ./src/app/(public)/layout.tsx [Server Component]

  #5 [Client Component SSR]:
    ./src/lib/prisma.ts [Client Component SSR]
    ./src/lib/open-events.ts [Client Component SSR]
    ./src/components/home/OpenEventsFloatingChip.tsx [Client Component SSR]
    ./src/components/home/OpenEventsFloatingChip.tsx [Server Component]
    ./src/components/home/HomeOpenEventsChip.tsx [Server Component]
    ./src/app/(public)/layout.tsx [Server Component] @ http://localhost:3000/_next/static/chunks/node_modules_next_dist_1gdrd03._.js:1945
[   23124ms] [ERROR] ./src/lib/prisma.ts
Code generation for chunk item errored
An error occurred while generating the chunk item [project]/src/lib/prisma.ts [app-client] (ecmascript) <locals>

Caused by:
- the chunking context (unknown) does not support external modules (request: node:dns)

Debug info:
- An error occurred while generating the chunk item [project]/src/lib/prisma.ts [app-client] (ecmascript) <locals>
- Execution of <EcmascriptModuleLocalsModule as EcmascriptChunkPlaceable>::chunk_item_content failed
- Execution of *EcmascriptChunkItemContent::new failed
- Execution of EcmascriptModuleContent::new failed
- the chunking context (unknown) does not support external modules (request: node:dns)

Import traces:
  #1 [Server Component]:
    ./src/lib/prisma.ts
    ./src/auth.ts
    ./src/app/layout.tsx

  #2 [Server Component]:
    ./src/lib/prisma.ts
    ./src/lib/appreciation.ts
    ./src/components/home/HomeAppreciationSnippet.tsx
    ./src/app/(public)/page.tsx

  #3 [Server Component]:
    ./src/lib/prisma.ts
    ./src/lib/open-events.ts
    ./src/components/home/HomeOpenEventsChip.tsx
    ./src/app/(public)/layout.tsx

  #4 [Client Component Browser]:
    ./src/lib/prisma.ts [Client Component Browser]
    ./src/lib/open-events.ts [Client Component Browser]
    ./src/components/home/OpenEventsFloatingChip.tsx [Client Component Browser]
    ./src/components/home/OpenEventsFloatingChip.tsx [Server Component]
    ./src/components/home/HomeOpenEventsChip.tsx [Server Component]
    ./src/app/(public)/layout.tsx [Server Component]

  #5 [Client Component SSR]:
    ./src/lib/prisma.ts [Client Component SSR]
    ./src/lib/open-events.ts [Client Component SSR]
    ./src/components/home/OpenEventsFloatingChip.tsx [Client Component SSR]
    ./src/components/home/OpenEventsFloatingChip.tsx [Server Component]
    ./src/components/home/HomeOpenEventsChip.tsx [Server Component]
    ./src/app/(public)/layout.tsx [Server Component] @ http://localhost:3000/_next/static/chunks/node_modules_next_dist_1gdrd03._.js:1945
[   23186ms] [ERROR] ./src/lib/prisma.ts
Code generation for chunk item errored
An error occurred while generating the chunk item [project]/src/lib/prisma.ts [app-client] (ecmascript) <locals>

Caused by:
- the chunking context (unknown) does not support external modules (request: node:dns)

Debug info:
- An error occurred while generating the chunk item [project]/src/lib/prisma.ts [app-client] (ecmascript) <locals>
- Execution of <EcmascriptModuleLocalsModule as EcmascriptChunkPlaceable>::chunk_item_content failed
- Execution of *EcmascriptChunkItemContent::new failed
- Execution of EcmascriptModuleContent::new failed
- the chunking context (unknown) does not support external modules (request: node:dns)

Import traces:
  #1 [Server Component]:
    ./src/lib/prisma.ts
    ./src/auth.ts
    ./src/app/layout.tsx

  #2 [Server Component]:
    ./src/lib/prisma.ts
    ./src/lib/appreciation.ts
    ./src/components/home/HomeAppreciationSnippet.tsx
    ./src/app/(public)/page.tsx

  #3 [Server Component]:
    ./src/lib/prisma.ts
    ./src/lib/open-events.ts
    ./src/components/home/HomeOpenEventsChip.tsx
    ./src/app/(public)/layout.tsx

  #4 [Client Component Browser]:
    ./src/lib/prisma.ts [Client Component Browser]
    ./src/lib/open-events.ts [Client Component Browser]
    ./src/components/home/OpenEventsFloatingChip.tsx [Client Component Browser]
    ./src/components/home/OpenEventsFloatingChip.tsx [Server Component]
    ./src/components/home/HomeOpenEventsChip.tsx [Server Component]
    ./src/app/(public)/layout.tsx [Server Component]

  #5 [Client Component SSR]:
    ./src/lib/prisma.ts [Client Component SSR]
    ./src/lib/open-events.ts [Client Component SSR]
    ./src/components/home/OpenEventsFloatingChip.tsx [Client Component SSR]
    ./src/components/home/OpenEventsFloatingChip.tsx [Server Component]
    ./src/components/home/HomeOpenEventsChip.tsx [Server Component]
    ./src/app/(public)/layout.tsx [Server Component] @ http://localhost:3000/_next/static/chunks/node_modules_next_dist_1gdrd03._.js:1945
[   23249ms] [ERROR] ./src/lib/prisma.ts
Code generation for chunk item errored
An error occurred while generating the chunk item [project]/src/lib/prisma.ts [app-client] (ecmascript) <locals>

Caused by:
- the chunking context (unknown) does not support external modules (request: node:dns)

Debug info:
- An error occurred while generating the chunk item [project]/src/lib/prisma.ts [app-client] (ecmascript) <locals>
- Execution of <EcmascriptModuleLocalsModule as EcmascriptChunkPlaceable>::chunk_item_content failed
- Execution of *EcmascriptChunkItemContent::new failed
- Execution of EcmascriptModuleContent::new failed
- the chunking context (unknown) does not support external modules (request: node:dns)

Import traces:
  #1 [Server Component]:
    ./src/lib/prisma.ts
    ./src/auth.ts
    ./src/app/layout.tsx

  #2 [Server Component]:
    ./src/lib/prisma.ts
    ./src/lib/appreciation.ts
    ./src/components/home/HomeAppreciationSnippet.tsx
    ./src/app/(public)/page.tsx

  #3 [Server Component]:
    ./src/lib/prisma.ts
    ./src/lib/open-events.ts
    ./src/components/home/HomeOpenEventsChip.tsx
    ./src/app/(public)/layout.tsx

  #4 [Client Component Browser]:
    ./src/lib/prisma.ts [Client Component Browser]
    ./src/lib/open-events.ts [Client Component Browser]
    ./src/components/home/OpenEventsFloatingChip.tsx [Client Component Browser]
    ./src/components/home/OpenEventsFloatingChip.tsx [Server Component]
    ./src/components/home/HomeOpenEventsChip.tsx [Server Component]
    ./src/app/(public)/layout.tsx [Server Component]

  #5 [Client Component SSR]:
    ./src/lib/prisma.ts [Client Component SSR]
    ./src/lib/open-events.ts [Client Component SSR]
    ./src/components/home/OpenEventsFloatingChip.tsx [Client Component SSR]
    ./src/components/home/OpenEventsFloatingChip.tsx [Server Component]
    ./src/components/home/HomeOpenEventsChip.tsx [Server Component]
    ./src/app/(public)/layout.tsx [Server Component] @ http://localhost:3000/_next/static/chunks/node_modules_next_dist_1gdrd03._.js:1945
[   23310ms] [ERROR] ./src/lib/prisma.ts
Code generation for chunk item errored
An error occurred while generating the chunk item [project]/src/lib/prisma.ts [app-client] (ecmascript) <locals>

Caused by:
- the chunking context (unknown) does not support external modules (request: node:dns)

Debug info:
- An error occurred while generating the chunk item [project]/src/lib/prisma.ts [app-client] (ecmascript) <locals>
- Execution of <EcmascriptModuleLocalsModule as EcmascriptChunkPlaceable>::chunk_item_content failed
- Execution of *EcmascriptChunkItemContent::new failed
- Execution of EcmascriptModuleContent::new failed
- the chunking context (unknown) does not support external modules (request: node:dns)

Import traces:
  #1 [Server Component]:
    ./src/lib/prisma.ts
    ./src/auth.ts
    ./src/app/layout.tsx

  #2 [Server Component]:
    ./src/lib/prisma.ts
    ./src/lib/appreciation.ts
    ./src/components/home/HomeAppreciationSnippet.tsx
    ./src/app/(public)/page.tsx

  #3 [Server Component]:
    ./src/lib/prisma.ts
    ./src/lib/open-events.ts
    ./src/components/home/HomeOpenEventsChip.tsx
    ./src/app/(public)/layout.tsx

  #4 [Client Component Browser]:
    ./src/lib/prisma.ts [Client Component Browser]
    ./src/lib/open-events.ts [Client Component Browser]
    ./src/components/home/OpenEventsFloatingChip.tsx [Client Component Browser]
    ./src/components/home/OpenEventsFloatingChip.tsx [Server Component]
    ./src/components/home/HomeOpenEventsChip.tsx [Server Component]
    ./src/app/(public)/layout.tsx [Server Component]

  #5 [Client Component SSR]:
    ./src/lib/prisma.ts [Client Component SSR]
    ./src/lib/open-events.ts [Client Component SSR]
    ./src/components/home/OpenEventsFloatingChip.tsx [Client Component SSR]
    ./src/components/home/OpenEventsFloatingChip.tsx [Server Component]
    ./src/components/home/HomeOpenEventsChip.tsx [Server Component]
    ./src/app/(public)/layout.tsx [Server Component] @ http://localhost:3000/_next/static/chunks/node_modules_next_dist_1gdrd03._.js:1945
[   23373ms] [ERROR] ./src/lib/prisma.ts
Code generation for chunk item errored
An error occurred while generating the chunk item [project]/src/lib/prisma.ts [app-client] (ecmascript) <locals>

Caused by:
- the chunking context (unknown) does not support external modules (request: node:dns)

Debug info:
- An error occurred while generating the chunk item [project]/src/lib/prisma.ts [app-client] (ecmascript) <locals>
- Execution of <EcmascriptModuleLocalsModule as EcmascriptChunkPlaceable>::chunk_item_content failed
- Execution of *EcmascriptChunkItemContent::new failed
- Execution of EcmascriptModuleContent::new failed
- the chunking context (unknown) does not support external modules (request: node:dns)

Import traces:
  #1 [Server Component]:
    ./src/lib/prisma.ts
    ./src/auth.ts
    ./src/app/layout.tsx

  #2 [Server Component]:
    ./src/lib/prisma.ts
    ./src/lib/appreciation.ts
    ./src/components/home/HomeAppreciationSnippet.tsx
    ./src/app/(public)/page.tsx

  #3 [Server Component]:
    ./src/lib/prisma.ts
    ./src/lib/open-events.ts
    ./src/components/home/HomeOpenEventsChip.tsx
    ./src/app/(public)/layout.tsx

  #4 [Client Component Browser]:
    ./src/lib/prisma.ts [Client Component Browser]
    ./src/lib/open-events.ts [Client Component Browser]
    ./src/components/home/OpenEventsFloatingChip.tsx [Client Component Browser]
    ./src/components/home/OpenEventsFloatingChip.tsx [Server Component]
    ./src/components/home/HomeOpenEventsChip.tsx [Server Component]
    ./src/app/(public)/layout.tsx [Server Component]

  #5 [Client Component SSR]:
    ./src/lib/prisma.ts [Client Component SSR]
    ./src/lib/open-events.ts [Client Component SSR]
    ./src/components/home/OpenEventsFloatingChip.tsx [Client Component SSR]
    ./src/components/home/OpenEventsFloatingChip.tsx [Server Component]
    ./src/components/home/HomeOpenEventsChip.tsx [Server Component]
    ./src/app/(public)/layout.tsx [Server Component] @ http://localhost:3000/_next/static/chunks/node_modules_next_dist_1gdrd03._.js:1945
[   23450ms] [ERROR] ./src/lib/prisma.ts
Code generation for chunk item errored
An error occurred while generating the chunk item [project]/src/lib/prisma.ts [app-client] (ecmascript) <locals>

Caused by:
- the chunking context (unknown) does not support external modules (request: node:dns)

Debug info:
- An error occurred while generating the chunk item [project]/src/lib/prisma.ts [app-client] (ecmascript) <locals>
- Execution of <EcmascriptModuleLocalsModule as EcmascriptChunkPlaceable>::chunk_item_content failed
- Execution of *EcmascriptChunkItemContent::new failed
- Execution of EcmascriptModuleContent::new failed
- the chunking context (unknown) does not support external modules (request: node:dns)

Import traces:
  #1 [Server Component]:
    ./src/lib/prisma.ts
    ./src/auth.ts
    ./src/app/layout.tsx

  #2 [Server Component]:
    ./src/lib/prisma.ts
    ./src/lib/appreciation.ts
    ./src/components/home/HomeAppreciationSnippet.tsx
    ./src/app/(public)/page.tsx

  #3 [Server Component]:
    ./src/lib/prisma.ts
    ./src/lib/open-events.ts
    ./src/components/home/HomeOpenEventsChip.tsx
    ./src/app/(public)/layout.tsx

  #4 [Client Component Browser]:
    ./src/lib/prisma.ts [Client Component Browser]
    ./src/lib/open-events.ts [Client Component Browser]
    ./src/components/home/OpenEventsFloatingChip.tsx [Client Component Browser]
    ./src/components/home/OpenEventsFloatingChip.tsx [Server Component]
    ./src/components/home/HomeOpenEventsChip.tsx [Server Component]
    ./src/app/(public)/layout.tsx [Server Component]

  #5 [Client Component SSR]:
    ./src/lib/prisma.ts [Client Component SSR]
    ./src/lib/open-events.ts [Client Component SSR]
    ./src/components/home/OpenEventsFloatingChip.tsx [Client Component SSR]
    ./src/components/home/OpenEventsFloatingChip.tsx [Server Component]
    ./src/components/home/HomeOpenEventsChip.tsx [Server Component]
    ./src/app/(public)/layout.tsx [Server Component] @ http://localhost:3000/_next/static/chunks/node_modules_next_dist_1gdrd03._.js:1945
[   23513ms] [ERROR] ./src/lib/prisma.ts
Code generation for chunk item errored
An error occurred while generating the chunk item [project]/src/lib/prisma.ts [app-client] (ecmascript) <locals>

Caused by:
- the chunking context (unknown) does not support external modules (request: node:dns)

Debug info:
- An error occurred while generating the chunk item [project]/src/lib/prisma.ts [app-client] (ecmascript) <locals>
- Execution of <EcmascriptModuleLocalsModule as EcmascriptChunkPlaceable>::chunk_item_content failed
- Execution of *EcmascriptChunkItemContent::new failed
- Execution of EcmascriptModuleContent::new failed
- the chunking context (unknown) does not support external modules (request: node:dns)

Import traces:
  #1 [Server Component]:
    ./src/lib/prisma.ts
    ./src/auth.ts
    ./src/app/layout.tsx

  #2 [Server Component]:
    ./src/lib/prisma.ts
    ./src/lib/appreciation.ts
    ./src/components/home/HomeAppreciationSnippet.tsx
    ./src/app/(public)/page.tsx

  #3 [Server Component]:
    ./src/lib/prisma.ts
    ./src/lib/open-events.ts
    ./src/components/home/HomeOpenEventsChip.tsx
    ./src/app/(public)/layout.tsx

  #4 [Client Component Browser]:
    ./src/lib/prisma.ts [Client Component Browser]
    ./src/lib/open-events.ts [Client Component Browser]
    ./src/components/home/OpenEventsFloatingChip.tsx [Client Component Browser]
    ./src/components/home/OpenEventsFloatingChip.tsx [Server Component]
    ./src/components/home/HomeOpenEventsChip.tsx [Server Component]
    ./src/app/(public)/layout.tsx [Server Component]

  #5 [Client Component SSR]:
    ./src/lib/prisma.ts [Client Component SSR]
    ./src/lib/open-events.ts [Client Component SSR]
    ./src/components/home/OpenEventsFloatingChip.tsx [Client Component SSR]
    ./src/components/home/OpenEventsFloatingChip.tsx [Server Component]
    ./src/components/home/HomeOpenEventsChip.tsx [Server Component]
    ./src/app/(public)/layout.tsx [Server Component] @ http://localhost:3000/_next/static/chunks/node_modules_next_dist_1gdrd03._.js:1945
[   23573ms] [ERROR] ./src/lib/prisma.ts
Code generation for chunk item errored
An error occurred while generating the chunk item [project]/src/lib/prisma.ts [app-client] (ecmascript) <locals>

Caused by:
- the chunking context (unknown) does not support external modules (request: node:dns)

Debug info:
- An error occurred while generating the chunk item [project]/src/lib/prisma.ts [app-client] (ecmascript) <locals>
- Execution of <EcmascriptModuleLocalsModule as EcmascriptChunkPlaceable>::chunk_item_content failed
- Execution of *EcmascriptChunkItemContent::new failed
- Execution of EcmascriptModuleContent::new failed
- the chunking context (unknown) does not support external modules (request: node:dns)

Import traces:
  #1 [Server Component]:
    ./src/lib/prisma.ts
    ./src/auth.ts
    ./src/app/layout.tsx

  #2 [Server Component]:
    ./src/lib/prisma.ts
    ./src/lib/appreciation.ts
    ./src/components/home/HomeAppreciationSnippet.tsx
    ./src/app/(public)/page.tsx

  #3 [Server Component]:
    ./src/lib/prisma.ts
    ./src/lib/open-events.ts
    ./src/components/home/HomeOpenEventsChip.tsx
    ./src/app/(public)/layout.tsx

  #4 [Client Component Browser]:
    ./src/lib/prisma.ts [Client Component Browser]
    ./src/lib/open-events.ts [Client Component Browser]
    ./src/components/home/OpenEventsFloatingChip.tsx [Client Component Browser]
    ./src/components/home/OpenEventsFloatingChip.tsx [Server Component]
    ./src/components/home/HomeOpenEventsChip.tsx [Server Component]
    ./src/app/(public)/layout.tsx [Server Component]

  #5 [Client Component SSR]:
    ./src/lib/prisma.ts [Client Component SSR]
    ./src/lib/open-events.ts [Client Component SSR]
    ./src/components/home/OpenEventsFloatingChip.tsx [Client Component SSR]
    ./src/components/home/OpenEventsFloatingChip.tsx [Server Component]
    ./src/components/home/HomeOpenEventsChip.tsx [Server Component]
    ./src/app/(public)/layout.tsx [Server Component] @ http://localhost:3000/_next/static/chunks/node_modules_next_dist_1gdrd03._.js:1945
[   23636ms] [ERROR] ./src/lib/prisma.ts
Code generation for chunk item errored
An error occurred while generating the chunk item [project]/src/lib/prisma.ts [app-client] (ecmascript) <locals>

Caused by:
- the chunking context (unknown) does not support external modules (request: node:dns)

Debug info:
- An error occurred while generating the chunk item [project]/src/lib/prisma.ts [app-client] (ecmascript) <locals>
- Execution of <EcmascriptModuleLocalsModule as EcmascriptChunkPlaceable>::chunk_item_content failed
- Execution of *EcmascriptChunkItemContent::new failed
- Execution of EcmascriptModuleContent::new failed
- the chunking context (unknown) does not support external modules (request: node:dns)

Import traces:
  #1 [Server Component]:
    ./src/lib/prisma.ts
    ./src/auth.ts
    ./src/app/layout.tsx

  #2 [Server Component]:
    ./src/lib/prisma.ts
    ./src/lib/appreciation.ts
    ./src/components/home/HomeAppreciationSnippet.tsx
    ./src/app/(public)/page.tsx

  #3 [Server Component]:
    ./src/lib/prisma.ts
    ./src/lib/open-events.ts
    ./src/components/home/HomeOpenEventsChip.tsx
    ./src/app/(public)/layout.tsx

  #4 [Client Component Browser]:
    ./src/lib/prisma.ts [Client Component Browser]
    ./src/lib/open-events.ts [Client Component Browser]
    ./src/components/home/OpenEventsFloatingChip.tsx [Client Component Browser]
    ./src/components/home/OpenEventsFloatingChip.tsx [Server Component]
    ./src/components/home/HomeOpenEventsChip.tsx [Server Component]
    ./src/app/(public)/layout.tsx [Server Component]

  #5 [Client Component SSR]:
    ./src/lib/prisma.ts [Client Component SSR]
    ./src/lib/open-events.ts [Client Component SSR]
    ./src/components/home/OpenEventsFloatingChip.tsx [Client Component SSR]
    ./src/components/home/OpenEventsFloatingChip.tsx [Server Component]
    ./src/components/home/HomeOpenEventsChip.tsx [Server Component]
    ./src/app/(public)/layout.tsx [Server Component] @ http://localhost:3000/_next/static/chunks/node_modules_next_dist_1gdrd03._.js:1945
[   23696ms] [ERROR] ./src/lib/prisma.ts
Code generation for chunk item errored
An error occurred while generating the chunk item [project]/src/lib/prisma.ts [app-client] (ecmascript) <locals>

Caused by:
- the chunking context (unknown) does not support external modules (request: node:dns)

Debug info:
- An error occurred while generating the chunk item [project]/src/lib/prisma.ts [app-client] (ecmascript) <locals>
- Execution of <EcmascriptModuleLocalsModule as EcmascriptChunkPlaceable>::chunk_item_content failed
- Execution of *EcmascriptChunkItemContent::new failed
- Execution of EcmascriptModuleContent::new failed
- the chunking context (unknown) does not support external modules (request: node:dns)

Import traces:
  #1 [Server Component]:
    ./src/lib/prisma.ts
    ./src/auth.ts
    ./src/app/layout.tsx

  #2 [Server Component]:
    ./src/lib/prisma.ts
    ./src/lib/appreciation.ts
    ./src/components/home/HomeAppreciationSnippet.tsx
    ./src/app/(public)/page.tsx

  #3 [Server Component]:
    ./src/lib/prisma.ts
    ./src/lib/open-events.ts
    ./src/components/home/HomeOpenEventsChip.tsx
    ./src/app/(public)/layout.tsx

  #4 [Client Component Browser]:
    ./src/lib/prisma.ts [Client Component Browser]
    ./src/lib/open-events.ts [Client Component Browser]
    ./src/components/home/OpenEventsFloatingChip.tsx [Client Component Browser]
    ./src/components/home/OpenEventsFloatingChip.tsx [Server Component]
    ./src/components/home/HomeOpenEventsChip.tsx [Server Component]
    ./src/app/(public)/layout.tsx [Server Component]

  #5 [Client Component SSR]:
    ./src/lib/prisma.ts [Client Component SSR]
    ./src/lib/open-events.ts [Client Component SSR]
    ./src/components/home/OpenEventsFloatingChip.tsx [Client Component SSR]
    ./src/components/home/OpenEventsFloatingChip.tsx [Server Component]
    ./src/components/home/HomeOpenEventsChip.tsx [Server Component]
    ./src/app/(public)/layout.tsx [Server Component] @ http://localhost:3000/_next/static/chunks/node_modules_next_dist_1gdrd03._.js:1945
[   23759ms] [ERROR] ./src/lib/prisma.ts
Code generation for chunk item errored
An error occurred while generating the chunk item [project]/src/lib/prisma.ts [app-client] (ecmascript) <locals>

Caused by:
- the chunking context (unknown) does not support external modules (request: node:dns)

Debug info:
- An error occurred while generating the chunk item [project]/src/lib/prisma.ts [app-client] (ecmascript) <locals>
- Execution of <EcmascriptModuleLocalsModule as EcmascriptChunkPlaceable>::chunk_item_content failed
- Execution of *EcmascriptChunkItemContent::new failed
- Execution of EcmascriptModuleContent::new failed
- the chunking context (unknown) does not support external modules (request: node:dns)

Import traces:
  #1 [Server Component]:
    ./src/lib/prisma.ts
    ./src/auth.ts
    ./src/app/layout.tsx

  #2 [Server Component]:
    ./src/lib/prisma.ts
    ./src/lib/appreciation.ts
    ./src/components/home/HomeAppreciationSnippet.tsx
    ./src/app/(public)/page.tsx

  #3 [Server Component]:
    ./src/lib/prisma.ts
    ./src/lib/open-events.ts
    ./src/components/home/HomeOpenEventsChip.tsx
    ./src/app/(public)/layout.tsx

  #4 [Client Component Browser]:
    ./src/lib/prisma.ts [Client Component Browser]
    ./src/lib/open-events.ts [Client Component Browser]
    ./src/components/home/OpenEventsFloatingChip.tsx [Client Component Browser]
    ./src/components/home/OpenEventsFloatingChip.tsx [Server Component]
    ./src/components/home/HomeOpenEventsChip.tsx [Server Component]
    ./src/app/(public)/layout.tsx [Server Component]

  #5 [Client Component SSR]:
    ./src/lib/prisma.ts [Client Component SSR]
    ./src/lib/open-events.ts [Client Component SSR]
    ./src/components/home/OpenEventsFloatingChip.tsx [Client Component SSR]
    ./src/components/home/OpenEventsFloatingChip.tsx [Server Component]
    ./src/components/home/HomeOpenEventsChip.tsx [Server Component]
    ./src/app/(public)/layout.tsx [Server Component] @ http://localhost:3000/_next/static/chunks/node_modules_next_dist_1gdrd03._.js:1945
[   23821ms] [ERROR] ./src/lib/prisma.ts
Code generation for chunk item errored
An error occurred while generating the chunk item [project]/src/lib/prisma.ts [app-client] (ecmascript) <locals>

Caused by:
- the chunking context (unknown) does not support external modules (request: node:dns)

Debug info:
- An error occurred while generating the chunk item [project]/src/lib/prisma.ts [app-client] (ecmascript) <locals>
- Execution of <EcmascriptModuleLocalsModule as EcmascriptChunkPlaceable>::chunk_item_content failed
- Execution of *EcmascriptChunkItemContent::new failed
- Execution of EcmascriptModuleContent::new failed
- the chunking context (unknown) does not support external modules (request: node:dns)

Import traces:
  #1 [Server Component]:
    ./src/lib/prisma.ts
    ./src/auth.ts
    ./src/app/layout.tsx

  #2 [Server Component]:
    ./src/lib/prisma.ts
    ./src/lib/appreciation.ts
    ./src/components/home/HomeAppreciationSnippet.tsx
    ./src/app/(public)/page.tsx

  #3 [Server Component]:
    ./src/lib/prisma.ts
    ./src/lib/open-events.ts
    ./src/components/home/HomeOpenEventsChip.tsx
    ./src/app/(public)/layout.tsx

  #4 [Client Component Browser]:
    ./src/lib/prisma.ts [Client Component Browser]
    ./src/lib/open-events.ts [Client Component Browser]
    ./src/components/home/OpenEventsFloatingChip.tsx [Client Component Browser]
    ./src/components/home/OpenEventsFloatingChip.tsx [Server Component]
    ./src/components/home/HomeOpenEventsChip.tsx [Server Component]
    ./src/app/(public)/layout.tsx [Server Component]

  #5 [Client Component SSR]:
    ./src/lib/prisma.ts [Client Component SSR]
    ./src/lib/open-events.ts [Client Component SSR]
    ./src/components/home/OpenEventsFloatingChip.tsx [Client Component SSR]
    ./src/components/home/OpenEventsFloatingChip.tsx [Server Component]
    ./src/components/home/HomeOpenEventsChip.tsx [Server Component]
    ./src/app/(public)/layout.tsx [Server Component] @ http://localhost:3000/_next/static/chunks/node_modules_next_dist_1gdrd03._.js:1945
[   23885ms] [ERROR] ./src/lib/prisma.ts
Code generation for chunk item errored
An error occurred while generating the chunk item [project]/src/lib/prisma.ts [app-client] (ecmascript) <locals>

Caused by:
- the chunking context (unknown) does not support external modules (request: node:dns)

Debug info:
- An error occurred while generating the chunk item [project]/src/lib/prisma.ts [app-client] (ecmascript) <locals>
- Execution of <EcmascriptModuleLocalsModule as EcmascriptChunkPlaceable>::chunk_item_content failed
- Execution of *EcmascriptChunkItemContent::new failed
- Execution of EcmascriptModuleContent::new failed
- the chunking context (unknown) does not support external modules (request: node:dns)

Import traces:
  #1 [Server Component]:
    ./src/lib/prisma.ts
    ./src/auth.ts
    ./src/app/layout.tsx

  #2 [Server Component]:
    ./src/lib/prisma.ts
    ./src/lib/appreciation.ts
    ./src/components/home/HomeAppreciationSnippet.tsx
    ./src/app/(public)/page.tsx

  #3 [Server Component]:
    ./src/lib/prisma.ts
    ./src/lib/open-events.ts
    ./src/components/home/HomeOpenEventsChip.tsx
    ./src/app/(public)/layout.tsx

  #4 [Client Component Browser]:
    ./src/lib/prisma.ts [Client Component Browser]
    ./src/lib/open-events.ts [Client Component Browser]
    ./src/components/home/OpenEventsFloatingChip.tsx [Client Component Browser]
    ./src/components/home/OpenEventsFloatingChip.tsx [Server Component]
    ./src/components/home/HomeOpenEventsChip.tsx [Server Component]
    ./src/app/(public)/layout.tsx [Server Component]

  #5 [Client Component SSR]:
    ./src/lib/prisma.ts [Client Component SSR]
    ./src/lib/open-events.ts [Client Component SSR]
    ./src/components/home/OpenEventsFloatingChip.tsx [Client Component SSR]
    ./src/components/home/OpenEventsFloatingChip.tsx [Server Component]
    ./src/components/home/HomeOpenEventsChip.tsx [Server Component]
    ./src/app/(public)/layout.tsx [Server Component] @ http://localhost:3000/_next/static/chunks/node_modules_next_dist_1gdrd03._.js:1945
[   23947ms] [ERROR] ./src/lib/prisma.ts
Code generation for chunk item errored
An error occurred while generating the chunk item [project]/src/lib/prisma.ts [app-client] (ecmascript) <locals>

Caused by:
- the chunking context (unknown) does not support external modules (request: node:dns)

Debug info:
- An error occurred while generating the chunk item [project]/src/lib/prisma.ts [app-client] (ecmascript) <locals>
- Execution of <EcmascriptModuleLocalsModule as EcmascriptChunkPlaceable>::chunk_item_content failed
- Execution of *EcmascriptChunkItemContent::new failed
- Execution of EcmascriptModuleContent::new failed
- the chunking context (unknown) does not support external modules (request: node:dns)

Import traces:
  #1 [Server Component]:
    ./src/lib/prisma.ts
    ./src/auth.ts
    ./src/app/layout.tsx

  #2 [Server Component]:
    ./src/lib/prisma.ts
    ./src/lib/appreciation.ts
    ./src/components/home/HomeAppreciationSnippet.tsx
    ./src/app/(public)/page.tsx

  #3 [Server Component]:
    ./src/lib/prisma.ts
    ./src/lib/open-events.ts
    ./src/components/home/HomeOpenEventsChip.tsx
    ./src/app/(public)/layout.tsx

  #4 [Client Component Browser]:
    ./src/lib/prisma.ts [Client Component Browser]
    ./src/lib/open-events.ts [Client Component Browser]
    ./src/components/home/OpenEventsFloatingChip.tsx [Client Component Browser]
    ./src/components/home/OpenEventsFloatingChip.tsx [Server Component]
    ./src/components/home/HomeOpenEventsChip.tsx [Server Component]
    ./src/app/(public)/layout.tsx [Server Component]

  #5 [Client Component SSR]:
    ./src/lib/prisma.ts [Client Component SSR]
    ./src/lib/open-events.ts [Client Component SSR]
    ./src/components/home/OpenEventsFloatingChip.tsx [Client Component SSR]
    ./src/components/home/OpenEventsFloatingChip.tsx [Server Component]
    ./src/components/home/HomeOpenEventsChip.tsx [Server Component]
    ./src/app/(public)/layout.tsx [Server Component] @ http://localhost:3000/_next/static/chunks/node_modules_next_dist_1gdrd03._.js:1945
[   24010ms] [ERROR] ./src/lib/prisma.ts
Code generation for chunk item errored
An error occurred while generating the chunk item [project]/src/lib/prisma.ts [app-client] (ecmascript) <locals>

Caused by:
- the chunking context (unknown) does not support external modules (request: node:dns)

Debug info:
- An error occurred while generating the chunk item [project]/src/lib/prisma.ts [app-client] (ecmascript) <locals>
- Execution of <EcmascriptModuleLocalsModule as EcmascriptChunkPlaceable>::chunk_item_content failed
- Execution of *EcmascriptChunkItemContent::new failed
- Execution of EcmascriptModuleContent::new failed
- the chunking context (unknown) does not support external modules (request: node:dns)

Import traces:
  #1 [Server Component]:
    ./src/lib/prisma.ts
    ./src/auth.ts
    ./src/app/layout.tsx

  #2 [Server Component]:
    ./src/lib/prisma.ts
    ./src/lib/appreciation.ts
    ./src/components/home/HomeAppreciationSnippet.tsx
    ./src/app/(public)/page.tsx

  #3 [Server Component]:
    ./src/lib/prisma.ts
    ./src/lib/open-events.ts
    ./src/components/home/HomeOpenEventsChip.tsx
    ./src/app/(public)/layout.tsx

  #4 [Client Component Browser]:
    ./src/lib/prisma.ts [Client Component Browser]
    ./src/lib/open-events.ts [Client Component Browser]
    ./src/components/home/OpenEventsFloatingChip.tsx [Client Component Browser]
    ./src/components/home/OpenEventsFloatingChip.tsx [Server Component]
    ./src/components/home/HomeOpenEventsChip.tsx [Server Component]
    ./src/app/(public)/layout.tsx [Server Component]

  #5 [Client Component SSR]:
    ./src/lib/prisma.ts [Client Component SSR]
    ./src/lib/open-events.ts [Client Component SSR]
    ./src/components/home/OpenEventsFloatingChip.tsx [Client Component SSR]
    ./src/components/home/OpenEventsFloatingChip.tsx [Server Component]
    ./src/components/home/HomeOpenEventsChip.tsx [Server Component]
    ./src/app/(public)/layout.tsx [Server Component] @ http://localhost:3000/_next/static/chunks/node_modules_next_dist_1gdrd03._.js:1945
[   24071ms] [ERROR] ./src/lib/prisma.ts
Code generation for chunk item errored
An error occurred while generating the chunk item [project]/src/lib/prisma.ts [app-client] (ecmascript) <locals>

Caused by:
- the chunking context (unknown) does not support external modules (request: node:dns)

Debug info:
- An error occurred while generating the chunk item [project]/src/lib/prisma.ts [app-client] (ecmascript) <locals>
- Execution of <EcmascriptModuleLocalsModule as EcmascriptChunkPlaceable>::chunk_item_content failed
- Execution of *EcmascriptChunkItemContent::new failed
- Execution of EcmascriptModuleContent::new failed
- the chunking context (unknown) does not support external modules (request: node:dns)

Import traces:
  #1 [Server Component]:
    ./src/lib/prisma.ts
    ./src/auth.ts
    ./src/app/layout.tsx

  #2 [Server Component]:
    ./src/lib/prisma.ts
    ./src/lib/appreciation.ts
    ./src/components/home/HomeAppreciationSnippet.tsx
    ./src/app/(public)/page.tsx

  #3 [Server Component]:
    ./src/lib/prisma.ts
    ./src/lib/open-events.ts
    ./src/components/home/HomeOpenEventsChip.tsx
    ./src/app/(public)/layout.tsx

  #4 [Client Component Browser]:
    ./src/lib/prisma.ts [Client Component Browser]
    ./src/lib/open-events.ts [Client Component Browser]
    ./src/components/home/OpenEventsFloatingChip.tsx [Client Component Browser]
    ./src/components/home/OpenEventsFloatingChip.tsx [Server Component]
    ./src/components/home/HomeOpenEventsChip.tsx [Server Component]
    ./src/app/(public)/layout.tsx [Server Component]

  #5 [Client Component SSR]:
    ./src/lib/prisma.ts [Client Component SSR]
    ./src/lib/open-events.ts [Client Component SSR]
    ./src/components/home/OpenEventsFloatingChip.tsx [Client Component SSR]
    ./src/components/home/OpenEventsFloatingChip.tsx [Server Component]
    ./src/components/home/HomeOpenEventsChip.tsx [Server Component]
    ./src/app/(public)/layout.tsx [Server Component] @ http://localhost:3000/_next/static/chunks/node_modules_next_dist_1gdrd03._.js:1945
[   24134ms] [ERROR] ./src/lib/prisma.ts
Code generation for chunk item errored
An error occurred while generating the chunk item [project]/src/lib/prisma.ts [app-client] (ecmascript) <locals>

Caused by:
- the chunking context (unknown) does not support external modules (request: node:dns)

Debug info:
- An error occurred while generating the chunk item [project]/src/lib/prisma.ts [app-client] (ecmascript) <locals>
- Execution of <EcmascriptModuleLocalsModule as EcmascriptChunkPlaceable>::chunk_item_content failed
- Execution of *EcmascriptChunkItemContent::new failed
- Execution of EcmascriptModuleContent::new failed
- the chunking context (unknown) does not support external modules (request: node:dns)

Import traces:
  #1 [Server Component]:
    ./src/lib/prisma.ts
    ./src/auth.ts
    ./src/app/layout.tsx

  #2 [Server Component]:
    ./src/lib/prisma.ts
    ./src/lib/appreciation.ts
    ./src/components/home/HomeAppreciationSnippet.tsx
    ./src/app/(public)/page.tsx

  #3 [Server Component]:
    ./src/lib/prisma.ts
    ./src/lib/open-events.ts
    ./src/components/home/HomeOpenEventsChip.tsx
    ./src/app/(public)/layout.tsx

  #4 [Client Component Browser]:
    ./src/lib/prisma.ts [Client Component Browser]
    ./src/lib/open-events.ts [Client Component Browser]
    ./src/components/home/OpenEventsFloatingChip.tsx [Client Component Browser]
    ./src/components/home/OpenEventsFloatingChip.tsx [Server Component]
    ./src/components/home/HomeOpenEventsChip.tsx [Server Component]
    ./src/app/(public)/layout.tsx [Server Component]

  #5 [Client Component SSR]:
    ./src/lib/prisma.ts [Client Component SSR]
    ./src/lib/open-events.ts [Client Component SSR]
    ./src/components/home/OpenEventsFloatingChip.tsx [Client Component SSR]
    ./src/components/home/OpenEventsFloatingChip.tsx [Server Component]
    ./src/components/home/HomeOpenEventsChip.tsx [Server Component]
    ./src/app/(public)/layout.tsx [Server Component] @ http://localhost:3000/_next/static/chunks/node_modules_next_dist_1gdrd03._.js:1945
[   24196ms] [ERROR] ./src/lib/prisma.ts
Code generation for chunk item errored
An error occurred while generating the chunk item [project]/src/lib/prisma.ts [app-client] (ecmascript) <locals>

Caused by:
- the chunking context (unknown) does not support external modules (request: node:dns)

Debug info:
- An error occurred while generating the chunk item [project]/src/lib/prisma.ts [app-client] (ecmascript) <locals>
- Execution of <EcmascriptModuleLocalsModule as EcmascriptChunkPlaceable>::chunk_item_content failed
- Execution of *EcmascriptChunkItemContent::new failed
- Execution of EcmascriptModuleContent::new failed
- the chunking context (unknown) does not support external modules (request: node:dns)

Import traces:
  #1 [Server Component]:
    ./src/lib/prisma.ts
    ./src/auth.ts
    ./src/app/layout.tsx

  #2 [Server Component]:
    ./src/lib/prisma.ts
    ./src/lib/appreciation.ts
    ./src/components/home/HomeAppreciationSnippet.tsx
    ./src/app/(public)/page.tsx

  #3 [Server Component]:
    ./src/lib/prisma.ts
    ./src/lib/open-events.ts
    ./src/components/home/HomeOpenEventsChip.tsx
    ./src/app/(public)/layout.tsx

  #4 [Client Component Browser]:
    ./src/lib/prisma.ts [Client Component Browser]
    ./src/lib/open-events.ts [Client Component Browser]
    ./src/components/home/OpenEventsFloatingChip.tsx [Client Component Browser]
    ./src/components/home/OpenEventsFloatingChip.tsx [Server Component]
    ./src/components/home/HomeOpenEventsChip.tsx [Server Component]
    ./src/app/(public)/layout.tsx [Server Component]

  #5 [Client Component SSR]:
    ./src/lib/prisma.ts [Client Component SSR]
    ./src/lib/open-events.ts [Client Component SSR]
    ./src/components/home/OpenEventsFloatingChip.tsx [Client Component SSR]
    ./src/components/home/OpenEventsFloatingChip.tsx [Server Component]
    ./src/components/home/HomeOpenEventsChip.tsx [Server Component]
    ./src/app/(public)/layout.tsx [Server Component] @ http://localhost:3000/_next/static/chunks/node_modules_next_dist_1gdrd03._.js:1945
[   24258ms] [ERROR] ./src/lib/prisma.ts
Code generation for chunk item errored
An error occurred while generating the chunk item [project]/src/lib/prisma.ts [app-client] (ecmascript) <locals>

Caused by:
- the chunking context (unknown) does not support external modules (request: node:dns)

Debug info:
- An error occurred while generating the chunk item [project]/src/lib/prisma.ts [app-client] (ecmascript) <locals>
- Execution of <EcmascriptModuleLocalsModule as EcmascriptChunkPlaceable>::chunk_item_content failed
- Execution of *EcmascriptChunkItemContent::new failed
- Execution of EcmascriptModuleContent::new failed
- the chunking context (unknown) does not support external modules (request: node:dns)

Import traces:
  #1 [Server Component]:
    ./src/lib/prisma.ts
    ./src/auth.ts
    ./src/app/layout.tsx

  #2 [Server Component]:
    ./src/lib/prisma.ts
    ./src/lib/appreciation.ts
    ./src/components/home/HomeAppreciationSnippet.tsx
    ./src/app/(public)/page.tsx

  #3 [Server Component]:
    ./src/lib/prisma.ts
    ./src/lib/open-events.ts
    ./src/components/home/HomeOpenEventsChip.tsx
    ./src/app/(public)/layout.tsx

  #4 [Client Component Browser]:
    ./src/lib/prisma.ts [Client Component Browser]
    ./src/lib/open-events.ts [Client Component Browser]
    ./src/components/home/OpenEventsFloatingChip.tsx [Client Component Browser]
    ./src/components/home/OpenEventsFloatingChip.tsx [Server Component]
    ./src/components/home/HomeOpenEventsChip.tsx [Server Component]
    ./src/app/(public)/layout.tsx [Server Component]

  #5 [Client Component SSR]:
    ./src/lib/prisma.ts [Client Component SSR]
    ./src/lib/open-events.ts [Client Component SSR]
    ./src/components/home/OpenEventsFloatingChip.tsx [Client Component SSR]
    ./src/components/home/OpenEventsFloatingChip.tsx [Server Component]
    ./src/components/home/HomeOpenEventsChip.tsx [Server Component]
    ./src/app/(public)/layout.tsx [Server Component] @ http://localhost:3000/_next/static/chunks/node_modules_next_dist_1gdrd03._.js:1945
[   24321ms] [ERROR] ./src/lib/prisma.ts
Code generation for chunk item errored
An error occurred while generating the chunk item [project]/src/lib/prisma.ts [app-client] (ecmascript) <locals>

Caused by:
- the chunking context (unknown) does not support external modules (request: node:dns)

Debug info:
- An error occurred while generating the chunk item [project]/src/lib/prisma.ts [app-client] (ecmascript) <locals>
- Execution of <EcmascriptModuleLocalsModule as EcmascriptChunkPlaceable>::chunk_item_content failed
- Execution of *EcmascriptChunkItemContent::new failed
- Execution of EcmascriptModuleContent::new failed
- the chunking context (unknown) does not support external modules (request: node:dns)

Import traces:
  #1 [Server Component]:
    ./src/lib/prisma.ts
    ./src/auth.ts
    ./src/app/layout.tsx

  #2 [Server Component]:
    ./src/lib/prisma.ts
    ./src/lib/appreciation.ts
    ./src/components/home/HomeAppreciationSnippet.tsx
    ./src/app/(public)/page.tsx

  #3 [Server Component]:
    ./src/lib/prisma.ts
    ./src/lib/open-events.ts
    ./src/components/home/HomeOpenEventsChip.tsx
    ./src/app/(public)/layout.tsx

  #4 [Client Component Browser]:
    ./src/lib/prisma.ts [Client Component Browser]
    ./src/lib/open-events.ts [Client Component Browser]
    ./src/components/home/OpenEventsFloatingChip.tsx [Client Component Browser]
    ./src/components/home/OpenEventsFloatingChip.tsx [Server Component]
    ./src/components/home/HomeOpenEventsChip.tsx [Server Component]
    ./src/app/(public)/layout.tsx [Server Component]

  #5 [Client Component SSR]:
    ./src/lib/prisma.ts [Client Component SSR]
    ./src/lib/open-events.ts [Client Component SSR]
    ./src/components/home/OpenEventsFloatingChip.tsx [Client Component SSR]
    ./src/components/home/OpenEventsFloatingChip.tsx [Server Component]
    ./src/components/home/HomeOpenEventsChip.tsx [Server Component]
    ./src/app/(public)/layout.tsx [Server Component] @ http://localhost:3000/_next/static/chunks/node_modules_next_dist_1gdrd03._.js:1945
[   24383ms] [ERROR] ./src/lib/prisma.ts
Code generation for chunk item errored
An error occurred while generating the chunk item [project]/src/lib/prisma.ts [app-client] (ecmascript) <locals>

Caused by:
- the chunking context (unknown) does not support external modules (request: node:dns)

Debug info:
- An error occurred while generating the chunk item [project]/src/lib/prisma.ts [app-client] (ecmascript) <locals>
- Execution of <EcmascriptModuleLocalsModule as EcmascriptChunkPlaceable>::chunk_item_content failed
- Execution of *EcmascriptChunkItemContent::new failed
- Execution of EcmascriptModuleContent::new failed
- the chunking context (unknown) does not support external modules (request: node:dns)

Import traces:
  #1 [Server Component]:
    ./src/lib/prisma.ts
    ./src/auth.ts
    ./src/app/layout.tsx

  #2 [Server Component]:
    ./src/lib/prisma.ts
    ./src/lib/appreciation.ts
    ./src/components/home/HomeAppreciationSnippet.tsx
    ./src/app/(public)/page.tsx

  #3 [Server Component]:
    ./src/lib/prisma.ts
    ./src/lib/open-events.ts
    ./src/components/home/HomeOpenEventsChip.tsx
    ./src/app/(public)/layout.tsx

  #4 [Client Component Browser]:
    ./src/lib/prisma.ts [Client Component Browser]
    ./src/lib/open-events.ts [Client Component Browser]
    ./src/components/home/OpenEventsFloatingChip.tsx [Client Component Browser]
    ./src/components/home/OpenEventsFloatingChip.tsx [Server Component]
    ./src/components/home/HomeOpenEventsChip.tsx [Server Component]
    ./src/app/(public)/layout.tsx [Server Component]

  #5 [Client Component SSR]:
    ./src/lib/prisma.ts [Client Component SSR]
    ./src/lib/open-events.ts [Client Component SSR]
    ./src/components/home/OpenEventsFloatingChip.tsx [Client Component SSR]
    ./src/components/home/OpenEventsFloatingChip.tsx [Server Component]
    ./src/components/home/HomeOpenEventsChip.tsx [Server Component]
    ./src/app/(public)/layout.tsx [Server Component] @ http://localhost:3000/_next/static/chunks/node_modules_next_dist_1gdrd03._.js:1945
[   24446ms] [ERROR] ./src/lib/prisma.ts
Code generation for chunk item errored
An error occurred while generating the chunk item [project]/src/lib/prisma.ts [app-client] (ecmascript) <locals>

Caused by:
- the chunking context (unknown) does not support external modules (request: node:dns)

Debug info:
- An error occurred while generating the chunk item [project]/src/lib/prisma.ts [app-client] (ecmascript) <locals>
- Execution of <EcmascriptModuleLocalsModule as EcmascriptChunkPlaceable>::chunk_item_content failed
- Execution of *EcmascriptChunkItemContent::new failed
- Execution of EcmascriptModuleContent::new failed
- the chunking context (unknown) does not support external modules (request: node:dns)

Import traces:
  #1 [Server Component]:
    ./src/lib/prisma.ts
    ./src/auth.ts
    ./src/app/layout.tsx

  #2 [Server Component]:
    ./src/lib/prisma.ts
    ./src/lib/appreciation.ts
    ./src/components/home/HomeAppreciationSnippet.tsx
    ./src/app/(public)/page.tsx

  #3 [Server Component]:
    ./src/lib/prisma.ts
    ./src/lib/open-events.ts
    ./src/components/home/HomeOpenEventsChip.tsx
    ./src/app/(public)/layout.tsx

  #4 [Client Component Browser]:
    ./src/lib/prisma.ts [Client Component Browser]
    ./src/lib/open-events.ts [Client Component Browser]
    ./src/components/home/OpenEventsFloatingChip.tsx [Client Component Browser]
    ./src/components/home/OpenEventsFloatingChip.tsx [Server Component]
    ./src/components/home/HomeOpenEventsChip.tsx [Server Component]
    ./src/app/(public)/layout.tsx [Server Component]

  #5 [Client Component SSR]:
    ./src/lib/prisma.ts [Client Component SSR]
    ./src/lib/open-events.ts [Client Component SSR]
    ./src/components/home/OpenEventsFloatingChip.tsx [Client Component SSR]
    ./src/components/home/OpenEventsFloatingChip.tsx [Server Component]
    ./src/components/home/HomeOpenEventsChip.tsx [Server Component]
    ./src/app/(public)/layout.tsx [Server Component] @ http://localhost:3000/_next/static/chunks/node_modules_next_dist_1gdrd03._.js:1945
[   24508ms] [ERROR] ./src/lib/prisma.ts
Code generation for chunk item errored
An error occurred while generating the chunk item [project]/src/lib/prisma.ts [app-client] (ecmascript) <locals>

Caused by:
- the chunking context (unknown) does not support external modules (request: node:dns)

Debug info:
- An error occurred while generating the chunk item [project]/src/lib/prisma.ts [app-client] (ecmascript) <locals>
- Execution of <EcmascriptModuleLocalsModule as EcmascriptChunkPlaceable>::chunk_item_content failed
- Execution of *EcmascriptChunkItemContent::new failed
- Execution of EcmascriptModuleContent::new failed
- the chunking context (unknown) does not support external modules (request: node:dns)

Import traces:
  #1 [Server Component]:
    ./src/lib/prisma.ts
    ./src/auth.ts
    ./src/app/layout.tsx

  #2 [Server Component]:
    ./src/lib/prisma.ts
    ./src/lib/appreciation.ts
    ./src/components/home/HomeAppreciationSnippet.tsx
    ./src/app/(public)/page.tsx

  #3 [Server Component]:
    ./src/lib/prisma.ts
    ./src/lib/open-events.ts
    ./src/components/home/HomeOpenEventsChip.tsx
    ./src/app/(public)/layout.tsx

  #4 [Client Component Browser]:
    ./src/lib/prisma.ts [Client Component Browser]
    ./src/lib/open-events.ts [Client Component Browser]
    ./src/components/home/OpenEventsFloatingChip.tsx [Client Component Browser]
    ./src/components/home/OpenEventsFloatingChip.tsx [Server Component]
    ./src/components/home/HomeOpenEventsChip.tsx [Server Component]
    ./src/app/(public)/layout.tsx [Server Component]

  #5 [Client Component SSR]:
    ./src/lib/prisma.ts [Client Component SSR]
    ./src/lib/open-events.ts [Client Component SSR]
    ./src/components/home/OpenEventsFloatingChip.tsx [Client Component SSR]
    ./src/components/home/OpenEventsFloatingChip.tsx [Server Component]
    ./src/components/home/HomeOpenEventsChip.tsx [Server Component]
    ./src/app/(public)/layout.tsx [Server Component] @ http://localhost:3000/_next/static/chunks/node_modules_next_dist_1gdrd03._.js:1945
[   24571ms] [ERROR] ./src/lib/prisma.ts
Code generation for chunk item errored
An error occurred while generating the chunk item [project]/src/lib/prisma.ts [app-client] (ecmascript) <locals>

Caused by:
- the chunking context (unknown) does not support external modules (request: node:dns)

Debug info:
- An error occurred while generating the chunk item [project]/src/lib/prisma.ts [app-client] (ecmascript) <locals>
- Execution of <EcmascriptModuleLocalsModule as EcmascriptChunkPlaceable>::chunk_item_content failed
- Execution of *EcmascriptChunkItemContent::new failed
- Execution of EcmascriptModuleContent::new failed
- the chunking context (unknown) does not support external modules (request: node:dns)

Import traces:
  #1 [Server Component]:
    ./src/lib/prisma.ts
    ./src/auth.ts
    ./src/app/layout.tsx

  #2 [Server Component]:
    ./src/lib/prisma.ts
    ./src/lib/appreciation.ts
    ./src/components/home/HomeAppreciationSnippet.tsx
    ./src/app/(public)/page.tsx

  #3 [Server Component]:
    ./src/lib/prisma.ts
    ./src/lib/open-events.ts
    ./src/components/home/HomeOpenEventsChip.tsx
    ./src/app/(public)/layout.tsx

  #4 [Client Component Browser]:
    ./src/lib/prisma.ts [Client Component Browser]
    ./src/lib/open-events.ts [Client Component Browser]
    ./src/components/home/OpenEventsFloatingChip.tsx [Client Component Browser]
    ./src/components/home/OpenEventsFloatingChip.tsx [Server Component]
    ./src/components/home/HomeOpenEventsChip.tsx [Server Component]
    ./src/app/(public)/layout.tsx [Server Component]

  #5 [Client Component SSR]:
    ./src/lib/prisma.ts [Client Component SSR]
    ./src/lib/open-events.ts [Client Component SSR]
    ./src/components/home/OpenEventsFloatingChip.tsx [Client Component SSR]
    ./src/components/home/OpenEventsFloatingChip.tsx [Server Component]
    ./src/components/home/HomeOpenEventsChip.tsx [Server Component]
    ./src/app/(public)/layout.tsx [Server Component] @ http://localhost:3000/_next/static/chunks/node_modules_next_dist_1gdrd03._.js:1945
[   24634ms] [ERROR] ./src/lib/prisma.ts
Code generation for chunk item errored
An error occurred while generating the chunk item [project]/src/lib/prisma.ts [app-client] (ecmascript) <locals>

Caused by:
- the chunking context (unknown) does not support external modules (request: node:dns)

Debug info:
- An error occurred while generating the chunk item [project]/src/lib/prisma.ts [app-client] (ecmascript) <locals>
- Execution of <EcmascriptModuleLocalsModule as EcmascriptChunkPlaceable>::chunk_item_content failed
- Execution of *EcmascriptChunkItemContent::new failed
- Execution of EcmascriptModuleContent::new failed
- the chunking context (unknown) does not support external modules (request: node:dns)

Import traces:
  #1 [Server Component]:
    ./src/lib/prisma.ts
    ./src/auth.ts
    ./src/app/layout.tsx

  #2 [Server Component]:
    ./src/lib/prisma.ts
    ./src/lib/appreciation.ts
    ./src/components/home/HomeAppreciationSnippet.tsx
    ./src/app/(public)/page.tsx

  #3 [Server Component]:
    ./src/lib/prisma.ts
    ./src/lib/open-events.ts
    ./src/components/home/HomeOpenEventsChip.tsx
    ./src/app/(public)/layout.tsx

  #4 [Client Component Browser]:
    ./src/lib/prisma.ts [Client Component Browser]
    ./src/lib/open-events.ts [Client Component Browser]
    ./src/components/home/OpenEventsFloatingChip.tsx [Client Component Browser]
    ./src/components/home/OpenEventsFloatingChip.tsx [Server Component]
    ./src/components/home/HomeOpenEventsChip.tsx [Server Component]
    ./src/app/(public)/layout.tsx [Server Component]

  #5 [Client Component SSR]:
    ./src/lib/prisma.ts [Client Component SSR]
    ./src/lib/open-events.ts [Client Component SSR]
    ./src/components/home/OpenEventsFloatingChip.tsx [Client Component SSR]
    ./src/components/home/OpenEventsFloatingChip.tsx [Server Component]
    ./src/components/home/HomeOpenEventsChip.tsx [Server Component]
    ./src/app/(public)/layout.tsx [Server Component] @ http://localhost:3000/_next/static/chunks/node_modules_next_dist_1gdrd03._.js:1945
[   24695ms] [ERROR] ./src/lib/prisma.ts
Code generation for chunk item errored
An error occurred while generating the chunk item [project]/src/lib/prisma.ts [app-client] (ecmascript) <locals>

Caused by:
- the chunking context (unknown) does not support external modules (request: node:dns)

Debug info:
- An error occurred while generating the chunk item [project]/src/lib/prisma.ts [app-client] (ecmascript) <locals>
- Execution of <EcmascriptModuleLocalsModule as EcmascriptChunkPlaceable>::chunk_item_content failed
- Execution of *EcmascriptChunkItemContent::new failed
- Execution of EcmascriptModuleContent::new failed
- the chunking context (unknown) does not support external modules (request: node:dns)

Import traces:
  #1 [Server Component]:
    ./src/lib/prisma.ts
    ./src/auth.ts
    ./src/app/layout.tsx

  #2 [Server Component]:
    ./src/lib/prisma.ts
    ./src/lib/appreciation.ts
    ./src/components/home/HomeAppreciationSnippet.tsx
    ./src/app/(public)/page.tsx

  #3 [Server Component]:
    ./src/lib/prisma.ts
    ./src/lib/open-events.ts
    ./src/components/home/HomeOpenEventsChip.tsx
    ./src/app/(public)/layout.tsx

  #4 [Client Component Browser]:
    ./src/lib/prisma.ts [Client Component Browser]
    ./src/lib/open-events.ts [Client Component Browser]
    ./src/components/home/OpenEventsFloatingChip.tsx [Client Component Browser]
    ./src/components/home/OpenEventsFloatingChip.tsx [Server Component]
    ./src/components/home/HomeOpenEventsChip.tsx [Server Component]
    ./src/app/(public)/layout.tsx [Server Component]

  #5 [Client Component SSR]:
    ./src/lib/prisma.ts [Client Component SSR]
    ./src/lib/open-events.ts [Client Component SSR]
    ./src/components/home/OpenEventsFloatingChip.tsx [Client Component SSR]
    ./src/components/home/OpenEventsFloatingChip.tsx [Server Component]
    ./src/components/home/HomeOpenEventsChip.tsx [Server Component]
    ./src/app/(public)/layout.tsx [Server Component] @ http://localhost:3000/_next/static/chunks/node_modules_next_dist_1gdrd03._.js:1945
[   24756ms] [ERROR] ./src/lib/prisma.ts
Code generation for chunk item errored
An error occurred while generating the chunk item [project]/src/lib/prisma.ts [app-client] (ecmascript) <locals>

Caused by:
- the chunking context (unknown) does not support external modules (request: node:dns)

Debug info:
- An error occurred while generating the chunk item [project]/src/lib/prisma.ts [app-client] (ecmascript) <locals>
- Execution of <EcmascriptModuleLocalsModule as EcmascriptChunkPlaceable>::chunk_item_content failed
- Execution of *EcmascriptChunkItemContent::new failed
- Execution of EcmascriptModuleContent::new failed
- the chunking context (unknown) does not support external modules (request: node:dns)

Import traces:
  #1 [Server Component]:
    ./src/lib/prisma.ts
    ./src/auth.ts
    ./src/app/layout.tsx

  #2 [Server Component]:
    ./src/lib/prisma.ts
    ./src/lib/appreciation.ts
    ./src/components/home/HomeAppreciationSnippet.tsx
    ./src/app/(public)/page.tsx

  #3 [Server Component]:
    ./src/lib/prisma.ts
    ./src/lib/open-events.ts
    ./src/components/home/HomeOpenEventsChip.tsx
    ./src/app/(public)/layout.tsx

  #4 [Client Component Browser]:
    ./src/lib/prisma.ts [Client Component Browser]
    ./src/lib/open-events.ts [Client Component Browser]
    ./src/components/home/OpenEventsFloatingChip.tsx [Client Component Browser]
    ./src/components/home/OpenEventsFloatingChip.tsx [Server Component]
    ./src/components/home/HomeOpenEventsChip.tsx [Server Component]
    ./src/app/(public)/layout.tsx [Server Component]

  #5 [Client Component SSR]:
    ./src/lib/prisma.ts [Client Component SSR]
    ./src/lib/open-events.ts [Client Component SSR]
    ./src/components/home/OpenEventsFloatingChip.tsx [Client Component SSR]
    ./src/components/home/OpenEventsFloatingChip.tsx [Server Component]
    ./src/components/home/HomeOpenEventsChip.tsx [Server Component]
    ./src/app/(public)/layout.tsx [Server Component] @ http://localhost:3000/_next/static/chunks/node_modules_next_dist_1gdrd03._.js:1945
[   24818ms] [ERROR] ./src/lib/prisma.ts
Code generation for chunk item errored
An error occurred while generating the chunk item [project]/src/lib/prisma.ts [app-client] (ecmascript) <locals>

Caused by:
- the chunking context (unknown) does not support external modules (request: node:dns)

Debug info:
- An error occurred while generating the chunk item [project]/src/lib/prisma.ts [app-client] (ecmascript) <locals>
- Execution of <EcmascriptModuleLocalsModule as EcmascriptChunkPlaceable>::chunk_item_content failed
- Execution of *EcmascriptChunkItemContent::new failed
- Execution of EcmascriptModuleContent::new failed
- the chunking context (unknown) does not support external modules (request: node:dns)

Import traces:
  #1 [Server Component]:
    ./src/lib/prisma.ts
    ./src/auth.ts
    ./src/app/layout.tsx

  #2 [Server Component]:
    ./src/lib/prisma.ts
    ./src/lib/appreciation.ts
    ./src/components/home/HomeAppreciationSnippet.tsx
    ./src/app/(public)/page.tsx

  #3 [Server Component]:
    ./src/lib/prisma.ts
    ./src/lib/open-events.ts
    ./src/components/home/HomeOpenEventsChip.tsx
    ./src/app/(public)/layout.tsx

  #4 [Client Component Browser]:
    ./src/lib/prisma.ts [Client Component Browser]
    ./src/lib/open-events.ts [Client Component Browser]
    ./src/components/home/OpenEventsFloatingChip.tsx [Client Component Browser]
    ./src/components/home/OpenEventsFloatingChip.tsx [Server Component]
    ./src/components/home/HomeOpenEventsChip.tsx [Server Component]
    ./src/app/(public)/layout.tsx [Server Component]

  #5 [Client Component SSR]:
    ./src/lib/prisma.ts [Client Component SSR]
    ./src/lib/open-events.ts [Client Component SSR]
    ./src/components/home/OpenEventsFloatingChip.tsx [Client Component SSR]
    ./src/components/home/OpenEventsFloatingChip.tsx [Server Component]
    ./src/components/home/HomeOpenEventsChip.tsx [Server Component]
    ./src/app/(public)/layout.tsx [Server Component] @ http://localhost:3000/_next/static/chunks/node_modules_next_dist_1gdrd03._.js:1945
[   24880ms] [ERROR] ./src/lib/prisma.ts
Code generation for chunk item errored
An error occurred while generating the chunk item [project]/src/lib/prisma.ts [app-client] (ecmascript) <locals>

Caused by:
- the chunking context (unknown) does not support external modules (request: node:dns)

Debug info:
- An error occurred while generating the chunk item [project]/src/lib/prisma.ts [app-client] (ecmascript) <locals>
- Execution of <EcmascriptModuleLocalsModule as EcmascriptChunkPlaceable>::chunk_item_content failed
- Execution of *EcmascriptChunkItemContent::new failed
- Execution of EcmascriptModuleContent::new failed
- the chunking context (unknown) does not support external modules (request: node:dns)

Import traces:
  #1 [Server Component]:
    ./src/lib/prisma.ts
    ./src/auth.ts
    ./src/app/layout.tsx

  #2 [Server Component]:
    ./src/lib/prisma.ts
    ./src/lib/appreciation.ts
    ./src/components/home/HomeAppreciationSnippet.tsx
    ./src/app/(public)/page.tsx

  #3 [Server Component]:
    ./src/lib/prisma.ts
    ./src/lib/open-events.ts
    ./src/components/home/HomeOpenEventsChip.tsx
    ./src/app/(public)/layout.tsx

  #4 [Client Component Browser]:
    ./src/lib/prisma.ts [Client Component Browser]
    ./src/lib/open-events.ts [Client Component Browser]
    ./src/components/home/OpenEventsFloatingChip.tsx [Client Component Browser]
    ./src/components/home/OpenEventsFloatingChip.tsx [Server Component]
    ./src/components/home/HomeOpenEventsChip.tsx [Server Component]
    ./src/app/(public)/layout.tsx [Server Component]

  #5 [Client Component SSR]:
    ./src/lib/prisma.ts [Client Component SSR]
    ./src/lib/open-events.ts [Client Component SSR]
    ./src/components/home/OpenEventsFloatingChip.tsx [Client Component SSR]
    ./src/components/home/OpenEventsFloatingChip.tsx [Server Component]
    ./src/components/home/HomeOpenEventsChip.tsx [Server Component]
    ./src/app/(public)/layout.tsx [Server Component] @ http://localhost:3000/_next/static/chunks/node_modules_next_dist_1gdrd03._.js:1945
[   24941ms] [ERROR] ./src/lib/prisma.ts
Code generation for chunk item errored
An error occurred while generating the chunk item [project]/src/lib/prisma.ts [app-client] (ecmascript) <locals>

Caused by:
- the chunking context (unknown) does not support external modules (request: node:dns)

Debug info:
- An error occurred while generating the chunk item [project]/src/lib/prisma.ts [app-client] (ecmascript) <locals>
- Execution of <EcmascriptModuleLocalsModule as EcmascriptChunkPlaceable>::chunk_item_content failed
- Execution of *EcmascriptChunkItemContent::new failed
- Execution of EcmascriptModuleContent::new failed
- the chunking context (unknown) does not support external modules (request: node:dns)

Import traces:
  #1 [Server Component]:
    ./src/lib/prisma.ts
    ./src/auth.ts
    ./src/app/layout.tsx

  #2 [Server Component]:
    ./src/lib/prisma.ts
    ./src/lib/appreciation.ts
    ./src/components/home/HomeAppreciationSnippet.tsx
    ./src/app/(public)/page.tsx

  #3 [Server Component]:
    ./src/lib/prisma.ts
    ./src/lib/open-events.ts
    ./src/components/home/HomeOpenEventsChip.tsx
    ./src/app/(public)/layout.tsx

  #4 [Client Component Browser]:
    ./src/lib/prisma.ts [Client Component Browser]
    ./src/lib/open-events.ts [Client Component Browser]
    ./src/components/home/OpenEventsFloatingChip.tsx [Client Component Browser]
    ./src/components/home/OpenEventsFloatingChip.tsx [Server Component]
    ./src/components/home/HomeOpenEventsChip.tsx [Server Component]
    ./src/app/(public)/layout.tsx [Server Component]

  #5 [Client Component SSR]:
    ./src/lib/prisma.ts [Client Component SSR]
    ./src/lib/open-events.ts [Client Component SSR]
    ./src/components/home/OpenEventsFloatingChip.tsx [Client Component SSR]
    ./src/components/home/OpenEventsFloatingChip.tsx [Server Component]
    ./src/components/home/HomeOpenEventsChip.tsx [Server Component]
    ./src/app/(public)/layout.tsx [Server Component] @ http://localhost:3000/_next/static/chunks/node_modules_next_dist_1gdrd03._.js:1945
[   25001ms] [ERROR] ./src/lib/prisma.ts
Code generation for chunk item errored
An error occurred while generating the chunk item [project]/src/lib/prisma.ts [app-client] (ecmascript) <locals>

Caused by:
- the chunking context (unknown) does not support external modules (request: node:dns)

Debug info:
- An error occurred while generating the chunk item [project]/src/lib/prisma.ts [app-client] (ecmascript) <locals>
- Execution of <EcmascriptModuleLocalsModule as EcmascriptChunkPlaceable>::chunk_item_content failed
- Execution of *EcmascriptChunkItemContent::new failed
- Execution of EcmascriptModuleContent::new failed
- the chunking context (unknown) does not support external modules (request: node:dns)

Import traces:
  #1 [Server Component]:
    ./src/lib/prisma.ts
    ./src/auth.ts
    ./src/app/layout.tsx

  #2 [Server Component]:
    ./src/lib/prisma.ts
    ./src/lib/appreciation.ts
    ./src/components/home/HomeAppreciationSnippet.tsx
    ./src/app/(public)/page.tsx

  #3 [Server Component]:
    ./src/lib/prisma.ts
    ./src/lib/open-events.ts
    ./src/components/home/HomeOpenEventsChip.tsx
    ./src/app/(public)/layout.tsx

  #4 [Client Component Browser]:
    ./src/lib/prisma.ts [Client Component Browser]
    ./src/lib/open-events.ts [Client Component Browser]
    ./src/components/home/OpenEventsFloatingChip.tsx [Client Component Browser]
    ./src/components/home/OpenEventsFloatingChip.tsx [Server Component]
    ./src/components/home/HomeOpenEventsChip.tsx [Server Component]
    ./src/app/(public)/layout.tsx [Server Component]

  #5 [Client Component SSR]:
    ./src/lib/prisma.ts [Client Component SSR]
    ./src/lib/open-events.ts [Client Component SSR]
    ./src/components/home/OpenEventsFloatingChip.tsx [Client Component SSR]
    ./src/components/home/OpenEventsFloatingChip.tsx [Server Component]
    ./src/components/home/HomeOpenEventsChip.tsx [Server Component]
    ./src/app/(public)/layout.tsx [Server Component] @ http://localhost:3000/_next/static/chunks/node_modules_next_dist_1gdrd03._.js:1945
[   25063ms] [ERROR] ./src/lib/prisma.ts
Code generation for chunk item errored
An error occurred while generating the chunk item [project]/src/lib/prisma.ts [app-client] (ecmascript) <locals>

Caused by:
- the chunking context (unknown) does not support external modules (request: node:dns)

Debug info:
- An error occurred while generating the chunk item [project]/src/lib/prisma.ts [app-client] (ecmascript) <locals>
- Execution of <EcmascriptModuleLocalsModule as EcmascriptChunkPlaceable>::chunk_item_content failed
- Execution of *EcmascriptChunkItemContent::new failed
- Execution of EcmascriptModuleContent::new failed
- the chunking context (unknown) does not support external modules (request: node:dns)

Import traces:
  #1 [Server Component]:
    ./src/lib/prisma.ts
    ./src/auth.ts
    ./src/app/layout.tsx

  #2 [Server Component]:
    ./src/lib/prisma.ts
    ./src/lib/appreciation.ts
    ./src/components/home/HomeAppreciationSnippet.tsx
    ./src/app/(public)/page.tsx

  #3 [Server Component]:
    ./src/lib/prisma.ts
    ./src/lib/open-events.ts
    ./src/components/home/HomeOpenEventsChip.tsx
    ./src/app/(public)/layout.tsx

  #4 [Client Component Browser]:
    ./src/lib/prisma.ts [Client Component Browser]
    ./src/lib/open-events.ts [Client Component Browser]
    ./src/components/home/OpenEventsFloatingChip.tsx [Client Component Browser]
    ./src/components/home/OpenEventsFloatingChip.tsx [Server Component]
    ./src/components/home/HomeOpenEventsChip.tsx [Server Component]
    ./src/app/(public)/layout.tsx [Server Component]

  #5 [Client Component SSR]:
    ./src/lib/prisma.ts [Client Component SSR]
    ./src/lib/open-events.ts [Client Component SSR]
    ./src/components/home/OpenEventsFloatingChip.tsx [Client Component SSR]
    ./src/components/home/OpenEventsFloatingChip.tsx [Server Component]
    ./src/components/home/HomeOpenEventsChip.tsx [Server Component]
    ./src/app/(public)/layout.tsx [Server Component] @ http://localhost:3000/_next/static/chunks/node_modules_next_dist_1gdrd03._.js:1945
[   25125ms] [ERROR] ./src/lib/prisma.ts
Code generation for chunk item errored
An error occurred while generating the chunk item [project]/src/lib/prisma.ts [app-client] (ecmascript) <locals>

Caused by:
- the chunking context (unknown) does not support external modules (request: node:dns)

Debug info:
- An error occurred while generating the chunk item [project]/src/lib/prisma.ts [app-client] (ecmascript) <locals>
- Execution of <EcmascriptModuleLocalsModule as EcmascriptChunkPlaceable>::chunk_item_content failed
- Execution of *EcmascriptChunkItemContent::new failed
- Execution of EcmascriptModuleContent::new failed
- the chunking context (unknown) does not support external modules (request: node:dns)

Import traces:
  #1 [Server Component]:
    ./src/lib/prisma.ts
    ./src/auth.ts
    ./src/app/layout.tsx

  #2 [Server Component]:
    ./src/lib/prisma.ts
    ./src/lib/appreciation.ts
    ./src/components/home/HomeAppreciationSnippet.tsx
    ./src/app/(public)/page.tsx

  #3 [Server Component]:
    ./src/lib/prisma.ts
    ./src/lib/open-events.ts
    ./src/components/home/HomeOpenEventsChip.tsx
    ./src/app/(public)/layout.tsx

  #4 [Client Component Browser]:
    ./src/lib/prisma.ts [Client Component Browser]
    ./src/lib/open-events.ts [Client Component Browser]
    ./src/components/home/OpenEventsFloatingChip.tsx [Client Component Browser]
    ./src/components/home/OpenEventsFloatingChip.tsx [Server Component]
    ./src/components/home/HomeOpenEventsChip.tsx [Server Component]
    ./src/app/(public)/layout.tsx [Server Component]

  #5 [Client Component SSR]:
    ./src/lib/prisma.ts [Client Component SSR]
    ./src/lib/open-events.ts [Client Component SSR]
    ./src/components/home/OpenEventsFloatingChip.tsx [Client Component SSR]
    ./src/components/home/OpenEventsFloatingChip.tsx [Server Component]
    ./src/components/home/HomeOpenEventsChip.tsx [Server Component]
    ./src/app/(public)/layout.tsx [Server Component] @ http://localhost:3000/_next/static/chunks/node_modules_next_dist_1gdrd03._.js:1945
[   25187ms] [ERROR] ./src/lib/prisma.ts
Code generation for chunk item errored
An error occurred while generating the chunk item [project]/src/lib/prisma.ts [app-client] (ecmascript) <locals>

Caused by:
- the chunking context (unknown) does not support external modules (request: node:dns)

Debug info:
- An error occurred while generating the chunk item [project]/src/lib/prisma.ts [app-client] (ecmascript) <locals>
- Execution of <EcmascriptModuleLocalsModule as EcmascriptChunkPlaceable>::chunk_item_content failed
- Execution of *EcmascriptChunkItemContent::new failed
- Execution of EcmascriptModuleContent::new failed
- the chunking context (unknown) does not support external modules (request: node:dns)

Import traces:
  #1 [Server Component]:
    ./src/lib/prisma.ts
    ./src/auth.ts
    ./src/app/layout.tsx

  #2 [Server Component]:
    ./src/lib/prisma.ts
    ./src/lib/appreciation.ts
    ./src/components/home/HomeAppreciationSnippet.tsx
    ./src/app/(public)/page.tsx

  #3 [Server Component]:
    ./src/lib/prisma.ts
    ./src/lib/open-events.ts
    ./src/components/home/HomeOpenEventsChip.tsx
    ./src/app/(public)/layout.tsx

  #4 [Client Component Browser]:
    ./src/lib/prisma.ts [Client Component Browser]
    ./src/lib/open-events.ts [Client Component Browser]
    ./src/components/home/OpenEventsFloatingChip.tsx [Client Component Browser]
    ./src/components/home/OpenEventsFloatingChip.tsx [Server Component]
    ./src/components/home/HomeOpenEventsChip.tsx [Server Component]
    ./src/app/(public)/layout.tsx [Server Component]

  #5 [Client Component SSR]:
    ./src/lib/prisma.ts [Client Component SSR]
    ./src/lib/open-events.ts [Client Component SSR]
    ./src/components/home/OpenEventsFloatingChip.tsx [Client Component SSR]
    ./src/components/home/OpenEventsFloatingChip.tsx [Server Component]
    ./src/components/home/HomeOpenEventsChip.tsx [Server Component]
    ./src/app/(public)/layout.tsx [Server Component] @ http://localhost:3000/_next/static/chunks/node_modules_next_dist_1gdrd03._.js:1945
[   25250ms] [ERROR] ./src/lib/prisma.ts
Code generation for chunk item errored
An error occurred while generating the chunk item [project]/src/lib/prisma.ts [app-client] (ecmascript) <locals>

Caused by:
- the chunking context (unknown) does not support external modules (request: node:dns)

Debug info:
- An error occurred while generating the chunk item [project]/src/lib/prisma.ts [app-client] (ecmascript) <locals>
- Execution of <EcmascriptModuleLocalsModule as EcmascriptChunkPlaceable>::chunk_item_content failed
- Execution of *EcmascriptChunkItemContent::new failed
- Execution of EcmascriptModuleContent::new failed
- the chunking context (unknown) does not support external modules (request: node:dns)

Import traces:
  #1 [Server Component]:
    ./src/lib/prisma.ts
    ./src/auth.ts
    ./src/app/layout.tsx

  #2 [Server Component]:
    ./src/lib/prisma.ts
    ./src/lib/appreciation.ts
    ./src/components/home/HomeAppreciationSnippet.tsx
    ./src/app/(public)/page.tsx

  #3 [Server Component]:
    ./src/lib/prisma.ts
    ./src/lib/open-events.ts
    ./src/components/home/HomeOpenEventsChip.tsx
    ./src/app/(public)/layout.tsx

  #4 [Client Component Browser]:
    ./src/lib/prisma.ts [Client Component Browser]
    ./src/lib/open-events.ts [Client Component Browser]
    ./src/components/home/OpenEventsFloatingChip.tsx [Client Component Browser]
    ./src/components/home/OpenEventsFloatingChip.tsx [Server Component]
    ./src/components/home/HomeOpenEventsChip.tsx [Server Component]
    ./src/app/(public)/layout.tsx [Server Component]

  #5 [Client Component SSR]:
    ./src/lib/prisma.ts [Client Component SSR]
    ./src/lib/open-events.ts [Client Component SSR]
    ./src/components/home/OpenEventsFloatingChip.tsx [Client Component SSR]
    ./src/components/home/OpenEventsFloatingChip.tsx [Server Component]
    ./src/components/home/HomeOpenEventsChip.tsx [Server Component]
    ./src/app/(public)/layout.tsx [Server Component] @ http://localhost:3000/_next/static/chunks/node_modules_next_dist_1gdrd03._.js:1945
[   25311ms] [ERROR] ./src/lib/prisma.ts
Code generation for chunk item errored
An error occurred while generating the chunk item [project]/src/lib/prisma.ts [app-client] (ecmascript) <locals>

Caused by:
- the chunking context (unknown) does not support external modules (request: node:dns)

Debug info:
- An error occurred while generating the chunk item [project]/src/lib/prisma.ts [app-client] (ecmascript) <locals>
- Execution of <EcmascriptModuleLocalsModule as EcmascriptChunkPlaceable>::chunk_item_content failed
- Execution of *EcmascriptChunkItemContent::new failed
- Execution of EcmascriptModuleContent::new failed
- the chunking context (unknown) does not support external modules (request: node:dns)

Import traces:
  #1 [Server Component]:
    ./src/lib/prisma.ts
    ./src/auth.ts
    ./src/app/layout.tsx

  #2 [Server Component]:
    ./src/lib/prisma.ts
    ./src/lib/appreciation.ts
    ./src/components/home/HomeAppreciationSnippet.tsx
    ./src/app/(public)/page.tsx

  #3 [Server Component]:
    ./src/lib/prisma.ts
    ./src/lib/open-events.ts
    ./src/components/home/HomeOpenEventsChip.tsx
    ./src/app/(public)/layout.tsx

  #4 [Client Component Browser]:
    ./src/lib/prisma.ts [Client Component Browser]
    ./src/lib/open-events.ts [Client Component Browser]
    ./src/components/home/OpenEventsFloatingChip.tsx [Client Component Browser]
    ./src/components/home/OpenEventsFloatingChip.tsx [Server Component]
    ./src/components/home/HomeOpenEventsChip.tsx [Server Component]
    ./src/app/(public)/layout.tsx [Server Component]

  #5 [Client Component SSR]:
    ./src/lib/prisma.ts [Client Component SSR]
    ./src/lib/open-events.ts [Client Component SSR]
    ./src/components/home/OpenEventsFloatingChip.tsx [Client Component SSR]
    ./src/components/home/OpenEventsFloatingChip.tsx [Server Component]
    ./src/components/home/HomeOpenEventsChip.tsx [Server Component]
    ./src/app/(public)/layout.tsx [Server Component] @ http://localhost:3000/_next/static/chunks/node_modules_next_dist_1gdrd03._.js:1945
[   25376ms] [ERROR] ./src/lib/prisma.ts
Code generation for chunk item errored
An error occurred while generating the chunk item [project]/src/lib/prisma.ts [app-client] (ecmascript) <locals>

Caused by:
- the chunking context (unknown) does not support external modules (request: node:dns)

Debug info:
- An error occurred while generating the chunk item [project]/src/lib/prisma.ts [app-client] (ecmascript) <locals>
- Execution of <EcmascriptModuleLocalsModule as EcmascriptChunkPlaceable>::chunk_item_content failed
- Execution of *EcmascriptChunkItemContent::new failed
- Execution of EcmascriptModuleContent::new failed
- the chunking context (unknown) does not support external modules (request: node:dns)

Import traces:
  #1 [Server Component]:
    ./src/lib/prisma.ts
    ./src/auth.ts
    ./src/app/layout.tsx

  #2 [Server Component]:
    ./src/lib/prisma.ts
    ./src/lib/appreciation.ts
    ./src/components/home/HomeAppreciationSnippet.tsx
    ./src/app/(public)/page.tsx

  #3 [Server Component]:
    ./src/lib/prisma.ts
    ./src/lib/open-events.ts
    ./src/components/home/HomeOpenEventsChip.tsx
    ./src/app/(public)/layout.tsx

  #4 [Client Component Browser]:
    ./src/lib/prisma.ts [Client Component Browser]
    ./src/lib/open-events.ts [Client Component Browser]
    ./src/components/home/OpenEventsFloatingChip.tsx [Client Component Browser]
    ./src/components/home/OpenEventsFloatingChip.tsx [Server Component]
    ./src/components/home/HomeOpenEventsChip.tsx [Server Component]
    ./src/app/(public)/layout.tsx [Server Component]

  #5 [Client Component SSR]:
    ./src/lib/prisma.ts [Client Component SSR]
    ./src/lib/open-events.ts [Client Component SSR]
    ./src/components/home/OpenEventsFloatingChip.tsx [Client Component SSR]
    ./src/components/home/OpenEventsFloatingChip.tsx [Server Component]
    ./src/components/home/HomeOpenEventsChip.tsx [Server Component]
    ./src/app/(public)/layout.tsx [Server Component] @ http://localhost:3000/_next/static/chunks/node_modules_next_dist_1gdrd03._.js:1945
[   25439ms] [ERROR] ./src/lib/prisma.ts
Code generation for chunk item errored
An error occurred while generating the chunk item [project]/src/lib/prisma.ts [app-client] (ecmascript) <locals>

Caused by:
- the chunking context (unknown) does not support external modules (request: node:dns)

Debug info:
- An error occurred while generating the chunk item [project]/src/lib/prisma.ts [app-client] (ecmascript) <locals>
- Execution of <EcmascriptModuleLocalsModule as EcmascriptChunkPlaceable>::chunk_item_content failed
- Execution of *EcmascriptChunkItemContent::new failed
- Execution of EcmascriptModuleContent::new failed
- the chunking context (unknown) does not support external modules (request: node:dns)

Import traces:
  #1 [Server Component]:
    ./src/lib/prisma.ts
    ./src/auth.ts
    ./src/app/layout.tsx

  #2 [Server Component]:
    ./src/lib/prisma.ts
    ./src/lib/appreciation.ts
    ./src/components/home/HomeAppreciationSnippet.tsx
    ./src/app/(public)/page.tsx

  #3 [Server Component]:
    ./src/lib/prisma.ts
    ./src/lib/open-events.ts
    ./src/components/home/HomeOpenEventsChip.tsx
    ./src/app/(public)/layout.tsx

  #4 [Client Component Browser]:
    ./src/lib/prisma.ts [Client Component Browser]
    ./src/lib/open-events.ts [Client Component Browser]
    ./src/components/home/OpenEventsFloatingChip.tsx [Client Component Browser]
    ./src/components/home/OpenEventsFloatingChip.tsx [Server Component]
    ./src/components/home/HomeOpenEventsChip.tsx [Server Component]
    ./src/app/(public)/layout.tsx [Server Component]

  #5 [Client Component SSR]:
    ./src/lib/prisma.ts [Client Component SSR]
    ./src/lib/open-events.ts [Client Component SSR]
    ./src/components/home/OpenEventsFloatingChip.tsx [Client Component SSR]
    ./src/components/home/OpenEventsFloatingChip.tsx [Server Component]
    ./src/components/home/HomeOpenEventsChip.tsx [Server Component]
    ./src/app/(public)/layout.tsx [Server Component] @ http://localhost:3000/_next/static/chunks/node_modules_next_dist_1gdrd03._.js:1945
[   25503ms] [ERROR] ./src/lib/prisma.ts
Code generation for chunk item errored
An error occurred while generating the chunk item [project]/src/lib/prisma.ts [app-client] (ecmascript) <locals>

Caused by:
- the chunking context (unknown) does not support external modules (request: node:dns)

Debug info:
- An error occurred while generating the chunk item [project]/src/lib/prisma.ts [app-client] (ecmascript) <locals>
- Execution of <EcmascriptModuleLocalsModule as EcmascriptChunkPlaceable>::chunk_item_content failed
- Execution of *EcmascriptChunkItemContent::new failed
- Execution of EcmascriptModuleContent::new failed
- the chunking context (unknown) does not support external modules (request: node:dns)

Import traces:
  #1 [Server Component]:
    ./src/lib/prisma.ts
    ./src/auth.ts
    ./src/app/layout.tsx

  #2 [Server Component]:
    ./src/lib/prisma.ts
    ./src/lib/appreciation.ts
    ./src/components/home/HomeAppreciationSnippet.tsx
    ./src/app/(public)/page.tsx

  #3 [Server Component]:
    ./src/lib/prisma.ts
    ./src/lib/open-events.ts
    ./src/components/home/HomeOpenEventsChip.tsx
    ./src/app/(public)/layout.tsx

  #4 [Client Component Browser]:
    ./src/lib/prisma.ts [Client Component Browser]
    ./src/lib/open-events.ts [Client Component Browser]
    ./src/components/home/OpenEventsFloatingChip.tsx [Client Component Browser]
    ./src/components/home/OpenEventsFloatingChip.tsx [Server Component]
    ./src/components/home/HomeOpenEventsChip.tsx [Server Component]
    ./src/app/(public)/layout.tsx [Server Component]

  #5 [Client Component SSR]:
    ./src/lib/prisma.ts [Client Component SSR]
    ./src/lib/open-events.ts [Client Component SSR]
    ./src/components/home/OpenEventsFloatingChip.tsx [Client Component SSR]
    ./src/components/home/OpenEventsFloatingChip.tsx [Server Component]
    ./src/components/home/HomeOpenEventsChip.tsx [Server Component]
    ./src/app/(public)/layout.tsx [Server Component] @ http://localhost:3000/_next/static/chunks/node_modules_next_dist_1gdrd03._.js:1945
[   25564ms] [ERROR] ./src/lib/prisma.ts
Code generation for chunk item errored
An error occurred while generating the chunk item [project]/src/lib/prisma.ts [app-client] (ecmascript) <locals>

Caused by:
- the chunking context (unknown) does not support external modules (request: node:dns)

Debug info:
- An error occurred while generating the chunk item [project]/src/lib/prisma.ts [app-client] (ecmascript) <locals>
- Execution of <EcmascriptModuleLocalsModule as EcmascriptChunkPlaceable>::chunk_item_content failed
- Execution of *EcmascriptChunkItemContent::new failed
- Execution of EcmascriptModuleContent::new failed
- the chunking context (unknown) does not support external modules (request: node:dns)

Import traces:
  #1 [Server Component]:
    ./src/lib/prisma.ts
    ./src/auth.ts
    ./src/app/layout.tsx

  #2 [Server Component]:
    ./src/lib/prisma.ts
    ./src/lib/appreciation.ts
    ./src/components/home/HomeAppreciationSnippet.tsx
    ./src/app/(public)/page.tsx

  #3 [Server Component]:
    ./src/lib/prisma.ts
    ./src/lib/open-events.ts
    ./src/components/home/HomeOpenEventsChip.tsx
    ./src/app/(public)/layout.tsx

  #4 [Client Component Browser]:
    ./src/lib/prisma.ts [Client Component Browser]
    ./src/lib/open-events.ts [Client Component Browser]
    ./src/components/home/OpenEventsFloatingChip.tsx [Client Component Browser]
    ./src/components/home/OpenEventsFloatingChip.tsx [Server Component]
    ./src/components/home/HomeOpenEventsChip.tsx [Server Component]
    ./src/app/(public)/layout.tsx [Server Component]

  #5 [Client Component SSR]:
    ./src/lib/prisma.ts [Client Component SSR]
    ./src/lib/open-events.ts [Client Component SSR]
    ./src/components/home/OpenEventsFloatingChip.tsx [Client Component SSR]
    ./src/components/home/OpenEventsFloatingChip.tsx [Server Component]
    ./src/components/home/HomeOpenEventsChip.tsx [Server Component]
    ./src/app/(public)/layout.tsx [Server Component] @ http://localhost:3000/_next/static/chunks/node_modules_next_dist_1gdrd03._.js:1945
[   25628ms] [ERROR] ./src/lib/prisma.ts
Code generation for chunk item errored
An error occurred while generating the chunk item [project]/src/lib/prisma.ts [app-client] (ecmascript) <locals>

Caused by:
- the chunking context (unknown) does not support external modules (request: node:dns)

Debug info:
- An error occurred while generating the chunk item [project]/src/lib/prisma.ts [app-client] (ecmascript) <locals>
- Execution of <EcmascriptModuleLocalsModule as EcmascriptChunkPlaceable>::chunk_item_content failed
- Execution of *EcmascriptChunkItemContent::new failed
- Execution of EcmascriptModuleContent::new failed
- the chunking context (unknown) does not support external modules (request: node:dns)

Import traces:
  #1 [Server Component]:
    ./src/lib/prisma.ts
    ./src/auth.ts
    ./src/app/layout.tsx

  #2 [Server Component]:
    ./src/lib/prisma.ts
    ./src/lib/appreciation.ts
    ./src/components/home/HomeAppreciationSnippet.tsx
    ./src/app/(public)/page.tsx

  #3 [Server Component]:
    ./src/lib/prisma.ts
    ./src/lib/open-events.ts
    ./src/components/home/HomeOpenEventsChip.tsx
    ./src/app/(public)/layout.tsx

  #4 [Client Component Browser]:
    ./src/lib/prisma.ts [Client Component Browser]
    ./src/lib/open-events.ts [Client Component Browser]
    ./src/components/home/OpenEventsFloatingChip.tsx [Client Component Browser]
    ./src/components/home/OpenEventsFloatingChip.tsx [Server Component]
    ./src/components/home/HomeOpenEventsChip.tsx [Server Component]
    ./src/app/(public)/layout.tsx [Server Component]

  #5 [Client Component SSR]:
    ./src/lib/prisma.ts [Client Component SSR]
    ./src/lib/open-events.ts [Client Component SSR]
    ./src/components/home/OpenEventsFloatingChip.tsx [Client Component SSR]
    ./src/components/home/OpenEventsFloatingChip.tsx [Server Component]
    ./src/components/home/HomeOpenEventsChip.tsx [Server Component]
    ./src/app/(public)/layout.tsx [Server Component] @ http://localhost:3000/_next/static/chunks/node_modules_next_dist_1gdrd03._.js:1945
[   25690ms] [ERROR] ./src/lib/prisma.ts
Code generation for chunk item errored
An error occurred while generating the chunk item [project]/src/lib/prisma.ts [app-client] (ecmascript) <locals>

Caused by:
- the chunking context (unknown) does not support external modules (request: node:dns)

Debug info:
- An error occurred while generating the chunk item [project]/src/lib/prisma.ts [app-client] (ecmascript) <locals>
- Execution of <EcmascriptModuleLocalsModule as EcmascriptChunkPlaceable>::chunk_item_content failed
- Execution of *EcmascriptChunkItemContent::new failed
- Execution of EcmascriptModuleContent::new failed
- the chunking context (unknown) does not support external modules (request: node:dns)

Import traces:
  #1 [Server Component]:
    ./src/lib/prisma.ts
    ./src/auth.ts
    ./src/app/layout.tsx

  #2 [Server Component]:
    ./src/lib/prisma.ts
    ./src/lib/appreciation.ts
    ./src/components/home/HomeAppreciationSnippet.tsx
    ./src/app/(public)/page.tsx

  #3 [Server Component]:
    ./src/lib/prisma.ts
    ./src/lib/open-events.ts
    ./src/components/home/HomeOpenEventsChip.tsx
    ./src/app/(public)/layout.tsx

  #4 [Client Component Browser]:
    ./src/lib/prisma.ts [Client Component Browser]
    ./src/lib/open-events.ts [Client Component Browser]
    ./src/components/home/OpenEventsFloatingChip.tsx [Client Component Browser]
    ./src/components/home/OpenEventsFloatingChip.tsx [Server Component]
    ./src/components/home/HomeOpenEventsChip.tsx [Server Component]
    ./src/app/(public)/layout.tsx [Server Component]

  #5 [Client Component SSR]:
    ./src/lib/prisma.ts [Client Component SSR]
    ./src/lib/open-events.ts [Client Component SSR]
    ./src/components/home/OpenEventsFloatingChip.tsx [Client Component SSR]
    ./src/components/home/OpenEventsFloatingChip.tsx [Server Component]
    ./src/components/home/HomeOpenEventsChip.tsx [Server Component]
    ./src/app/(public)/layout.tsx [Server Component] @ http://localhost:3000/_next/static/chunks/node_modules_next_dist_1gdrd03._.js:1945
[   25753ms] [ERROR] ./src/lib/prisma.ts
Code generation for chunk item errored
An error occurred while generating the chunk item [project]/src/lib/prisma.ts [app-client] (ecmascript) <locals>

Caused by:
- the chunking context (unknown) does not support external modules (request: node:dns)

Debug info:
- An error occurred while generating the chunk item [project]/src/lib/prisma.ts [app-client] (ecmascript) <locals>
- Execution of <EcmascriptModuleLocalsModule as EcmascriptChunkPlaceable>::chunk_item_content failed
- Execution of *EcmascriptChunkItemContent::new failed
- Execution of EcmascriptModuleContent::new failed
- the chunking context (unknown) does not support external modules (request: node:dns)

Import traces:
  #1 [Server Component]:
    ./src/lib/prisma.ts
    ./src/auth.ts
    ./src/app/layout.tsx

  #2 [Server Component]:
    ./src/lib/prisma.ts
    ./src/lib/appreciation.ts
    ./src/components/home/HomeAppreciationSnippet.tsx
    ./src/app/(public)/page.tsx

  #3 [Server Component]:
    ./src/lib/prisma.ts
    ./src/lib/open-events.ts
    ./src/components/home/HomeOpenEventsChip.tsx
    ./src/app/(public)/layout.tsx

  #4 [Client Component Browser]:
    ./src/lib/prisma.ts [Client Component Browser]
    ./src/lib/open-events.ts [Client Component Browser]
    ./src/components/home/OpenEventsFloatingChip.tsx [Client Component Browser]
    ./src/components/home/OpenEventsFloatingChip.tsx [Server Component]
    ./src/components/home/HomeOpenEventsChip.tsx [Server Component]
    ./src/app/(public)/layout.tsx [Server Component]

  #5 [Client Component SSR]:
    ./src/lib/prisma.ts [Client Component SSR]
    ./src/lib/open-events.ts [Client Component SSR]
    ./src/components/home/OpenEventsFloatingChip.tsx [Client Component SSR]
    ./src/components/home/OpenEventsFloatingChip.tsx [Server Component]
    ./src/components/home/HomeOpenEventsChip.tsx [Server Component]
    ./src/app/(public)/layout.tsx [Server Component] @ http://localhost:3000/_next/static/chunks/node_modules_next_dist_1gdrd03._.js:1945
[   25813ms] [ERROR] ./src/lib/prisma.ts
Code generation for chunk item errored
An error occurred while generating the chunk item [project]/src/lib/prisma.ts [app-client] (ecmascript) <locals>

Caused by:
- the chunking context (unknown) does not support external modules (request: node:dns)

Debug info:
- An error occurred while generating the chunk item [project]/src/lib/prisma.ts [app-client] (ecmascript) <locals>
- Execution of <EcmascriptModuleLocalsModule as EcmascriptChunkPlaceable>::chunk_item_content failed
- Execution of *EcmascriptChunkItemContent::new failed
- Execution of EcmascriptModuleContent::new failed
- the chunking context (unknown) does not support external modules (request: node:dns)

Import traces:
  #1 [Server Component]:
    ./src/lib/prisma.ts
    ./src/auth.ts
    ./src/app/layout.tsx

  #2 [Server Component]:
    ./src/lib/prisma.ts
    ./src/lib/appreciation.ts
    ./src/components/home/HomeAppreciationSnippet.tsx
    ./src/app/(public)/page.tsx

  #3 [Server Component]:
    ./src/lib/prisma.ts
    ./src/lib/open-events.ts
    ./src/components/home/HomeOpenEventsChip.tsx
    ./src/app/(public)/layout.tsx

  #4 [Client Component Browser]:
    ./src/lib/prisma.ts [Client Component Browser]
    ./src/lib/open-events.ts [Client Component Browser]
    ./src/components/home/OpenEventsFloatingChip.tsx [Client Component Browser]
    ./src/components/home/OpenEventsFloatingChip.tsx [Server Component]
    ./src/components/home/HomeOpenEventsChip.tsx [Server Component]
    ./src/app/(public)/layout.tsx [Server Component]

  #5 [Client Component SSR]:
    ./src/lib/prisma.ts [Client Component SSR]
    ./src/lib/open-events.ts [Client Component SSR]
    ./src/components/home/OpenEventsFloatingChip.tsx [Client Component SSR]
    ./src/components/home/OpenEventsFloatingChip.tsx [Server Component]
    ./src/components/home/HomeOpenEventsChip.tsx [Server Component]
    ./src/app/(public)/layout.tsx [Server Component] @ http://localhost:3000/_next/static/chunks/node_modules_next_dist_1gdrd03._.js:1945
[   25875ms] [ERROR] ./src/lib/prisma.ts
Code generation for chunk item errored
An error occurred while generating the chunk item [project]/src/lib/prisma.ts [app-client] (ecmascript) <locals>

Caused by:
- the chunking context (unknown) does not support external modules (request: node:dns)

Debug info:
- An error occurred while generating the chunk item [project]/src/lib/prisma.ts [app-client] (ecmascript) <locals>
- Execution of <EcmascriptModuleLocalsModule as EcmascriptChunkPlaceable>::chunk_item_content failed
- Execution of *EcmascriptChunkItemContent::new failed
- Execution of EcmascriptModuleContent::new failed
- the chunking context (unknown) does not support external modules (request: node:dns)

Import traces:
  #1 [Server Component]:
    ./src/lib/prisma.ts
    ./src/auth.ts
    ./src/app/layout.tsx

  #2 [Server Component]:
    ./src/lib/prisma.ts
    ./src/lib/appreciation.ts
    ./src/components/home/HomeAppreciationSnippet.tsx
    ./src/app/(public)/page.tsx

  #3 [Server Component]:
    ./src/lib/prisma.ts
    ./src/lib/open-events.ts
    ./src/components/home/HomeOpenEventsChip.tsx
    ./src/app/(public)/layout.tsx

  #4 [Client Component Browser]:
    ./src/lib/prisma.ts [Client Component Browser]
    ./src/lib/open-events.ts [Client Component Browser]
    ./src/components/home/OpenEventsFloatingChip.tsx [Client Component Browser]
    ./src/components/home/OpenEventsFloatingChip.tsx [Server Component]
    ./src/components/home/HomeOpenEventsChip.tsx [Server Component]
    ./src/app/(public)/layout.tsx [Server Component]

  #5 [Client Component SSR]:
    ./src/lib/prisma.ts [Client Component SSR]
    ./src/lib/open-events.ts [Client Component SSR]
    ./src/components/home/OpenEventsFloatingChip.tsx [Client Component SSR]
    ./src/components/home/OpenEventsFloatingChip.tsx [Server Component]
    ./src/components/home/HomeOpenEventsChip.tsx [Server Component]
    ./src/app/(public)/layout.tsx [Server Component] @ http://localhost:3000/_next/static/chunks/node_modules_next_dist_1gdrd03._.js:1945
[   25938ms] [ERROR] ./src/lib/prisma.ts
Code generation for chunk item errored
An error occurred while generating the chunk item [project]/src/lib/prisma.ts [app-client] (ecmascript) <locals>

Caused by:
- the chunking context (unknown) does not support external modules (request: node:dns)

Debug info:
- An error occurred while generating the chunk item [project]/src/lib/prisma.ts [app-client] (ecmascript) <locals>
- Execution of <EcmascriptModuleLocalsModule as EcmascriptChunkPlaceable>::chunk_item_content failed
- Execution of *EcmascriptChunkItemContent::new failed
- Execution of EcmascriptModuleContent::new failed
- the chunking context (unknown) does not support external modules (request: node:dns)

Import traces:
  #1 [Server Component]:
    ./src/lib/prisma.ts
    ./src/auth.ts
    ./src/app/layout.tsx

  #2 [Server Component]:
    ./src/lib/prisma.ts
    ./src/lib/appreciation.ts
    ./src/components/home/HomeAppreciationSnippet.tsx
    ./src/app/(public)/page.tsx

  #3 [Server Component]:
    ./src/lib/prisma.ts
    ./src/lib/open-events.ts
    ./src/components/home/HomeOpenEventsChip.tsx
    ./src/app/(public)/layout.tsx

  #4 [Client Component Browser]:
    ./src/lib/prisma.ts [Client Component Browser]
    ./src/lib/open-events.ts [Client Component Browser]
    ./src/components/home/OpenEventsFloatingChip.tsx [Client Component Browser]
    ./src/components/home/OpenEventsFloatingChip.tsx [Server Component]
    ./src/components/home/HomeOpenEventsChip.tsx [Server Component]
    ./src/app/(public)/layout.tsx [Server Component]

  #5 [Client Component SSR]:
    ./src/lib/prisma.ts [Client Component SSR]
    ./src/lib/open-events.ts [Client Component SSR]
    ./src/components/home/OpenEventsFloatingChip.tsx [Client Component SSR]
    ./src/components/home/OpenEventsFloatingChip.tsx [Server Component]
    ./src/components/home/HomeOpenEventsChip.tsx [Server Component]
    ./src/app/(public)/layout.tsx [Server Component] @ http://localhost:3000/_next/static/chunks/node_modules_next_dist_1gdrd03._.js:1945
[   26000ms] [ERROR] ./src/lib/prisma.ts
Code generation for chunk item errored
An error occurred while generating the chunk item [project]/src/lib/prisma.ts [app-client] (ecmascript) <locals>

Caused by:
- the chunking context (unknown) does not support external modules (request: node:dns)

Debug info:
- An error occurred while generating the chunk item [project]/src/lib/prisma.ts [app-client] (ecmascript) <locals>
- Execution of <EcmascriptModuleLocalsModule as EcmascriptChunkPlaceable>::chunk_item_content failed
- Execution of *EcmascriptChunkItemContent::new failed
- Execution of EcmascriptModuleContent::new failed
- the chunking context (unknown) does not support external modules (request: node:dns)

Import traces:
  #1 [Server Component]:
    ./src/lib/prisma.ts
    ./src/auth.ts
    ./src/app/layout.tsx

  #2 [Server Component]:
    ./src/lib/prisma.ts
    ./src/lib/appreciation.ts
    ./src/components/home/HomeAppreciationSnippet.tsx
    ./src/app/(public)/page.tsx

  #3 [Server Component]:
    ./src/lib/prisma.ts
    ./src/lib/open-events.ts
    ./src/components/home/HomeOpenEventsChip.tsx
    ./src/app/(public)/layout.tsx

  #4 [Client Component Browser]:
    ./src/lib/prisma.ts [Client Component Browser]
    ./src/lib/open-events.ts [Client Component Browser]
    ./src/components/home/OpenEventsFloatingChip.tsx [Client Component Browser]
    ./src/components/home/OpenEventsFloatingChip.tsx [Server Component]
    ./src/components/home/HomeOpenEventsChip.tsx [Server Component]
    ./src/app/(public)/layout.tsx [Server Component]

  #5 [Client Component SSR]:
    ./src/lib/prisma.ts [Client Component SSR]
    ./src/lib/open-events.ts [Client Component SSR]
    ./src/components/home/OpenEventsFloatingChip.tsx [Client Component SSR]
    ./src/components/home/OpenEventsFloatingChip.tsx [Server Component]
    ./src/components/home/HomeOpenEventsChip.tsx [Server Component]
    ./src/app/(public)/layout.tsx [Server Component] @ http://localhost:3000/_next/static/chunks/node_modules_next_dist_1gdrd03._.js:1945
[   26063ms] [ERROR] ./src/lib/prisma.ts
Code generation for chunk item errored
An error occurred while generating the chunk item [project]/src/lib/prisma.ts [app-client] (ecmascript) <locals>

Caused by:
- the chunking context (unknown) does not support external modules (request: node:dns)

Debug info:
- An error occurred while generating the chunk item [project]/src/lib/prisma.ts [app-client] (ecmascript) <locals>
- Execution of <EcmascriptModuleLocalsModule as EcmascriptChunkPlaceable>::chunk_item_content failed
- Execution of *EcmascriptChunkItemContent::new failed
- Execution of EcmascriptModuleContent::new failed
- the chunking context (unknown) does not support external modules (request: node:dns)

Import traces:
  #1 [Server Component]:
    ./src/lib/prisma.ts
    ./src/auth.ts
    ./src/app/layout.tsx

  #2 [Server Component]:
    ./src/lib/prisma.ts
    ./src/lib/appreciation.ts
    ./src/components/home/HomeAppreciationSnippet.tsx
    ./src/app/(public)/page.tsx

  #3 [Server Component]:
    ./src/lib/prisma.ts
    ./src/lib/open-events.ts
    ./src/components/home/HomeOpenEventsChip.tsx
    ./src/app/(public)/layout.tsx

  #4 [Client Component Browser]:
    ./src/lib/prisma.ts [Client Component Browser]
    ./src/lib/open-events.ts [Client Component Browser]
    ./src/components/home/OpenEventsFloatingChip.tsx [Client Component Browser]
    ./src/components/home/OpenEventsFloatingChip.tsx [Server Component]
    ./src/components/home/HomeOpenEventsChip.tsx [Server Component]
    ./src/app/(public)/layout.tsx [Server Component]

  #5 [Client Component SSR]:
    ./src/lib/prisma.ts [Client Component SSR]
    ./src/lib/open-events.ts [Client Component SSR]
    ./src/components/home/OpenEventsFloatingChip.tsx [Client Component SSR]
    ./src/components/home/OpenEventsFloatingChip.tsx [Server Component]
    ./src/components/home/HomeOpenEventsChip.tsx [Server Component]
    ./src/app/(public)/layout.tsx [Server Component] @ http://localhost:3000/_next/static/chunks/node_modules_next_dist_1gdrd03._.js:1945
[   26126ms] [ERROR] ./src/lib/prisma.ts
Code generation for chunk item errored
An error occurred while generating the chunk item [project]/src/lib/prisma.ts [app-client] (ecmascript) <locals>

Caused by:
- the chunking context (unknown) does not support external modules (request: node:dns)

Debug info:
- An error occurred while generating the chunk item [project]/src/lib/prisma.ts [app-client] (ecmascript) <locals>
- Execution of <EcmascriptModuleLocalsModule as EcmascriptChunkPlaceable>::chunk_item_content failed
- Execution of *EcmascriptChunkItemContent::new failed
- Execution of EcmascriptModuleContent::new failed
- the chunking context (unknown) does not support external modules (request: node:dns)

Import traces:
  #1 [Server Component]:
    ./src/lib/prisma.ts
    ./src/auth.ts
    ./src/app/layout.tsx

  #2 [Server Component]:
    ./src/lib/prisma.ts
    ./src/lib/appreciation.ts
    ./src/components/home/HomeAppreciationSnippet.tsx
    ./src/app/(public)/page.tsx

  #3 [Server Component]:
    ./src/lib/prisma.ts
    ./src/lib/open-events.ts
    ./src/components/home/HomeOpenEventsChip.tsx
    ./src/app/(public)/layout.tsx

  #4 [Client Component Browser]:
    ./src/lib/prisma.ts [Client Component Browser]
    ./src/lib/open-events.ts [Client Component Browser]
    ./src/components/home/OpenEventsFloatingChip.tsx [Client Component Browser]
    ./src/components/home/OpenEventsFloatingChip.tsx [Server Component]
    ./src/components/home/HomeOpenEventsChip.tsx [Server Component]
    ./src/app/(public)/layout.tsx [Server Component]

  #5 [Client Component SSR]:
    ./src/lib/prisma.ts [Client Component SSR]
    ./src/lib/open-events.ts [Client Component SSR]
    ./src/components/home/OpenEventsFloatingChip.tsx [Client Component SSR]
    ./src/components/home/OpenEventsFloatingChip.tsx [Server Component]
    ./src/components/home/HomeOpenEventsChip.tsx [Server Component]
    ./src/app/(public)/layout.tsx [Server Component] @ http://localhost:3000/_next/static/chunks/node_modules_next_dist_1gdrd03._.js:1945
[   26187ms] [ERROR] ./src/lib/prisma.ts
Code generation for chunk item errored
An error occurred while generating the chunk item [project]/src/lib/prisma.ts [app-client] (ecmascript) <locals>

Caused by:
- the chunking context (unknown) does not support external modules (request: node:dns)

Debug info:
- An error occurred while generating the chunk item [project]/src/lib/prisma.ts [app-client] (ecmascript) <locals>
- Execution of <EcmascriptModuleLocalsModule as EcmascriptChunkPlaceable>::chunk_item_content failed
- Execution of *EcmascriptChunkItemContent::new failed
- Execution of EcmascriptModuleContent::new failed
- the chunking context (unknown) does not support external modules (request: node:dns)

Import traces:
  #1 [Server Component]:
    ./src/lib/prisma.ts
    ./src/auth.ts
    ./src/app/layout.tsx

  #2 [Server Component]:
    ./src/lib/prisma.ts
    ./src/lib/appreciation.ts
    ./src/components/home/HomeAppreciationSnippet.tsx
    ./src/app/(public)/page.tsx

  #3 [Server Component]:
    ./src/lib/prisma.ts
    ./src/lib/open-events.ts
    ./src/components/home/HomeOpenEventsChip.tsx
    ./src/app/(public)/layout.tsx

  #4 [Client Component Browser]:
    ./src/lib/prisma.ts [Client Component Browser]
    ./src/lib/open-events.ts [Client Component Browser]
    ./src/components/home/OpenEventsFloatingChip.tsx [Client Component Browser]
    ./src/components/home/OpenEventsFloatingChip.tsx [Server Component]
    ./src/components/home/HomeOpenEventsChip.tsx [Server Component]
    ./src/app/(public)/layout.tsx [Server Component]

  #5 [Client Component SSR]:
    ./src/lib/prisma.ts [Client Component SSR]
    ./src/lib/open-events.ts [Client Component SSR]
    ./src/components/home/OpenEventsFloatingChip.tsx [Client Component SSR]
    ./src/components/home/OpenEventsFloatingChip.tsx [Server Component]
    ./src/components/home/HomeOpenEventsChip.tsx [Server Component]
    ./src/app/(public)/layout.tsx [Server Component] @ http://localhost:3000/_next/static/chunks/node_modules_next_dist_1gdrd03._.js:1945
[   26250ms] [ERROR] ./src/lib/prisma.ts
Code generation for chunk item errored
An error occurred while generating the chunk item [project]/src/lib/prisma.ts [app-client] (ecmascript) <locals>

Caused by:
- the chunking context (unknown) does not support external modules (request: node:dns)

Debug info:
- An error occurred while generating the chunk item [project]/src/lib/prisma.ts [app-client] (ecmascript) <locals>
- Execution of <EcmascriptModuleLocalsModule as EcmascriptChunkPlaceable>::chunk_item_content failed
- Execution of *EcmascriptChunkItemContent::new failed
- Execution of EcmascriptModuleContent::new failed
- the chunking context (unknown) does not support external modules (request: node:dns)

Import traces:
  #1 [Server Component]:
    ./src/lib/prisma.ts
    ./src/auth.ts
    ./src/app/layout.tsx

  #2 [Server Component]:
    ./src/lib/prisma.ts
    ./src/lib/appreciation.ts
    ./src/components/home/HomeAppreciationSnippet.tsx
    ./src/app/(public)/page.tsx

  #3 [Server Component]:
    ./src/lib/prisma.ts
    ./src/lib/open-events.ts
    ./src/components/home/HomeOpenEventsChip.tsx
    ./src/app/(public)/layout.tsx

  #4 [Client Component Browser]:
    ./src/lib/prisma.ts [Client Component Browser]
    ./src/lib/open-events.ts [Client Component Browser]
    ./src/components/home/OpenEventsFloatingChip.tsx [Client Component Browser]
    ./src/components/home/OpenEventsFloatingChip.tsx [Server Component]
    ./src/components/home/HomeOpenEventsChip.tsx [Server Component]
    ./src/app/(public)/layout.tsx [Server Component]

  #5 [Client Component SSR]:
    ./src/lib/prisma.ts [Client Component SSR]
    ./src/lib/open-events.ts [Client Component SSR]
    ./src/components/home/OpenEventsFloatingChip.tsx [Client Component SSR]
    ./src/components/home/OpenEventsFloatingChip.tsx [Server Component]
    ./src/components/home/HomeOpenEventsChip.tsx [Server Component]
    ./src/app/(public)/layout.tsx [Server Component] @ http://localhost:3000/_next/static/chunks/node_modules_next_dist_1gdrd03._.js:1945
[   26310ms] [ERROR] ./src/lib/prisma.ts
Code generation for chunk item errored
An error occurred while generating the chunk item [project]/src/lib/prisma.ts [app-client] (ecmascript) <locals>

Caused by:
- the chunking context (unknown) does not support external modules (request: node:dns)

Debug info:
- An error occurred while generating the chunk item [project]/src/lib/prisma.ts [app-client] (ecmascript) <locals>
- Execution of <EcmascriptModuleLocalsModule as EcmascriptChunkPlaceable>::chunk_item_content failed
- Execution of *EcmascriptChunkItemContent::new failed
- Execution of EcmascriptModuleContent::new failed
- the chunking context (unknown) does not support external modules (request: node:dns)

Import traces:
  #1 [Server Component]:
    ./src/lib/prisma.ts
    ./src/auth.ts
    ./src/app/layout.tsx

  #2 [Server Component]:
    ./src/lib/prisma.ts
    ./src/lib/appreciation.ts
    ./src/components/home/HomeAppreciationSnippet.tsx
    ./src/app/(public)/page.tsx

  #3 [Server Component]:
    ./src/lib/prisma.ts
    ./src/lib/open-events.ts
    ./src/components/home/HomeOpenEventsChip.tsx
    ./src/app/(public)/layout.tsx

  #4 [Client Component Browser]:
    ./src/lib/prisma.ts [Client Component Browser]
    ./src/lib/open-events.ts [Client Component Browser]
    ./src/components/home/OpenEventsFloatingChip.tsx [Client Component Browser]
    ./src/components/home/OpenEventsFloatingChip.tsx [Server Component]
    ./src/components/home/HomeOpenEventsChip.tsx [Server Component]
    ./src/app/(public)/layout.tsx [Server Component]

  #5 [Client Component SSR]:
    ./src/lib/prisma.ts [Client Component SSR]
    ./src/lib/open-events.ts [Client Component SSR]
    ./src/components/home/OpenEventsFloatingChip.tsx [Client Component SSR]
    ./src/components/home/OpenEventsFloatingChip.tsx [Server Component]
    ./src/components/home/HomeOpenEventsChip.tsx [Server Component]
    ./src/app/(public)/layout.tsx [Server Component] @ http://localhost:3000/_next/static/chunks/node_modules_next_dist_1gdrd03._.js:1945
[   26373ms] [ERROR] ./src/lib/prisma.ts
Code generation for chunk item errored
An error occurred while generating the chunk item [project]/src/lib/prisma.ts [app-client] (ecmascript) <locals>

Caused by:
- the chunking context (unknown) does not support external modules (request: node:dns)

Debug info:
- An error occurred while generating the chunk item [project]/src/lib/prisma.ts [app-client] (ecmascript) <locals>
- Execution of <EcmascriptModuleLocalsModule as EcmascriptChunkPlaceable>::chunk_item_content failed
- Execution of *EcmascriptChunkItemContent::new failed
- Execution of EcmascriptModuleContent::new failed
- the chunking context (unknown) does not support external modules (request: node:dns)

Import traces:
  #1 [Server Component]:
    ./src/lib/prisma.ts
    ./src/auth.ts
    ./src/app/layout.tsx

  #2 [Server Component]:
    ./src/lib/prisma.ts
    ./src/lib/appreciation.ts
    ./src/components/home/HomeAppreciationSnippet.tsx
    ./src/app/(public)/page.tsx

  #3 [Server Component]:
    ./src/lib/prisma.ts
    ./src/lib/open-events.ts
    ./src/components/home/HomeOpenEventsChip.tsx
    ./src/app/(public)/layout.tsx

  #4 [Client Component Browser]:
    ./src/lib/prisma.ts [Client Component Browser]
    ./src/lib/open-events.ts [Client Component Browser]
    ./src/components/home/OpenEventsFloatingChip.tsx [Client Component Browser]
    ./src/components/home/OpenEventsFloatingChip.tsx [Server Component]
    ./src/components/home/HomeOpenEventsChip.tsx [Server Component]
    ./src/app/(public)/layout.tsx [Server Component]

  #5 [Client Component SSR]:
    ./src/lib/prisma.ts [Client Component SSR]
    ./src/lib/open-events.ts [Client Component SSR]
    ./src/components/home/OpenEventsFloatingChip.tsx [Client Component SSR]
    ./src/components/home/OpenEventsFloatingChip.tsx [Server Component]
    ./src/components/home/HomeOpenEventsChip.tsx [Server Component]
    ./src/app/(public)/layout.tsx [Server Component] @ http://localhost:3000/_next/static/chunks/node_modules_next_dist_1gdrd03._.js:1945
[   26435ms] [ERROR] ./src/lib/prisma.ts
Code generation for chunk item errored
An error occurred while generating the chunk item [project]/src/lib/prisma.ts [app-client] (ecmascript) <locals>

Caused by:
- the chunking context (unknown) does not support external modules (request: node:dns)

Debug info:
- An error occurred while generating the chunk item [project]/src/lib/prisma.ts [app-client] (ecmascript) <locals>
- Execution of <EcmascriptModuleLocalsModule as EcmascriptChunkPlaceable>::chunk_item_content failed
- Execution of *EcmascriptChunkItemContent::new failed
- Execution of EcmascriptModuleContent::new failed
- the chunking context (unknown) does not support external modules (request: node:dns)

Import traces:
  #1 [Server Component]:
    ./src/lib/prisma.ts
    ./src/auth.ts
    ./src/app/layout.tsx

  #2 [Server Component]:
    ./src/lib/prisma.ts
    ./src/lib/appreciation.ts
    ./src/components/home/HomeAppreciationSnippet.tsx
    ./src/app/(public)/page.tsx

  #3 [Server Component]:
    ./src/lib/prisma.ts
    ./src/lib/open-events.ts
    ./src/components/home/HomeOpenEventsChip.tsx
    ./src/app/(public)/layout.tsx

  #4 [Client Component Browser]:
    ./src/lib/prisma.ts [Client Component Browser]
    ./src/lib/open-events.ts [Client Component Browser]
    ./src/components/home/OpenEventsFloatingChip.tsx [Client Component Browser]
    ./src/components/home/OpenEventsFloatingChip.tsx [Server Component]
    ./src/components/home/HomeOpenEventsChip.tsx [Server Component]
    ./src/app/(public)/layout.tsx [Server Component]

  #5 [Client Component SSR]:
    ./src/lib/prisma.ts [Client Component SSR]
    ./src/lib/open-events.ts [Client Component SSR]
    ./src/components/home/OpenEventsFloatingChip.tsx [Client Component SSR]
    ./src/components/home/OpenEventsFloatingChip.tsx [Server Component]
    ./src/components/home/HomeOpenEventsChip.tsx [Server Component]
    ./src/app/(public)/layout.tsx [Server Component] @ http://localhost:3000/_next/static/chunks/node_modules_next_dist_1gdrd03._.js:1945
[   26497ms] [ERROR] ./src/lib/prisma.ts
Code generation for chunk item errored
An error occurred while generating the chunk item [project]/src/lib/prisma.ts [app-client] (ecmascript) <locals>

Caused by:
- the chunking context (unknown) does not support external modules (request: node:dns)

Debug info:
- An error occurred while generating the chunk item [project]/src/lib/prisma.ts [app-client] (ecmascript) <locals>
- Execution of <EcmascriptModuleLocalsModule as EcmascriptChunkPlaceable>::chunk_item_content failed
- Execution of *EcmascriptChunkItemContent::new failed
- Execution of EcmascriptModuleContent::new failed
- the chunking context (unknown) does not support external modules (request: node:dns)

Import traces:
  #1 [Server Component]:
    ./src/lib/prisma.ts
    ./src/auth.ts
    ./src/app/layout.tsx

  #2 [Server Component]:
    ./src/lib/prisma.ts
    ./src/lib/appreciation.ts
    ./src/components/home/HomeAppreciationSnippet.tsx
    ./src/app/(public)/page.tsx

  #3 [Server Component]:
    ./src/lib/prisma.ts
    ./src/lib/open-events.ts
    ./src/components/home/HomeOpenEventsChip.tsx
    ./src/app/(public)/layout.tsx

  #4 [Client Component Browser]:
    ./src/lib/prisma.ts [Client Component Browser]
    ./src/lib/open-events.ts [Client Component Browser]
    ./src/components/home/OpenEventsFloatingChip.tsx [Client Component Browser]
    ./src/components/home/OpenEventsFloatingChip.tsx [Server Component]
    ./src/components/home/HomeOpenEventsChip.tsx [Server Component]
    ./src/app/(public)/layout.tsx [Server Component]

  #5 [Client Component SSR]:
    ./src/lib/prisma.ts [Client Component SSR]
    ./src/lib/open-events.ts [Client Component SSR]
    ./src/components/home/OpenEventsFloatingChip.tsx [Client Component SSR]
    ./src/components/home/OpenEventsFloatingChip.tsx [Server Component]
    ./src/components/home/HomeOpenEventsChip.tsx [Server Component]
    ./src/app/(public)/layout.tsx [Server Component] @ http://localhost:3000/_next/static/chunks/node_modules_next_dist_1gdrd03._.js:1945
[   26560ms] [ERROR] ./src/lib/prisma.ts
Code generation for chunk item errored
An error occurred while generating the chunk item [project]/src/lib/prisma.ts [app-client] (ecmascript) <locals>

Caused by:
- the chunking context (unknown) does not support external modules (request: node:dns)

Debug info:
- An error occurred while generating the chunk item [project]/src/lib/prisma.ts [app-client] (ecmascript) <locals>
- Execution of <EcmascriptModuleLocalsModule as EcmascriptChunkPlaceable>::chunk_item_content failed
- Execution of *EcmascriptChunkItemContent::new failed
- Execution of EcmascriptModuleContent::new failed
- the chunking context (unknown) does not support external modules (request: node:dns)

Import traces:
  #1 [Server Component]:
    ./src/lib/prisma.ts
    ./src/auth.ts
    ./src/app/layout.tsx

  #2 [Server Component]:
    ./src/lib/prisma.ts
    ./src/lib/appreciation.ts
    ./src/components/home/HomeAppreciationSnippet.tsx
    ./src/app/(public)/page.tsx

  #3 [Server Component]:
    ./src/lib/prisma.ts
    ./src/lib/open-events.ts
    ./src/components/home/HomeOpenEventsChip.tsx
    ./src/app/(public)/layout.tsx

  #4 [Client Component Browser]:
    ./src/lib/prisma.ts [Client Component Browser]
    ./src/lib/open-events.ts [Client Component Browser]
    ./src/components/home/OpenEventsFloatingChip.tsx [Client Component Browser]
    ./src/components/home/OpenEventsFloatingChip.tsx [Server Component]
    ./src/components/home/HomeOpenEventsChip.tsx [Server Component]
    ./src/app/(public)/layout.tsx [Server Component]

  #5 [Client Component SSR]:
    ./src/lib/prisma.ts [Client Component SSR]
    ./src/lib/open-events.ts [Client Component SSR]
    ./src/components/home/OpenEventsFloatingChip.tsx [Client Component SSR]
    ./src/components/home/OpenEventsFloatingChip.tsx [Server Component]
    ./src/components/home/HomeOpenEventsChip.tsx [Server Component]
    ./src/app/(public)/layout.tsx [Server Component] @ http://localhost:3000/_next/static/chunks/node_modules_next_dist_1gdrd03._.js:1945
[   26623ms] [ERROR] ./src/lib/prisma.ts
Code generation for chunk item errored
An error occurred while generating the chunk item [project]/src/lib/prisma.ts [app-client] (ecmascript) <locals>

Caused by:
- the chunking context (unknown) does not support external modules (request: node:dns)

Debug info:
- An error occurred while generating the chunk item [project]/src/lib/prisma.ts [app-client] (ecmascript) <locals>
- Execution of <EcmascriptModuleLocalsModule as EcmascriptChunkPlaceable>::chunk_item_content failed
- Execution of *EcmascriptChunkItemContent::new failed
- Execution of EcmascriptModuleContent::new failed
- the chunking context (unknown) does not support external modules (request: node:dns)

Import traces:
  #1 [Server Component]:
    ./src/lib/prisma.ts
    ./src/auth.ts
    ./src/app/layout.tsx

  #2 [Server Component]:
    ./src/lib/prisma.ts
    ./src/lib/appreciation.ts
    ./src/components/home/HomeAppreciationSnippet.tsx
    ./src/app/(public)/page.tsx

  #3 [Server Component]:
    ./src/lib/prisma.ts
    ./src/lib/open-events.ts
    ./src/components/home/HomeOpenEventsChip.tsx
    ./src/app/(public)/layout.tsx

  #4 [Client Component Browser]:
    ./src/lib/prisma.ts [Client Component Browser]
    ./src/lib/open-events.ts [Client Component Browser]
    ./src/components/home/OpenEventsFloatingChip.tsx [Client Component Browser]
    ./src/components/home/OpenEventsFloatingChip.tsx [Server Component]
    ./src/components/home/HomeOpenEventsChip.tsx [Server Component]
    ./src/app/(public)/layout.tsx [Server Component]

  #5 [Client Component SSR]:
    ./src/lib/prisma.ts [Client Component SSR]
    ./src/lib/open-events.ts [Client Component SSR]
    ./src/components/home/OpenEventsFloatingChip.tsx [Client Component SSR]
    ./src/components/home/OpenEventsFloatingChip.tsx [Server Component]
    ./src/components/home/HomeOpenEventsChip.tsx [Server Component]
    ./src/app/(public)/layout.tsx [Server Component] @ http://localhost:3000/_next/static/chunks/node_modules_next_dist_1gdrd03._.js:1945
[   26686ms] [ERROR] ./src/lib/prisma.ts
Code generation for chunk item errored
An error occurred while generating the chunk item [project]/src/lib/prisma.ts [app-client] (ecmascript) <locals>

Caused by:
- the chunking context (unknown) does not support external modules (request: node:dns)

Debug info:
- An error occurred while generating the chunk item [project]/src/lib/prisma.ts [app-client] (ecmascript) <locals>
- Execution of <EcmascriptModuleLocalsModule as EcmascriptChunkPlaceable>::chunk_item_content failed
- Execution of *EcmascriptChunkItemContent::new failed
- Execution of EcmascriptModuleContent::new failed
- the chunking context (unknown) does not support external modules (request: node:dns)

Import traces:
  #1 [Server Component]:
    ./src/lib/prisma.ts
    ./src/auth.ts
    ./src/app/layout.tsx

  #2 [Server Component]:
    ./src/lib/prisma.ts
    ./src/lib/appreciation.ts
    ./src/components/home/HomeAppreciationSnippet.tsx
    ./src/app/(public)/page.tsx

  #3 [Server Component]:
    ./src/lib/prisma.ts
    ./src/lib/open-events.ts
    ./src/components/home/HomeOpenEventsChip.tsx
    ./src/app/(public)/layout.tsx

  #4 [Client Component Browser]:
    ./src/lib/prisma.ts [Client Component Browser]
    ./src/lib/open-events.ts [Client Component Browser]
    ./src/components/home/OpenEventsFloatingChip.tsx [Client Component Browser]
    ./src/components/home/OpenEventsFloatingChip.tsx [Server Component]
    ./src/components/home/HomeOpenEventsChip.tsx [Server Component]
    ./src/app/(public)/layout.tsx [Server Component]

  #5 [Client Component SSR]:
    ./src/lib/prisma.ts [Client Component SSR]
    ./src/lib/open-events.ts [Client Component SSR]
    ./src/components/home/OpenEventsFloatingChip.tsx [Client Component SSR]
    ./src/components/home/OpenEventsFloatingChip.tsx [Server Component]
    ./src/components/home/HomeOpenEventsChip.tsx [Server Component]
    ./src/app/(public)/layout.tsx [Server Component] @ http://localhost:3000/_next/static/chunks/node_modules_next_dist_1gdrd03._.js:1945
[   26746ms] [ERROR] ./src/lib/prisma.ts
Code generation for chunk item errored
An error occurred while generating the chunk item [project]/src/lib/prisma.ts [app-client] (ecmascript) <locals>

Caused by:
- the chunking context (unknown) does not support external modules (request: node:dns)

Debug info:
- An error occurred while generating the chunk item [project]/src/lib/prisma.ts [app-client] (ecmascript) <locals>
- Execution of <EcmascriptModuleLocalsModule as EcmascriptChunkPlaceable>::chunk_item_content failed
- Execution of *EcmascriptChunkItemContent::new failed
- Execution of EcmascriptModuleContent::new failed
- the chunking context (unknown) does not support external modules (request: node:dns)

Import traces:
  #1 [Server Component]:
    ./src/lib/prisma.ts
    ./src/auth.ts
    ./src/app/layout.tsx

  #2 [Server Component]:
    ./src/lib/prisma.ts
    ./src/lib/appreciation.ts
    ./src/components/home/HomeAppreciationSnippet.tsx
    ./src/app/(public)/page.tsx

  #3 [Server Component]:
    ./src/lib/prisma.ts
    ./src/lib/open-events.ts
    ./src/components/home/HomeOpenEventsChip.tsx
    ./src/app/(public)/layout.tsx

  #4 [Client Component Browser]:
    ./src/lib/prisma.ts [Client Component Browser]
    ./src/lib/open-events.ts [Client Component Browser]
    ./src/components/home/OpenEventsFloatingChip.tsx [Client Component Browser]
    ./src/components/home/OpenEventsFloatingChip.tsx [Server Component]
    ./src/components/home/HomeOpenEventsChip.tsx [Server Component]
    ./src/app/(public)/layout.tsx [Server Component]

  #5 [Client Component SSR]:
    ./src/lib/prisma.ts [Client Component SSR]
    ./src/lib/open-events.ts [Client Component SSR]
    ./src/components/home/OpenEventsFloatingChip.tsx [Client Component SSR]
    ./src/components/home/OpenEventsFloatingChip.tsx [Server Component]
    ./src/components/home/HomeOpenEventsChip.tsx [Server Component]
    ./src/app/(public)/layout.tsx [Server Component] @ http://localhost:3000/_next/static/chunks/node_modules_next_dist_1gdrd03._.js:1945
[   26808ms] [ERROR] ./src/lib/prisma.ts
Code generation for chunk item errored
An error occurred while generating the chunk item [project]/src/lib/prisma.ts [app-client] (ecmascript) <locals>

Caused by:
- the chunking context (unknown) does not support external modules (request: node:dns)

Debug info:
- An error occurred while generating the chunk item [project]/src/lib/prisma.ts [app-client] (ecmascript) <locals>
- Execution of <EcmascriptModuleLocalsModule as EcmascriptChunkPlaceable>::chunk_item_content failed
- Execution of *EcmascriptChunkItemContent::new failed
- Execution of EcmascriptModuleContent::new failed
- the chunking context (unknown) does not support external modules (request: node:dns)

Import traces:
  #1 [Server Component]:
    ./src/lib/prisma.ts
    ./src/auth.ts
    ./src/app/layout.tsx

  #2 [Server Component]:
    ./src/lib/prisma.ts
    ./src/lib/appreciation.ts
    ./src/components/home/HomeAppreciationSnippet.tsx
    ./src/app/(public)/page.tsx

  #3 [Server Component]:
    ./src/lib/prisma.ts
    ./src/lib/open-events.ts
    ./src/components/home/HomeOpenEventsChip.tsx
    ./src/app/(public)/layout.tsx

  #4 [Client Component Browser]:
    ./src/lib/prisma.ts [Client Component Browser]
    ./src/lib/open-events.ts [Client Component Browser]
    ./src/components/home/OpenEventsFloatingChip.tsx [Client Component Browser]
    ./src/components/home/OpenEventsFloatingChip.tsx [Server Component]
    ./src/components/home/HomeOpenEventsChip.tsx [Server Component]
    ./src/app/(public)/layout.tsx [Server Component]

  #5 [Client Component SSR]:
    ./src/lib/prisma.ts [Client Component SSR]
    ./src/lib/open-events.ts [Client Component SSR]
    ./src/components/home/OpenEventsFloatingChip.tsx [Client Component SSR]
    ./src/components/home/OpenEventsFloatingChip.tsx [Server Component]
    ./src/components/home/HomeOpenEventsChip.tsx [Server Component]
    ./src/app/(public)/layout.tsx [Server Component] @ http://localhost:3000/_next/static/chunks/node_modules_next_dist_1gdrd03._.js:1945
[   26871ms] [ERROR] ./src/lib/prisma.ts
Code generation for chunk item errored
An error occurred while generating the chunk item [project]/src/lib/prisma.ts [app-client] (ecmascript) <locals>

Caused by:
- the chunking context (unknown) does not support external modules (request: node:dns)

Debug info:
- An error occurred while generating the chunk item [project]/src/lib/prisma.ts [app-client] (ecmascript) <locals>
- Execution of <EcmascriptModuleLocalsModule as EcmascriptChunkPlaceable>::chunk_item_content failed
- Execution of *EcmascriptChunkItemContent::new failed
- Execution of EcmascriptModuleContent::new failed
- the chunking context (unknown) does not support external modules (request: node:dns)

Import traces:
  #1 [Server Component]:
    ./src/lib/prisma.ts
    ./src/auth.ts
    ./src/app/layout.tsx

  #2 [Server Component]:
    ./src/lib/prisma.ts
    ./src/lib/appreciation.ts
    ./src/components/home/HomeAppreciationSnippet.tsx
    ./src/app/(public)/page.tsx

  #3 [Server Component]:
    ./src/lib/prisma.ts
    ./src/lib/open-events.ts
    ./src/components/home/HomeOpenEventsChip.tsx
    ./src/app/(public)/layout.tsx

  #4 [Client Component Browser]:
    ./src/lib/prisma.ts [Client Component Browser]
    ./src/lib/open-events.ts [Client Component Browser]
    ./src/components/home/OpenEventsFloatingChip.tsx [Client Component Browser]
    ./src/components/home/OpenEventsFloatingChip.tsx [Server Component]
    ./src/components/home/HomeOpenEventsChip.tsx [Server Component]
    ./src/app/(public)/layout.tsx [Server Component]

  #5 [Client Component SSR]:
    ./src/lib/prisma.ts [Client Component SSR]
    ./src/lib/open-events.ts [Client Component SSR]
    ./src/components/home/OpenEventsFloatingChip.tsx [Client Component SSR]
    ./src/components/home/OpenEventsFloatingChip.tsx [Server Component]
    ./src/components/home/HomeOpenEventsChip.tsx [Server Component]
    ./src/app/(public)/layout.tsx [Server Component] @ http://localhost:3000/_next/static/chunks/node_modules_next_dist_1gdrd03._.js:1945
[   26932ms] [ERROR] ./src/lib/prisma.ts
Code generation for chunk item errored
An error occurred while generating the chunk item [project]/src/lib/prisma.ts [app-client] (ecmascript) <locals>

Caused by:
- the chunking context (unknown) does not support external modules (request: node:dns)

Debug info:
- An error occurred while generating the chunk item [project]/src/lib/prisma.ts [app-client] (ecmascript) <locals>
- Execution of <EcmascriptModuleLocalsModule as EcmascriptChunkPlaceable>::chunk_item_content failed
- Execution of *EcmascriptChunkItemContent::new failed
- Execution of EcmascriptModuleContent::new failed
- the chunking context (unknown) does not support external modules (request: node:dns)

Import traces:
  #1 [Server Component]:
    ./src/lib/prisma.ts
    ./src/auth.ts
    ./src/app/layout.tsx

  #2 [Server Component]:
    ./src/lib/prisma.ts
    ./src/lib/appreciation.ts
    ./src/components/home/HomeAppreciationSnippet.tsx
    ./src/app/(public)/page.tsx

  #3 [Server Component]:
    ./src/lib/prisma.ts
    ./src/lib/open-events.ts
    ./src/components/home/HomeOpenEventsChip.tsx
    ./src/app/(public)/layout.tsx

  #4 [Client Component Browser]:
    ./src/lib/prisma.ts [Client Component Browser]
    ./src/lib/open-events.ts [Client Component Browser]
    ./src/components/home/OpenEventsFloatingChip.tsx [Client Component Browser]
    ./src/components/home/OpenEventsFloatingChip.tsx [Server Component]
    ./src/components/home/HomeOpenEventsChip.tsx [Server Component]
    ./src/app/(public)/layout.tsx [Server Component]

  #5 [Client Component SSR]:
    ./src/lib/prisma.ts [Client Component SSR]
    ./src/lib/open-events.ts [Client Component SSR]
    ./src/components/home/OpenEventsFloatingChip.tsx [Client Component SSR]
    ./src/components/home/OpenEventsFloatingChip.tsx [Server Component]
    ./src/components/home/HomeOpenEventsChip.tsx [Server Component]
    ./src/app/(public)/layout.tsx [Server Component] @ http://localhost:3000/_next/static/chunks/node_modules_next_dist_1gdrd03._.js:1945
[   26996ms] [ERROR] ./src/lib/prisma.ts
Code generation for chunk item errored
An error occurred while generating the chunk item [project]/src/lib/prisma.ts [app-client] (ecmascript) <locals>

Caused by:
- the chunking context (unknown) does not support external modules (request: node:dns)

Debug info:
- An error occurred while generating the chunk item [project]/src/lib/prisma.ts [app-client] (ecmascript) <locals>
- Execution of <EcmascriptModuleLocalsModule as EcmascriptChunkPlaceable>::chunk_item_content failed
- Execution of *EcmascriptChunkItemContent::new failed
- Execution of EcmascriptModuleContent::new failed
- the chunking context (unknown) does not support external modules (request: node:dns)

Import traces:
  #1 [Server Component]:
    ./src/lib/prisma.ts
    ./src/auth.ts
    ./src/app/layout.tsx

  #2 [Server Component]:
    ./src/lib/prisma.ts
    ./src/lib/appreciation.ts
    ./src/components/home/HomeAppreciationSnippet.tsx
    ./src/app/(public)/page.tsx

  #3 [Server Component]:
    ./src/lib/prisma.ts
    ./src/lib/open-events.ts
    ./src/components/home/HomeOpenEventsChip.tsx
    ./src/app/(public)/layout.tsx

  #4 [Client Component Browser]:
    ./src/lib/prisma.ts [Client Component Browser]
    ./src/lib/open-events.ts [Client Component Browser]
    ./src/components/home/OpenEventsFloatingChip.tsx [Client Component Browser]
    ./src/components/home/OpenEventsFloatingChip.tsx [Server Component]
    ./src/components/home/HomeOpenEventsChip.tsx [Server Component]
    ./src/app/(public)/layout.tsx [Server Component]

  #5 [Client Component SSR]:
    ./src/lib/prisma.ts [Client Component SSR]
    ./src/lib/open-events.ts [Client Component SSR]
    ./src/components/home/OpenEventsFloatingChip.tsx [Client Component SSR]
    ./src/components/home/OpenEventsFloatingChip.tsx [Server Component]
    ./src/components/home/HomeOpenEventsChip.tsx [Server Component]
    ./src/app/(public)/layout.tsx [Server Component] @ http://localhost:3000/_next/static/chunks/node_modules_next_dist_1gdrd03._.js:1945
[   27058ms] [ERROR] ./src/lib/prisma.ts
Code generation for chunk item errored
An error occurred while generating the chunk item [project]/src/lib/prisma.ts [app-client] (ecmascript) <locals>

Caused by:
- the chunking context (unknown) does not support external modules (request: node:dns)

Debug info:
- An error occurred while generating the chunk item [project]/src/lib/prisma.ts [app-client] (ecmascript) <locals>
- Execution of <EcmascriptModuleLocalsModule as EcmascriptChunkPlaceable>::chunk_item_content failed
- Execution of *EcmascriptChunkItemContent::new failed
- Execution of EcmascriptModuleContent::new failed
- the chunking context (unknown) does not support external modules (request: node:dns)

Import traces:
  #1 [Server Component]:
    ./src/lib/prisma.ts
    ./src/auth.ts
    ./src/app/layout.tsx

  #2 [Server Component]:
    ./src/lib/prisma.ts
    ./src/lib/appreciation.ts
    ./src/components/home/HomeAppreciationSnippet.tsx
    ./src/app/(public)/page.tsx

  #3 [Server Component]:
    ./src/lib/prisma.ts
    ./src/lib/open-events.ts
    ./src/components/home/HomeOpenEventsChip.tsx
    ./src/app/(public)/layout.tsx

  #4 [Client Component Browser]:
    ./src/lib/prisma.ts [Client Component Browser]
    ./src/lib/open-events.ts [Client Component Browser]
    ./src/components/home/OpenEventsFloatingChip.tsx [Client Component Browser]
    ./src/components/home/OpenEventsFloatingChip.tsx [Server Component]
    ./src/components/home/HomeOpenEventsChip.tsx [Server Component]
    ./src/app/(public)/layout.tsx [Server Component]

  #5 [Client Component SSR]:
    ./src/lib/prisma.ts [Client Component SSR]
    ./src/lib/open-events.ts [Client Component SSR]
    ./src/components/home/OpenEventsFloatingChip.tsx [Client Component SSR]
    ./src/components/home/OpenEventsFloatingChip.tsx [Server Component]
    ./src/components/home/HomeOpenEventsChip.tsx [Server Component]
    ./src/app/(public)/layout.tsx [Server Component] @ http://localhost:3000/_next/static/chunks/node_modules_next_dist_1gdrd03._.js:1945
[   27120ms] [ERROR] ./src/lib/prisma.ts
Code generation for chunk item errored
An error occurred while generating the chunk item [project]/src/lib/prisma.ts [app-client] (ecmascript) <locals>

Caused by:
- the chunking context (unknown) does not support external modules (request: node:dns)

Debug info:
- An error occurred while generating the chunk item [project]/src/lib/prisma.ts [app-client] (ecmascript) <locals>
- Execution of <EcmascriptModuleLocalsModule as EcmascriptChunkPlaceable>::chunk_item_content failed
- Execution of *EcmascriptChunkItemContent::new failed
- Execution of EcmascriptModuleContent::new failed
- the chunking context (unknown) does not support external modules (request: node:dns)

Import traces:
  #1 [Server Component]:
    ./src/lib/prisma.ts
    ./src/auth.ts
    ./src/app/layout.tsx

  #2 [Server Component]:
    ./src/lib/prisma.ts
    ./src/lib/appreciation.ts
    ./src/components/home/HomeAppreciationSnippet.tsx
    ./src/app/(public)/page.tsx

  #3 [Server Component]:
    ./src/lib/prisma.ts
    ./src/lib/open-events.ts
    ./src/components/home/HomeOpenEventsChip.tsx
    ./src/app/(public)/layout.tsx

  #4 [Client Component Browser]:
    ./src/lib/prisma.ts [Client Component Browser]
    ./src/lib/open-events.ts [Client Component Browser]
    ./src/components/home/OpenEventsFloatingChip.tsx [Client Component Browser]
    ./src/components/home/OpenEventsFloatingChip.tsx [Server Component]
    ./src/components/home/HomeOpenEventsChip.tsx [Server Component]
    ./src/app/(public)/layout.tsx [Server Component]

  #5 [Client Component SSR]:
    ./src/lib/prisma.ts [Client Component SSR]
    ./src/lib/open-events.ts [Client Component SSR]
    ./src/components/home/OpenEventsFloatingChip.tsx [Client Component SSR]
    ./src/components/home/OpenEventsFloatingChip.tsx [Server Component]
    ./src/components/home/HomeOpenEventsChip.tsx [Server Component]
    ./src/app/(public)/layout.tsx [Server Component] @ http://localhost:3000/_next/static/chunks/node_modules_next_dist_1gdrd03._.js:1945
[   27182ms] [ERROR] ./src/lib/prisma.ts
Code generation for chunk item errored
An error occurred while generating the chunk item [project]/src/lib/prisma.ts [app-client] (ecmascript) <locals>

Caused by:
- the chunking context (unknown) does not support external modules (request: node:dns)

Debug info:
- An error occurred while generating the chunk item [project]/src/lib/prisma.ts [app-client] (ecmascript) <locals>
- Execution of <EcmascriptModuleLocalsModule as EcmascriptChunkPlaceable>::chunk_item_content failed
- Execution of *EcmascriptChunkItemContent::new failed
- Execution of EcmascriptModuleContent::new failed
- the chunking context (unknown) does not support external modules (request: node:dns)

Import traces:
  #1 [Server Component]:
    ./src/lib/prisma.ts
    ./src/auth.ts
    ./src/app/layout.tsx

  #2 [Server Component]:
    ./src/lib/prisma.ts
    ./src/lib/appreciation.ts
    ./src/components/home/HomeAppreciationSnippet.tsx
    ./src/app/(public)/page.tsx

  #3 [Server Component]:
    ./src/lib/prisma.ts
    ./src/lib/open-events.ts
    ./src/components/home/HomeOpenEventsChip.tsx
    ./src/app/(public)/layout.tsx

  #4 [Client Component Browser]:
    ./src/lib/prisma.ts [Client Component Browser]
    ./src/lib/open-events.ts [Client Component Browser]
    ./src/components/home/OpenEventsFloatingChip.tsx [Client Component Browser]
    ./src/components/home/OpenEventsFloatingChip.tsx [Server Component]
    ./src/components/home/HomeOpenEventsChip.tsx [Server Component]
    ./src/app/(public)/layout.tsx [Server Component]

  #5 [Client Component SSR]:
    ./src/lib/prisma.ts [Client Component SSR]
    ./src/lib/open-events.ts [Client Component SSR]
    ./src/components/home/OpenEventsFloatingChip.tsx [Client Component SSR]
    ./src/components/home/OpenEventsFloatingChip.tsx [Server Component]
    ./src/components/home/HomeOpenEventsChip.tsx [Server Component]
    ./src/app/(public)/layout.tsx [Server Component] @ http://localhost:3000/_next/static/chunks/node_modules_next_dist_1gdrd03._.js:1945
[   27244ms] [ERROR] ./src/lib/prisma.ts
Code generation for chunk item errored
An error occurred while generating the chunk item [project]/src/lib/prisma.ts [app-client] (ecmascript) <locals>

Caused by:
- the chunking context (unknown) does not support external modules (request: node:dns)

Debug info:
- An error occurred while generating the chunk item [project]/src/lib/prisma.ts [app-client] (ecmascript) <locals>
- Execution of <EcmascriptModuleLocalsModule as EcmascriptChunkPlaceable>::chunk_item_content failed
- Execution of *EcmascriptChunkItemContent::new failed
- Execution of EcmascriptModuleContent::new failed
- the chunking context (unknown) does not support external modules (request: node:dns)

Import traces:
  #1 [Server Component]:
    ./src/lib/prisma.ts
    ./src/auth.ts
    ./src/app/layout.tsx

  #2 [Server Component]:
    ./src/lib/prisma.ts
    ./src/lib/appreciation.ts
    ./src/components/home/HomeAppreciationSnippet.tsx
    ./src/app/(public)/page.tsx

  #3 [Server Component]:
    ./src/lib/prisma.ts
    ./src/lib/open-events.ts
    ./src/components/home/HomeOpenEventsChip.tsx
    ./src/app/(public)/layout.tsx

  #4 [Client Component Browser]:
    ./src/lib/prisma.ts [Client Component Browser]
    ./src/lib/open-events.ts [Client Component Browser]
    ./src/components/home/OpenEventsFloatingChip.tsx [Client Component Browser]
    ./src/components/home/OpenEventsFloatingChip.tsx [Server Component]
    ./src/components/home/HomeOpenEventsChip.tsx [Server Component]
    ./src/app/(public)/layout.tsx [Server Component]

  #5 [Client Component SSR]:
    ./src/lib/prisma.ts [Client Component SSR]
    ./src/lib/open-events.ts [Client Component SSR]
    ./src/components/home/OpenEventsFloatingChip.tsx [Client Component SSR]
    ./src/components/home/OpenEventsFloatingChip.tsx [Server Component]
    ./src/components/home/HomeOpenEventsChip.tsx [Server Component]
    ./src/app/(public)/layout.tsx [Server Component] @ http://localhost:3000/_next/static/chunks/node_modules_next_dist_1gdrd03._.js:1945
[   27305ms] [ERROR] ./src/lib/prisma.ts
Code generation for chunk item errored
An error occurred while generating the chunk item [project]/src/lib/prisma.ts [app-client] (ecmascript) <locals>

Caused by:
- the chunking context (unknown) does not support external modules (request: node:dns)

Debug info:
- An error occurred while generating the chunk item [project]/src/lib/prisma.ts [app-client] (ecmascript) <locals>
- Execution of <EcmascriptModuleLocalsModule as EcmascriptChunkPlaceable>::chunk_item_content failed
- Execution of *EcmascriptChunkItemContent::new failed
- Execution of EcmascriptModuleContent::new failed
- the chunking context (unknown) does not support external modules (request: node:dns)

Import traces:
  #1 [Server Component]:
    ./src/lib/prisma.ts
    ./src/auth.ts
    ./src/app/layout.tsx

  #2 [Server Component]:
    ./src/lib/prisma.ts
    ./src/lib/appreciation.ts
    ./src/components/home/HomeAppreciationSnippet.tsx
    ./src/app/(public)/page.tsx

  #3 [Server Component]:
    ./src/lib/prisma.ts
    ./src/lib/open-events.ts
    ./src/components/home/HomeOpenEventsChip.tsx
    ./src/app/(public)/layout.tsx

  #4 [Client Component Browser]:
    ./src/lib/prisma.ts [Client Component Browser]
    ./src/lib/open-events.ts [Client Component Browser]
    ./src/components/home/OpenEventsFloatingChip.tsx [Client Component Browser]
    ./src/components/home/OpenEventsFloatingChip.tsx [Server Component]
    ./src/components/home/HomeOpenEventsChip.tsx [Server Component]
    ./src/app/(public)/layout.tsx [Server Component]

  #5 [Client Component SSR]:
    ./src/lib/prisma.ts [Client Component SSR]
    ./src/lib/open-events.ts [Client Component SSR]
    ./src/components/home/OpenEventsFloatingChip.tsx [Client Component SSR]
    ./src/components/home/OpenEventsFloatingChip.tsx [Server Component]
    ./src/components/home/HomeOpenEventsChip.tsx [Server Component]
    ./src/app/(public)/layout.tsx [Server Component] @ http://localhost:3000/_next/static/chunks/node_modules_next_dist_1gdrd03._.js:1945
[   27369ms] [ERROR] ./src/lib/prisma.ts
Code generation for chunk item errored
An error occurred while generating the chunk item [project]/src/lib/prisma.ts [app-client] (ecmascript) <locals>

Caused by:
- the chunking context (unknown) does not support external modules (request: node:dns)

Debug info:
- An error occurred while generating the chunk item [project]/src/lib/prisma.ts [app-client] (ecmascript) <locals>
- Execution of <EcmascriptModuleLocalsModule as EcmascriptChunkPlaceable>::chunk_item_content failed
- Execution of *EcmascriptChunkItemContent::new failed
- Execution of EcmascriptModuleContent::new failed
- the chunking context (unknown) does not support external modules (request: node:dns)

Import traces:
  #1 [Server Component]:
    ./src/lib/prisma.ts
    ./src/auth.ts
    ./src/app/layout.tsx

  #2 [Server Component]:
    ./src/lib/prisma.ts
    ./src/lib/appreciation.ts
    ./src/components/home/HomeAppreciationSnippet.tsx
    ./src/app/(public)/page.tsx

  #3 [Server Component]:
    ./src/lib/prisma.ts
    ./src/lib/open-events.ts
    ./src/components/home/HomeOpenEventsChip.tsx
    ./src/app/(public)/layout.tsx

  #4 [Client Component Browser]:
    ./src/lib/prisma.ts [Client Component Browser]
    ./src/lib/open-events.ts [Client Component Browser]
    ./src/components/home/OpenEventsFloatingChip.tsx [Client Component Browser]
    ./src/components/home/OpenEventsFloatingChip.tsx [Server Component]
    ./src/components/home/HomeOpenEventsChip.tsx [Server Component]
    ./src/app/(public)/layout.tsx [Server Component]

  #5 [Client Component SSR]:
    ./src/lib/prisma.ts [Client Component SSR]
    ./src/lib/open-events.ts [Client Component SSR]
    ./src/components/home/OpenEventsFloatingChip.tsx [Client Component SSR]
    ./src/components/home/OpenEventsFloatingChip.tsx [Server Component]
    ./src/components/home/HomeOpenEventsChip.tsx [Server Component]
    ./src/app/(public)/layout.tsx [Server Component] @ http://localhost:3000/_next/static/chunks/node_modules_next_dist_1gdrd03._.js:1945
[   27430ms] [ERROR] ./src/lib/prisma.ts
Code generation for chunk item errored
An error occurred while generating the chunk item [project]/src/lib/prisma.ts [app-client] (ecmascript) <locals>

Caused by:
- the chunking context (unknown) does not support external modules (request: node:dns)

Debug info:
- An error occurred while generating the chunk item [project]/src/lib/prisma.ts [app-client] (ecmascript) <locals>
- Execution of <EcmascriptModuleLocalsModule as EcmascriptChunkPlaceable>::chunk_item_content failed
- Execution of *EcmascriptChunkItemContent::new failed
- Execution of EcmascriptModuleContent::new failed
- the chunking context (unknown) does not support external modules (request: node:dns)

Import traces:
  #1 [Server Component]:
    ./src/lib/prisma.ts
    ./src/auth.ts
    ./src/app/layout.tsx

  #2 [Server Component]:
    ./src/lib/prisma.ts
    ./src/lib/appreciation.ts
    ./src/components/home/HomeAppreciationSnippet.tsx
    ./src/app/(public)/page.tsx

  #3 [Server Component]:
    ./src/lib/prisma.ts
    ./src/lib/open-events.ts
    ./src/components/home/HomeOpenEventsChip.tsx
    ./src/app/(public)/layout.tsx

  #4 [Client Component Browser]:
    ./src/lib/prisma.ts [Client Component Browser]
    ./src/lib/open-events.ts [Client Component Browser]
    ./src/components/home/OpenEventsFloatingChip.tsx [Client Component Browser]
    ./src/components/home/OpenEventsFloatingChip.tsx [Server Component]
    ./src/components/home/HomeOpenEventsChip.tsx [Server Component]
    ./src/app/(public)/layout.tsx [Server Component]

  #5 [Client Component SSR]:
    ./src/lib/prisma.ts [Client Component SSR]
    ./src/lib/open-events.ts [Client Component SSR]
    ./src/components/home/OpenEventsFloatingChip.tsx [Client Component SSR]
    ./src/components/home/OpenEventsFloatingChip.tsx [Server Component]
    ./src/components/home/HomeOpenEventsChip.tsx [Server Component]
    ./src/app/(public)/layout.tsx [Server Component] @ http://localhost:3000/_next/static/chunks/node_modules_next_dist_1gdrd03._.js:1945
[   27492ms] [ERROR] ./src/lib/prisma.ts
Code generation for chunk item errored
An error occurred while generating the chunk item [project]/src/lib/prisma.ts [app-client] (ecmascript) <locals>

Caused by:
- the chunking context (unknown) does not support external modules (request: node:dns)

Debug info:
- An error occurred while generating the chunk item [project]/src/lib/prisma.ts [app-client] (ecmascript) <locals>
- Execution of <EcmascriptModuleLocalsModule as EcmascriptChunkPlaceable>::chunk_item_content failed
- Execution of *EcmascriptChunkItemContent::new failed
- Execution of EcmascriptModuleContent::new failed
- the chunking context (unknown) does not support external modules (request: node:dns)

Import traces:
  #1 [Server Component]:
    ./src/lib/prisma.ts
    ./src/auth.ts
    ./src/app/layout.tsx

  #2 [Server Component]:
    ./src/lib/prisma.ts
    ./src/lib/appreciation.ts
    ./src/components/home/HomeAppreciationSnippet.tsx
    ./src/app/(public)/page.tsx

  #3 [Server Component]:
    ./src/lib/prisma.ts
    ./src/lib/open-events.ts
    ./src/components/home/HomeOpenEventsChip.tsx
    ./src/app/(public)/layout.tsx

  #4 [Client Component Browser]:
    ./src/lib/prisma.ts [Client Component Browser]
    ./src/lib/open-events.ts [Client Component Browser]
    ./src/components/home/OpenEventsFloatingChip.tsx [Client Component Browser]
    ./src/components/home/OpenEventsFloatingChip.tsx [Server Component]
    ./src/components/home/HomeOpenEventsChip.tsx [Server Component]
    ./src/app/(public)/layout.tsx [Server Component]

  #5 [Client Component SSR]:
    ./src/lib/prisma.ts [Client Component SSR]
    ./src/lib/open-events.ts [Client Component SSR]
    ./src/components/home/OpenEventsFloatingChip.tsx [Client Component SSR]
    ./src/components/home/OpenEventsFloatingChip.tsx [Server Component]
    ./src/components/home/HomeOpenEventsChip.tsx [Server Component]
    ./src/app/(public)/layout.tsx [Server Component] @ http://localhost:3000/_next/static/chunks/node_modules_next_dist_1gdrd03._.js:1945
[   27556ms] [ERROR] ./src/lib/prisma.ts
Code generation for chunk item errored
An error occurred while generating the chunk item [project]/src/lib/prisma.ts [app-client] (ecmascript) <locals>

Caused by:
- the chunking context (unknown) does not support external modules (request: node:dns)

Debug info:
- An error occurred while generating the chunk item [project]/src/lib/prisma.ts [app-client] (ecmascript) <locals>
- Execution of <EcmascriptModuleLocalsModule as EcmascriptChunkPlaceable>::chunk_item_content failed
- Execution of *EcmascriptChunkItemContent::new failed
- Execution of EcmascriptModuleContent::new failed
- the chunking context (unknown) does not support external modules (request: node:dns)

Import traces:
  #1 [Server Component]:
    ./src/lib/prisma.ts
    ./src/auth.ts
    ./src/app/layout.tsx

  #2 [Server Component]:
    ./src/lib/prisma.ts
    ./src/lib/appreciation.ts
    ./src/components/home/HomeAppreciationSnippet.tsx
    ./src/app/(public)/page.tsx

  #3 [Server Component]:
    ./src/lib/prisma.ts
    ./src/lib/open-events.ts
    ./src/components/home/HomeOpenEventsChip.tsx
    ./src/app/(public)/layout.tsx

  #4 [Client Component Browser]:
    ./src/lib/prisma.ts [Client Component Browser]
    ./src/lib/open-events.ts [Client Component Browser]
    ./src/components/home/OpenEventsFloatingChip.tsx [Client Component Browser]
    ./src/components/home/OpenEventsFloatingChip.tsx [Server Component]
    ./src/components/home/HomeOpenEventsChip.tsx [Server Component]
    ./src/app/(public)/layout.tsx [Server Component]

  #5 [Client Component SSR]:
    ./src/lib/prisma.ts [Client Component SSR]
    ./src/lib/open-events.ts [Client Component SSR]
    ./src/components/home/OpenEventsFloatingChip.tsx [Client Component SSR]
    ./src/components/home/OpenEventsFloatingChip.tsx [Server Component]
    ./src/components/home/HomeOpenEventsChip.tsx [Server Component]
    ./src/app/(public)/layout.tsx [Server Component] @ http://localhost:3000/_next/static/chunks/node_modules_next_dist_1gdrd03._.js:1945
[   27617ms] [ERROR] ./src/lib/prisma.ts
Code generation for chunk item errored
An error occurred while generating the chunk item [project]/src/lib/prisma.ts [app-client] (ecmascript) <locals>

Caused by:
- the chunking context (unknown) does not support external modules (request: node:dns)

Debug info:
- An error occurred while generating the chunk item [project]/src/lib/prisma.ts [app-client] (ecmascript) <locals>
- Execution of <EcmascriptModuleLocalsModule as EcmascriptChunkPlaceable>::chunk_item_content failed
- Execution of *EcmascriptChunkItemContent::new failed
- Execution of EcmascriptModuleContent::new failed
- the chunking context (unknown) does not support external modules (request: node:dns)

Import traces:
  #1 [Server Component]:
    ./src/lib/prisma.ts
    ./src/auth.ts
    ./src/app/layout.tsx

  #2 [Server Component]:
    ./src/lib/prisma.ts
    ./src/lib/appreciation.ts
    ./src/components/home/HomeAppreciationSnippet.tsx
    ./src/app/(public)/page.tsx

  #3 [Server Component]:
    ./src/lib/prisma.ts
    ./src/lib/open-events.ts
    ./src/components/home/HomeOpenEventsChip.tsx
    ./src/app/(public)/layout.tsx

  #4 [Client Component Browser]:
    ./src/lib/prisma.ts [Client Component Browser]
    ./src/lib/open-events.ts [Client Component Browser]
    ./src/components/home/OpenEventsFloatingChip.tsx [Client Component Browser]
    ./src/components/home/OpenEventsFloatingChip.tsx [Server Component]
    ./src/components/home/HomeOpenEventsChip.tsx [Server Component]
    ./src/app/(public)/layout.tsx [Server Component]

  #5 [Client Component SSR]:
    ./src/lib/prisma.ts [Client Component SSR]
    ./src/lib/open-events.ts [Client Component SSR]
    ./src/components/home/OpenEventsFloatingChip.tsx [Client Component SSR]
    ./src/components/home/OpenEventsFloatingChip.tsx [Server Component]
    ./src/components/home/HomeOpenEventsChip.tsx [Server Component]
    ./src/app/(public)/layout.tsx [Server Component] @ http://localhost:3000/_next/static/chunks/node_modules_next_dist_1gdrd03._.js:1945
[   27680ms] [ERROR] ./src/lib/prisma.ts
Code generation for chunk item errored
An error occurred while generating the chunk item [project]/src/lib/prisma.ts [app-client] (ecmascript) <locals>

Caused by:
- the chunking context (unknown) does not support external modules (request: node:dns)

Debug info:
- An error occurred while generating the chunk item [project]/src/lib/prisma.ts [app-client] (ecmascript) <locals>
- Execution of <EcmascriptModuleLocalsModule as EcmascriptChunkPlaceable>::chunk_item_content failed
- Execution of *EcmascriptChunkItemContent::new failed
- Execution of EcmascriptModuleContent::new failed
- the chunking context (unknown) does not support external modules (request: node:dns)

Import traces:
  #1 [Server Component]:
    ./src/lib/prisma.ts
    ./src/auth.ts
    ./src/app/layout.tsx

  #2 [Server Component]:
    ./src/lib/prisma.ts
    ./src/lib/appreciation.ts
    ./src/components/home/HomeAppreciationSnippet.tsx
    ./src/app/(public)/page.tsx

  #3 [Server Component]:
    ./src/lib/prisma.ts
    ./src/lib/open-events.ts
    ./src/components/home/HomeOpenEventsChip.tsx
    ./src/app/(public)/layout.tsx

  #4 [Client Component Browser]:
    ./src/lib/prisma.ts [Client Component Browser]
    ./src/lib/open-events.ts [Client Component Browser]
    ./src/components/home/OpenEventsFloatingChip.tsx [Client Component Browser]
    ./src/components/home/OpenEventsFloatingChip.tsx [Server Component]
    ./src/components/home/HomeOpenEventsChip.tsx [Server Component]
    ./src/app/(public)/layout.tsx [Server Component]

  #5 [Client Component SSR]:
    ./src/lib/prisma.ts [Client Component SSR]
    ./src/lib/open-events.ts [Client Component SSR]
    ./src/components/home/OpenEventsFloatingChip.tsx [Client Component SSR]
    ./src/components/home/OpenEventsFloatingChip.tsx [Server Component]
    ./src/components/home/HomeOpenEventsChip.tsx [Server Component]
    ./src/app/(public)/layout.tsx [Server Component] @ http://localhost:3000/_next/static/chunks/node_modules_next_dist_1gdrd03._.js:1945
[   27744ms] [ERROR] ./src/lib/prisma.ts
Code generation for chunk item errored
An error occurred while generating the chunk item [project]/src/lib/prisma.ts [app-client] (ecmascript) <locals>

Caused by:
- the chunking context (unknown) does not support external modules (request: node:dns)

Debug info:
- An error occurred while generating the chunk item [project]/src/lib/prisma.ts [app-client] (ecmascript) <locals>
- Execution of <EcmascriptModuleLocalsModule as EcmascriptChunkPlaceable>::chunk_item_content failed
- Execution of *EcmascriptChunkItemContent::new failed
- Execution of EcmascriptModuleContent::new failed
- the chunking context (unknown) does not support external modules (request: node:dns)

Import traces:
  #1 [Server Component]:
    ./src/lib/prisma.ts
    ./src/auth.ts
    ./src/app/layout.tsx

  #2 [Server Component]:
    ./src/lib/prisma.ts
    ./src/lib/appreciation.ts
    ./src/components/home/HomeAppreciationSnippet.tsx
    ./src/app/(public)/page.tsx

  #3 [Server Component]:
    ./src/lib/prisma.ts
    ./src/lib/open-events.ts
    ./src/components/home/HomeOpenEventsChip.tsx
    ./src/app/(public)/layout.tsx

  #4 [Client Component Browser]:
    ./src/lib/prisma.ts [Client Component Browser]
    ./src/lib/open-events.ts [Client Component Browser]
    ./src/components/home/OpenEventsFloatingChip.tsx [Client Component Browser]
    ./src/components/home/OpenEventsFloatingChip.tsx [Server Component]
    ./src/components/home/HomeOpenEventsChip.tsx [Server Component]
    ./src/app/(public)/layout.tsx [Server Component]

  #5 [Client Component SSR]:
    ./src/lib/prisma.ts [Client Component SSR]
    ./src/lib/open-events.ts [Client Component SSR]
    ./src/components/home/OpenEventsFloatingChip.tsx [Client Component SSR]
    ./src/components/home/OpenEventsFloatingChip.tsx [Server Component]
    ./src/components/home/HomeOpenEventsChip.tsx [Server Component]
    ./src/app/(public)/layout.tsx [Server Component] @ http://localhost:3000/_next/static/chunks/node_modules_next_dist_1gdrd03._.js:1945
[   27805ms] [ERROR] ./src/lib/prisma.ts
Code generation for chunk item errored
An error occurred while generating the chunk item [project]/src/lib/prisma.ts [app-client] (ecmascript) <locals>

Caused by:
- the chunking context (unknown) does not support external modules (request: node:dns)

Debug info:
- An error occurred while generating the chunk item [project]/src/lib/prisma.ts [app-client] (ecmascript) <locals>
- Execution of <EcmascriptModuleLocalsModule as EcmascriptChunkPlaceable>::chunk_item_content failed
- Execution of *EcmascriptChunkItemContent::new failed
- Execution of EcmascriptModuleContent::new failed
- the chunking context (unknown) does not support external modules (request: node:dns)

Import traces:
  #1 [Server Component]:
    ./src/lib/prisma.ts
    ./src/auth.ts
    ./src/app/layout.tsx

  #2 [Server Component]:
    ./src/lib/prisma.ts
    ./src/lib/appreciation.ts
    ./src/components/home/HomeAppreciationSnippet.tsx
    ./src/app/(public)/page.tsx

  #3 [Server Component]:
    ./src/lib/prisma.ts
    ./src/lib/open-events.ts
    ./src/components/home/HomeOpenEventsChip.tsx
    ./src/app/(public)/layout.tsx

  #4 [Client Component Browser]:
    ./src/lib/prisma.ts [Client Component Browser]
    ./src/lib/open-events.ts [Client Component Browser]
    ./src/components/home/OpenEventsFloatingChip.tsx [Client Component Browser]
    ./src/components/home/OpenEventsFloatingChip.tsx [Server Component]
    ./src/components/home/HomeOpenEventsChip.tsx [Server Component]
    ./src/app/(public)/layout.tsx [Server Component]

  #5 [Client Component SSR]:
    ./src/lib/prisma.ts [Client Component SSR]
    ./src/lib/open-events.ts [Client Component SSR]
    ./src/components/home/OpenEventsFloatingChip.tsx [Client Component SSR]
    ./src/components/home/OpenEventsFloatingChip.tsx [Server Component]
    ./src/components/home/HomeOpenEventsChip.tsx [Server Component]
    ./src/app/(public)/layout.tsx [Server Component] @ http://localhost:3000/_next/static/chunks/node_modules_next_dist_1gdrd03._.js:1945
[   27868ms] [ERROR] ./src/lib/prisma.ts
Code generation for chunk item errored
An error occurred while generating the chunk item [project]/src/lib/prisma.ts [app-client] (ecmascript) <locals>

Caused by:
- the chunking context (unknown) does not support external modules (request: node:dns)

Debug info:
- An error occurred while generating the chunk item [project]/src/lib/prisma.ts [app-client] (ecmascript) <locals>
- Execution of <EcmascriptModuleLocalsModule as EcmascriptChunkPlaceable>::chunk_item_content failed
- Execution of *EcmascriptChunkItemContent::new failed
- Execution of EcmascriptModuleContent::new failed
- the chunking context (unknown) does not support external modules (request: node:dns)

Import traces:
  #1 [Server Component]:
    ./src/lib/prisma.ts
    ./src/auth.ts
    ./src/app/layout.tsx

  #2 [Server Component]:
    ./src/lib/prisma.ts
    ./src/lib/appreciation.ts
    ./src/components/home/HomeAppreciationSnippet.tsx
    ./src/app/(public)/page.tsx

  #3 [Server Component]:
    ./src/lib/prisma.ts
    ./src/lib/open-events.ts
    ./src/components/home/HomeOpenEventsChip.tsx
    ./src/app/(public)/layout.tsx

  #4 [Client Component Browser]:
    ./src/lib/prisma.ts [Client Component Browser]
    ./src/lib/open-events.ts [Client Component Browser]
    ./src/components/home/OpenEventsFloatingChip.tsx [Client Component Browser]
    ./src/components/home/OpenEventsFloatingChip.tsx [Server Component]
    ./src/components/home/HomeOpenEventsChip.tsx [Server Component]
    ./src/app/(public)/layout.tsx [Server Component]

  #5 [Client Component SSR]:
    ./src/lib/prisma.ts [Client Component SSR]
    ./src/lib/open-events.ts [Client Component SSR]
    ./src/components/home/OpenEventsFloatingChip.tsx [Client Component SSR]
    ./src/components/home/OpenEventsFloatingChip.tsx [Server Component]
    ./src/components/home/HomeOpenEventsChip.tsx [Server Component]
    ./src/app/(public)/layout.tsx [Server Component] @ http://localhost:3000/_next/static/chunks/node_modules_next_dist_1gdrd03._.js:1945
[   27932ms] [ERROR] ./src/lib/prisma.ts
Code generation for chunk item errored
An error occurred while generating the chunk item [project]/src/lib/prisma.ts [app-client] (ecmascript) <locals>

Caused by:
- the chunking context (unknown) does not support external modules (request: node:dns)

Debug info:
- An error occurred while generating the chunk item [project]/src/lib/prisma.ts [app-client] (ecmascript) <locals>
- Execution of <EcmascriptModuleLocalsModule as EcmascriptChunkPlaceable>::chunk_item_content failed
- Execution of *EcmascriptChunkItemContent::new failed
- Execution of EcmascriptModuleContent::new failed
- the chunking context (unknown) does not support external modules (request: node:dns)

Import traces:
  #1 [Server Component]:
    ./src/lib/prisma.ts
    ./src/auth.ts
    ./src/app/layout.tsx

  #2 [Server Component]:
    ./src/lib/prisma.ts
    ./src/lib/appreciation.ts
    ./src/components/home/HomeAppreciationSnippet.tsx
    ./src/app/(public)/page.tsx

  #3 [Server Component]:
    ./src/lib/prisma.ts
    ./src/lib/open-events.ts
    ./src/components/home/HomeOpenEventsChip.tsx
    ./src/app/(public)/layout.tsx

  #4 [Client Component Browser]:
    ./src/lib/prisma.ts [Client Component Browser]
    ./src/lib/open-events.ts [Client Component Browser]
    ./src/components/home/OpenEventsFloatingChip.tsx [Client Component Browser]
    ./src/components/home/OpenEventsFloatingChip.tsx [Server Component]
    ./src/components/home/HomeOpenEventsChip.tsx [Server Component]
    ./src/app/(public)/layout.tsx [Server Component]

  #5 [Client Component SSR]:
    ./src/lib/prisma.ts [Client Component SSR]
    ./src/lib/open-events.ts [Client Component SSR]
    ./src/components/home/OpenEventsFloatingChip.tsx [Client Component SSR]
    ./src/components/home/OpenEventsFloatingChip.tsx [Server Component]
    ./src/components/home/HomeOpenEventsChip.tsx [Server Component]
    ./src/app/(public)/layout.tsx [Server Component] @ http://localhost:3000/_next/static/chunks/node_modules_next_dist_1gdrd03._.js:1945
[   27993ms] [ERROR] ./src/lib/prisma.ts
Code generation for chunk item errored
An error occurred while generating the chunk item [project]/src/lib/prisma.ts [app-client] (ecmascript) <locals>

Caused by:
- the chunking context (unknown) does not support external modules (request: node:dns)

Debug info:
- An error occurred while generating the chunk item [project]/src/lib/prisma.ts [app-client] (ecmascript) <locals>
- Execution of <EcmascriptModuleLocalsModule as EcmascriptChunkPlaceable>::chunk_item_content failed
- Execution of *EcmascriptChunkItemContent::new failed
- Execution of EcmascriptModuleContent::new failed
- the chunking context (unknown) does not support external modules (request: node:dns)

Import traces:
  #1 [Server Component]:
    ./src/lib/prisma.ts
    ./src/auth.ts
    ./src/app/layout.tsx

  #2 [Server Component]:
    ./src/lib/prisma.ts
    ./src/lib/appreciation.ts
    ./src/components/home/HomeAppreciationSnippet.tsx
    ./src/app/(public)/page.tsx

  #3 [Server Component]:
    ./src/lib/prisma.ts
    ./src/lib/open-events.ts
    ./src/components/home/HomeOpenEventsChip.tsx
    ./src/app/(public)/layout.tsx

  #4 [Client Component Browser]:
    ./src/lib/prisma.ts [Client Component Browser]
    ./src/lib/open-events.ts [Client Component Browser]
    ./src/components/home/OpenEventsFloatingChip.tsx [Client Component Browser]
    ./src/components/home/OpenEventsFloatingChip.tsx [Server Component]
    ./src/components/home/HomeOpenEventsChip.tsx [Server Component]
    ./src/app/(public)/layout.tsx [Server Component]

  #5 [Client Component SSR]:
    ./src/lib/prisma.ts [Client Component SSR]
    ./src/lib/open-events.ts [Client Component SSR]
    ./src/components/home/OpenEventsFloatingChip.tsx [Client Component SSR]
    ./src/components/home/OpenEventsFloatingChip.tsx [Server Component]
    ./src/components/home/HomeOpenEventsChip.tsx [Server Component]
    ./src/app/(public)/layout.tsx [Server Component] @ http://localhost:3000/_next/static/chunks/node_modules_next_dist_1gdrd03._.js:1945
[   28056ms] [ERROR] ./src/lib/prisma.ts
Code generation for chunk item errored
An error occurred while generating the chunk item [project]/src/lib/prisma.ts [app-client] (ecmascript) <locals>

Caused by:
- the chunking context (unknown) does not support external modules (request: node:dns)

Debug info:
- An error occurred while generating the chunk item [project]/src/lib/prisma.ts [app-client] (ecmascript) <locals>
- Execution of <EcmascriptModuleLocalsModule as EcmascriptChunkPlaceable>::chunk_item_content failed
- Execution of *EcmascriptChunkItemContent::new failed
- Execution of EcmascriptModuleContent::new failed
- the chunking context (unknown) does not support external modules (request: node:dns)

Import traces:
  #1 [Server Component]:
    ./src/lib/prisma.ts
    ./src/auth.ts
    ./src/app/layout.tsx

  #2 [Server Component]:
    ./src/lib/prisma.ts
    ./src/lib/appreciation.ts
    ./src/components/home/HomeAppreciationSnippet.tsx
    ./src/app/(public)/page.tsx

  #3 [Server Component]:
    ./src/lib/prisma.ts
    ./src/lib/open-events.ts
    ./src/components/home/HomeOpenEventsChip.tsx
    ./src/app/(public)/layout.tsx

  #4 [Client Component Browser]:
    ./src/lib/prisma.ts [Client Component Browser]
    ./src/lib/open-events.ts [Client Component Browser]
    ./src/components/home/OpenEventsFloatingChip.tsx [Client Component Browser]
    ./src/components/home/OpenEventsFloatingChip.tsx [Server Component]
    ./src/components/home/HomeOpenEventsChip.tsx [Server Component]
    ./src/app/(public)/layout.tsx [Server Component]

  #5 [Client Component SSR]:
    ./src/lib/prisma.ts [Client Component SSR]
    ./src/lib/open-events.ts [Client Component SSR]
    ./src/components/home/OpenEventsFloatingChip.tsx [Client Component SSR]
    ./src/components/home/OpenEventsFloatingChip.tsx [Server Component]
    ./src/components/home/HomeOpenEventsChip.tsx [Server Component]
    ./src/app/(public)/layout.tsx [Server Component] @ http://localhost:3000/_next/static/chunks/node_modules_next_dist_1gdrd03._.js:1945
[   28118ms] [ERROR] ./src/lib/prisma.ts
Code generation for chunk item errored
An error occurred while generating the chunk item [project]/src/lib/prisma.ts [app-client] (ecmascript) <locals>

Caused by:
- the chunking context (unknown) does not support external modules (request: node:dns)

Debug info:
- An error occurred while generating the chunk item [project]/src/lib/prisma.ts [app-client] (ecmascript) <locals>
- Execution of <EcmascriptModuleLocalsModule as EcmascriptChunkPlaceable>::chunk_item_content failed
- Execution of *EcmascriptChunkItemContent::new failed
- Execution of EcmascriptModuleContent::new failed
- the chunking context (unknown) does not support external modules (request: node:dns)

Import traces:
  #1 [Server Component]:
    ./src/lib/prisma.ts
    ./src/auth.ts
    ./src/app/layout.tsx

  #2 [Server Component]:
    ./src/lib/prisma.ts
    ./src/lib/appreciation.ts
    ./src/components/home/HomeAppreciationSnippet.tsx
    ./src/app/(public)/page.tsx

  #3 [Server Component]:
    ./src/lib/prisma.ts
    ./src/lib/open-events.ts
    ./src/components/home/HomeOpenEventsChip.tsx
    ./src/app/(public)/layout.tsx

  #4 [Client Component Browser]:
    ./src/lib/prisma.ts [Client Component Browser]
    ./src/lib/open-events.ts [Client Component Browser]
    ./src/components/home/OpenEventsFloatingChip.tsx [Client Component Browser]
    ./src/components/home/OpenEventsFloatingChip.tsx [Server Component]
    ./src/components/home/HomeOpenEventsChip.tsx [Server Component]
    ./src/app/(public)/layout.tsx [Server Component]

  #5 [Client Component SSR]:
    ./src/lib/prisma.ts [Client Component SSR]
    ./src/lib/open-events.ts [Client Component SSR]
    ./src/components/home/OpenEventsFloatingChip.tsx [Client Component SSR]
    ./src/components/home/OpenEventsFloatingChip.tsx [Server Component]
    ./src/components/home/HomeOpenEventsChip.tsx [Server Component]
    ./src/app/(public)/layout.tsx [Server Component] @ http://localhost:3000/_next/static/chunks/node_modules_next_dist_1gdrd03._.js:1945
[   28181ms] [ERROR] ./src/lib/prisma.ts
Code generation for chunk item errored
An error occurred while generating the chunk item [project]/src/lib/prisma.ts [app-client] (ecmascript) <locals>

Caused by:
- the chunking context (unknown) does not support external modules (request: node:dns)

Debug info:
- An error occurred while generating the chunk item [project]/src/lib/prisma.ts [app-client] (ecmascript) <locals>
- Execution of <EcmascriptModuleLocalsModule as EcmascriptChunkPlaceable>::chunk_item_content failed
- Execution of *EcmascriptChunkItemContent::new failed
- Execution of EcmascriptModuleContent::new failed
- the chunking context (unknown) does not support external modules (request: node:dns)

Import traces:
  #1 [Server Component]:
    ./src/lib/prisma.ts
    ./src/auth.ts
    ./src/app/layout.tsx

  #2 [Server Component]:
    ./src/lib/prisma.ts
    ./src/lib/appreciation.ts
    ./src/components/home/HomeAppreciationSnippet.tsx
    ./src/app/(public)/page.tsx

  #3 [Server Component]:
    ./src/lib/prisma.ts
    ./src/lib/open-events.ts
    ./src/components/home/HomeOpenEventsChip.tsx
    ./src/app/(public)/layout.tsx

  #4 [Client Component Browser]:
    ./src/lib/prisma.ts [Client Component Browser]
    ./src/lib/open-events.ts [Client Component Browser]
    ./src/components/home/OpenEventsFloatingChip.tsx [Client Component Browser]
    ./src/components/home/OpenEventsFloatingChip.tsx [Server Component]
    ./src/components/home/HomeOpenEventsChip.tsx [Server Component]
    ./src/app/(public)/layout.tsx [Server Component]

  #5 [Client Component SSR]:
    ./src/lib/prisma.ts [Client Component SSR]
    ./src/lib/open-events.ts [Client Component SSR]
    ./src/components/home/OpenEventsFloatingChip.tsx [Client Component SSR]
    ./src/components/home/OpenEventsFloatingChip.tsx [Server Component]
    ./src/components/home/HomeOpenEventsChip.tsx [Server Component]
    ./src/app/(public)/layout.tsx [Server Component] @ http://localhost:3000/_next/static/chunks/node_modules_next_dist_1gdrd03._.js:1945
[   28243ms] [ERROR] ./src/lib/prisma.ts
Code generation for chunk item errored
An error occurred while generating the chunk item [project]/src/lib/prisma.ts [app-client] (ecmascript) <locals>

Caused by:
- the chunking context (unknown) does not support external modules (request: node:dns)

Debug info:
- An error occurred while generating the chunk item [project]/src/lib/prisma.ts [app-client] (ecmascript) <locals>
- Execution of <EcmascriptModuleLocalsModule as EcmascriptChunkPlaceable>::chunk_item_content failed
- Execution of *EcmascriptChunkItemContent::new failed
- Execution of EcmascriptModuleContent::new failed
- the chunking context (unknown) does not support external modules (request: node:dns)

Import traces:
  #1 [Server Component]:
    ./src/lib/prisma.ts
    ./src/auth.ts
    ./src/app/layout.tsx

  #2 [Server Component]:
    ./src/lib/prisma.ts
    ./src/lib/appreciation.ts
    ./src/components/home/HomeAppreciationSnippet.tsx
    ./src/app/(public)/page.tsx

  #3 [Server Component]:
    ./src/lib/prisma.ts
    ./src/lib/open-events.ts
    ./src/components/home/HomeOpenEventsChip.tsx
    ./src/app/(public)/layout.tsx

  #4 [Client Component Browser]:
    ./src/lib/prisma.ts [Client Component Browser]
    ./src/lib/open-events.ts [Client Component Browser]
    ./src/components/home/OpenEventsFloatingChip.tsx [Client Component Browser]
    ./src/components/home/OpenEventsFloatingChip.tsx [Server Component]
    ./src/components/home/HomeOpenEventsChip.tsx [Server Component]
    ./src/app/(public)/layout.tsx [Server Component]

  #5 [Client Component SSR]:
    ./src/lib/prisma.ts [Client Component SSR]
    ./src/lib/open-events.ts [Client Component SSR]
    ./src/components/home/OpenEventsFloatingChip.tsx [Client Component SSR]
    ./src/components/home/OpenEventsFloatingChip.tsx [Server Component]
    ./src/components/home/HomeOpenEventsChip.tsx [Server Component]
    ./src/app/(public)/layout.tsx [Server Component] @ http://localhost:3000/_next/static/chunks/node_modules_next_dist_1gdrd03._.js:1945
[   28305ms] [ERROR] ./src/lib/prisma.ts
Code generation for chunk item errored
An error occurred while generating the chunk item [project]/src/lib/prisma.ts [app-client] (ecmascript) <locals>

Caused by:
- the chunking context (unknown) does not support external modules (request: node:dns)

Debug info:
- An error occurred while generating the chunk item [project]/src/lib/prisma.ts [app-client] (ecmascript) <locals>
- Execution of <EcmascriptModuleLocalsModule as EcmascriptChunkPlaceable>::chunk_item_content failed
- Execution of *EcmascriptChunkItemContent::new failed
- Execution of EcmascriptModuleContent::new failed
- the chunking context (unknown) does not support external modules (request: node:dns)

Import traces:
  #1 [Server Component]:
    ./src/lib/prisma.ts
    ./src/auth.ts
    ./src/app/layout.tsx

  #2 [Server Component]:
    ./src/lib/prisma.ts
    ./src/lib/appreciation.ts
    ./src/components/home/HomeAppreciationSnippet.tsx
    ./src/app/(public)/page.tsx

  #3 [Server Component]:
    ./src/lib/prisma.ts
    ./src/lib/open-events.ts
    ./src/components/home/HomeOpenEventsChip.tsx
    ./src/app/(public)/layout.tsx

  #4 [Client Component Browser]:
    ./src/lib/prisma.ts [Client Component Browser]
    ./src/lib/open-events.ts [Client Component Browser]
    ./src/components/home/OpenEventsFloatingChip.tsx [Client Component Browser]
    ./src/components/home/OpenEventsFloatingChip.tsx [Server Component]
    ./src/components/home/HomeOpenEventsChip.tsx [Server Component]
    ./src/app/(public)/layout.tsx [Server Component]

  #5 [Client Component SSR]:
    ./src/lib/prisma.ts [Client Component SSR]
    ./src/lib/open-events.ts [Client Component SSR]
    ./src/components/home/OpenEventsFloatingChip.tsx [Client Component SSR]
    ./src/components/home/OpenEventsFloatingChip.tsx [Server Component]
    ./src/components/home/HomeOpenEventsChip.tsx [Server Component]
    ./src/app/(public)/layout.tsx [Server Component] @ http://localhost:3000/_next/static/chunks/node_modules_next_dist_1gdrd03._.js:1945
[   28367ms] [ERROR] ./src/lib/prisma.ts
Code generation for chunk item errored
An error occurred while generating the chunk item [project]/src/lib/prisma.ts [app-client] (ecmascript) <locals>

Caused by:
- the chunking context (unknown) does not support external modules (request: node:dns)

Debug info:
- An error occurred while generating the chunk item [project]/src/lib/prisma.ts [app-client] (ecmascript) <locals>
- Execution of <EcmascriptModuleLocalsModule as EcmascriptChunkPlaceable>::chunk_item_content failed
- Execution of *EcmascriptChunkItemContent::new failed
- Execution of EcmascriptModuleContent::new failed
- the chunking context (unknown) does not support external modules (request: node:dns)

Import traces:
  #1 [Server Component]:
    ./src/lib/prisma.ts
    ./src/auth.ts
    ./src/app/layout.tsx

  #2 [Server Component]:
    ./src/lib/prisma.ts
    ./src/lib/appreciation.ts
    ./src/components/home/HomeAppreciationSnippet.tsx
    ./src/app/(public)/page.tsx

  #3 [Server Component]:
    ./src/lib/prisma.ts
    ./src/lib/open-events.ts
    ./src/components/home/HomeOpenEventsChip.tsx
    ./src/app/(public)/layout.tsx

  #4 [Client Component Browser]:
    ./src/lib/prisma.ts [Client Component Browser]
    ./src/lib/open-events.ts [Client Component Browser]
    ./src/components/home/OpenEventsFloatingChip.tsx [Client Component Browser]
    ./src/components/home/OpenEventsFloatingChip.tsx [Server Component]
    ./src/components/home/HomeOpenEventsChip.tsx [Server Component]
    ./src/app/(public)/layout.tsx [Server Component]

  #5 [Client Component SSR]:
    ./src/lib/prisma.ts [Client Component SSR]
    ./src/lib/open-events.ts [Client Component SSR]
    ./src/components/home/OpenEventsFloatingChip.tsx [Client Component SSR]
    ./src/components/home/OpenEventsFloatingChip.tsx [Server Component]
    ./src/components/home/HomeOpenEventsChip.tsx [Server Component]
    ./src/app/(public)/layout.tsx [Server Component] @ http://localhost:3000/_next/static/chunks/node_modules_next_dist_1gdrd03._.js:1945
[   28431ms] [ERROR] ./src/lib/prisma.ts
Code generation for chunk item errored
An error occurred while generating the chunk item [project]/src/lib/prisma.ts [app-client] (ecmascript) <locals>

Caused by:
- the chunking context (unknown) does not support external modules (request: node:dns)

Debug info:
- An error occurred while generating the chunk item [project]/src/lib/prisma.ts [app-client] (ecmascript) <locals>
- Execution of <EcmascriptModuleLocalsModule as EcmascriptChunkPlaceable>::chunk_item_content failed
- Execution of *EcmascriptChunkItemContent::new failed
- Execution of EcmascriptModuleContent::new failed
- the chunking context (unknown) does not support external modules (request: node:dns)

Import traces:
  #1 [Server Component]:
    ./src/lib/prisma.ts
    ./src/auth.ts
    ./src/app/layout.tsx

  #2 [Server Component]:
    ./src/lib/prisma.ts
    ./src/lib/appreciation.ts
    ./src/components/home/HomeAppreciationSnippet.tsx
    ./src/app/(public)/page.tsx

  #3 [Server Component]:
    ./src/lib/prisma.ts
    ./src/lib/open-events.ts
    ./src/components/home/HomeOpenEventsChip.tsx
    ./src/app/(public)/layout.tsx

  #4 [Client Component Browser]:
    ./src/lib/prisma.ts [Client Component Browser]
    ./src/lib/open-events.ts [Client Component Browser]
    ./src/components/home/OpenEventsFloatingChip.tsx [Client Component Browser]
    ./src/components/home/OpenEventsFloatingChip.tsx [Server Component]
    ./src/components/home/HomeOpenEventsChip.tsx [Server Component]
    ./src/app/(public)/layout.tsx [Server Component]

  #5 [Client Component SSR]:
    ./src/lib/prisma.ts [Client Component SSR]
    ./src/lib/open-events.ts [Client Component SSR]
    ./src/components/home/OpenEventsFloatingChip.tsx [Client Component SSR]
    ./src/components/home/OpenEventsFloatingChip.tsx [Server Component]
    ./src/components/home/HomeOpenEventsChip.tsx [Server Component]
    ./src/app/(public)/layout.tsx [Server Component] @ http://localhost:3000/_next/static/chunks/node_modules_next_dist_1gdrd03._.js:1945
[   28494ms] [ERROR] ./src/lib/prisma.ts
Code generation for chunk item errored
An error occurred while generating the chunk item [project]/src/lib/prisma.ts [app-client] (ecmascript) <locals>

Caused by:
- the chunking context (unknown) does not support external modules (request: node:dns)

Debug info:
- An error occurred while generating the chunk item [project]/src/lib/prisma.ts [app-client] (ecmascript) <locals>
- Execution of <EcmascriptModuleLocalsModule as EcmascriptChunkPlaceable>::chunk_item_content failed
- Execution of *EcmascriptChunkItemContent::new failed
- Execution of EcmascriptModuleContent::new failed
- the chunking context (unknown) does not support external modules (request: node:dns)

Import traces:
  #1 [Server Component]:
    ./src/lib/prisma.ts
    ./src/auth.ts
    ./src/app/layout.tsx

  #2 [Server Component]:
    ./src/lib/prisma.ts
    ./src/lib/appreciation.ts
    ./src/components/home/HomeAppreciationSnippet.tsx
    ./src/app/(public)/page.tsx

  #3 [Server Component]:
    ./src/lib/prisma.ts
    ./src/lib/open-events.ts
    ./src/components/home/HomeOpenEventsChip.tsx
    ./src/app/(public)/layout.tsx

  #4 [Client Component Browser]:
    ./src/lib/prisma.ts [Client Component Browser]
    ./src/lib/open-events.ts [Client Component Browser]
    ./src/components/home/OpenEventsFloatingChip.tsx [Client Component Browser]
    ./src/components/home/OpenEventsFloatingChip.tsx [Server Component]
    ./src/components/home/HomeOpenEventsChip.tsx [Server Component]
    ./src/app/(public)/layout.tsx [Server Component]

  #5 [Client Component SSR]:
    ./src/lib/prisma.ts [Client Component SSR]
    ./src/lib/open-events.ts [Client Component SSR]
    ./src/components/home/OpenEventsFloatingChip.tsx [Client Component SSR]
    ./src/components/home/OpenEventsFloatingChip.tsx [Server Component]
    ./src/components/home/HomeOpenEventsChip.tsx [Server Component]
    ./src/app/(public)/layout.tsx [Server Component] @ http://localhost:3000/_next/static/chunks/node_modules_next_dist_1gdrd03._.js:1945
[   28557ms] [ERROR] ./src/lib/prisma.ts
Code generation for chunk item errored
An error occurred while generating the chunk item [project]/src/lib/prisma.ts [app-client] (ecmascript) <locals>

Caused by:
- the chunking context (unknown) does not support external modules (request: node:dns)

Debug info:
- An error occurred while generating the chunk item [project]/src/lib/prisma.ts [app-client] (ecmascript) <locals>
- Execution of <EcmascriptModuleLocalsModule as EcmascriptChunkPlaceable>::chunk_item_content failed
- Execution of *EcmascriptChunkItemContent::new failed
- Execution of EcmascriptModuleContent::new failed
- the chunking context (unknown) does not support external modules (request: node:dns)

Import traces:
  #1 [Server Component]:
    ./src/lib/prisma.ts
    ./src/auth.ts
    ./src/app/layout.tsx

  #2 [Server Component]:
    ./src/lib/prisma.ts
    ./src/lib/appreciation.ts
    ./src/components/home/HomeAppreciationSnippet.tsx
    ./src/app/(public)/page.tsx

  #3 [Server Component]:
    ./src/lib/prisma.ts
    ./src/lib/open-events.ts
    ./src/components/home/HomeOpenEventsChip.tsx
    ./src/app/(public)/layout.tsx

  #4 [Client Component Browser]:
    ./src/lib/prisma.ts [Client Component Browser]
    ./src/lib/open-events.ts [Client Component Browser]
    ./src/components/home/OpenEventsFloatingChip.tsx [Client Component Browser]
    ./src/components/home/OpenEventsFloatingChip.tsx [Server Component]
    ./src/components/home/HomeOpenEventsChip.tsx [Server Component]
    ./src/app/(public)/layout.tsx [Server Component]

  #5 [Client Component SSR]:
    ./src/lib/prisma.ts [Client Component SSR]
    ./src/lib/open-events.ts [Client Component SSR]
    ./src/components/home/OpenEventsFloatingChip.tsx [Client Component SSR]
    ./src/components/home/OpenEventsFloatingChip.tsx [Server Component]
    ./src/components/home/HomeOpenEventsChip.tsx [Server Component]
    ./src/app/(public)/layout.tsx [Server Component] @ http://localhost:3000/_next/static/chunks/node_modules_next_dist_1gdrd03._.js:1945
[   28619ms] [ERROR] ./src/lib/prisma.ts
Code generation for chunk item errored
An error occurred while generating the chunk item [project]/src/lib/prisma.ts [app-client] (ecmascript) <locals>

Caused by:
- the chunking context (unknown) does not support external modules (request: node:dns)

Debug info:
- An error occurred while generating the chunk item [project]/src/lib/prisma.ts [app-client] (ecmascript) <locals>
- Execution of <EcmascriptModuleLocalsModule as EcmascriptChunkPlaceable>::chunk_item_content failed
- Execution of *EcmascriptChunkItemContent::new failed
- Execution of EcmascriptModuleContent::new failed
- the chunking context (unknown) does not support external modules (request: node:dns)

Import traces:
  #1 [Server Component]:
    ./src/lib/prisma.ts
    ./src/auth.ts
    ./src/app/layout.tsx

  #2 [Server Component]:
    ./src/lib/prisma.ts
    ./src/lib/appreciation.ts
    ./src/components/home/HomeAppreciationSnippet.tsx
    ./src/app/(public)/page.tsx

  #3 [Server Component]:
    ./src/lib/prisma.ts
    ./src/lib/open-events.ts
    ./src/components/home/HomeOpenEventsChip.tsx
    ./src/app/(public)/layout.tsx

  #4 [Client Component Browser]:
    ./src/lib/prisma.ts [Client Component Browser]
    ./src/lib/open-events.ts [Client Component Browser]
    ./src/components/home/OpenEventsFloatingChip.tsx [Client Component Browser]
    ./src/components/home/OpenEventsFloatingChip.tsx [Server Component]
    ./src/components/home/HomeOpenEventsChip.tsx [Server Component]
    ./src/app/(public)/layout.tsx [Server Component]

  #5 [Client Component SSR]:
    ./src/lib/prisma.ts [Client Component SSR]
    ./src/lib/open-events.ts [Client Component SSR]
    ./src/components/home/OpenEventsFloatingChip.tsx [Client Component SSR]
    ./src/components/home/OpenEventsFloatingChip.tsx [Server Component]
    ./src/components/home/HomeOpenEventsChip.tsx [Server Component]
    ./src/app/(public)/layout.tsx [Server Component] @ http://localhost:3000/_next/static/chunks/node_modules_next_dist_1gdrd03._.js:1945
[   28682ms] [ERROR] ./src/lib/prisma.ts
Code generation for chunk item errored
An error occurred while generating the chunk item [project]/src/lib/prisma.ts [app-client] (ecmascript) <locals>

Caused by:
- the chunking context (unknown) does not support external modules (request: node:dns)

Debug info:
- An error occurred while generating the chunk item [project]/src/lib/prisma.ts [app-client] (ecmascript) <locals>
- Execution of <EcmascriptModuleLocalsModule as EcmascriptChunkPlaceable>::chunk_item_content failed
- Execution of *EcmascriptChunkItemContent::new failed
- Execution of EcmascriptModuleContent::new failed
- the chunking context (unknown) does not support external modules (request: node:dns)

Import traces:
  #1 [Server Component]:
    ./src/lib/prisma.ts
    ./src/auth.ts
    ./src/app/layout.tsx

  #2 [Server Component]:
    ./src/lib/prisma.ts
    ./src/lib/appreciation.ts
    ./src/components/home/HomeAppreciationSnippet.tsx
    ./src/app/(public)/page.tsx

  #3 [Server Component]:
    ./src/lib/prisma.ts
    ./src/lib/open-events.ts
    ./src/components/home/HomeOpenEventsChip.tsx
    ./src/app/(public)/layout.tsx

  #4 [Client Component Browser]:
    ./src/lib/prisma.ts [Client Component Browser]
    ./src/lib/open-events.ts [Client Component Browser]
    ./src/components/home/OpenEventsFloatingChip.tsx [Client Component Browser]
    ./src/components/home/OpenEventsFloatingChip.tsx [Server Component]
    ./src/components/home/HomeOpenEventsChip.tsx [Server Component]
    ./src/app/(public)/layout.tsx [Server Component]

  #5 [Client Component SSR]:
    ./src/lib/prisma.ts [Client Component SSR]
    ./src/lib/open-events.ts [Client Component SSR]
    ./src/components/home/OpenEventsFloatingChip.tsx [Client Component SSR]
    ./src/components/home/OpenEventsFloatingChip.tsx [Server Component]
    ./src/components/home/HomeOpenEventsChip.tsx [Server Component]
    ./src/app/(public)/layout.tsx [Server Component] @ http://localhost:3000/_next/static/chunks/node_modules_next_dist_1gdrd03._.js:1945
[   28746ms] [ERROR] ./src/lib/prisma.ts
Code generation for chunk item errored
An error occurred while generating the chunk item [project]/src/lib/prisma.ts [app-client] (ecmascript) <locals>

Caused by:
- the chunking context (unknown) does not support external modules (request: node:dns)

Debug info:
- An error occurred while generating the chunk item [project]/src/lib/prisma.ts [app-client] (ecmascript) <locals>
- Execution of <EcmascriptModuleLocalsModule as EcmascriptChunkPlaceable>::chunk_item_content failed
- Execution of *EcmascriptChunkItemContent::new failed
- Execution of EcmascriptModuleContent::new failed
- the chunking context (unknown) does not support external modules (request: node:dns)

Import traces:
  #1 [Server Component]:
    ./src/lib/prisma.ts
    ./src/auth.ts
    ./src/app/layout.tsx

  #2 [Server Component]:
    ./src/lib/prisma.ts
    ./src/lib/appreciation.ts
    ./src/components/home/HomeAppreciationSnippet.tsx
    ./src/app/(public)/page.tsx

  #3 [Server Component]:
    ./src/lib/prisma.ts
    ./src/lib/open-events.ts
    ./src/components/home/HomeOpenEventsChip.tsx
    ./src/app/(public)/layout.tsx

  #4 [Client Component Browser]:
    ./src/lib/prisma.ts [Client Component Browser]
    ./src/lib/open-events.ts [Client Component Browser]
    ./src/components/home/OpenEventsFloatingChip.tsx [Client Component Browser]
    ./src/components/home/OpenEventsFloatingChip.tsx [Server Component]
    ./src/components/home/HomeOpenEventsChip.tsx [Server Component]
    ./src/app/(public)/layout.tsx [Server Component]

  #5 [Client Component SSR]:
    ./src/lib/prisma.ts [Client Component SSR]
    ./src/lib/open-events.ts [Client Component SSR]
    ./src/components/home/OpenEventsFloatingChip.tsx [Client Component SSR]
    ./src/components/home/OpenEventsFloatingChip.tsx [Server Component]
    ./src/components/home/HomeOpenEventsChip.tsx [Server Component]
    ./src/app/(public)/layout.tsx [Server Component] @ http://localhost:3000/_next/static/chunks/node_modules_next_dist_1gdrd03._.js:1945
[   28807ms] [ERROR] ./src/lib/prisma.ts
Code generation for chunk item errored
An error occurred while generating the chunk item [project]/src/lib/prisma.ts [app-client] (ecmascript) <locals>

Caused by:
- the chunking context (unknown) does not support external modules (request: node:dns)

Debug info:
- An error occurred while generating the chunk item [project]/src/lib/prisma.ts [app-client] (ecmascript) <locals>
- Execution of <EcmascriptModuleLocalsModule as EcmascriptChunkPlaceable>::chunk_item_content failed
- Execution of *EcmascriptChunkItemContent::new failed
- Execution of EcmascriptModuleContent::new failed
- the chunking context (unknown) does not support external modules (request: node:dns)

Import traces:
  #1 [Server Component]:
    ./src/lib/prisma.ts
    ./src/auth.ts
    ./src/app/layout.tsx

  #2 [Server Component]:
    ./src/lib/prisma.ts
    ./src/lib/appreciation.ts
    ./src/components/home/HomeAppreciationSnippet.tsx
    ./src/app/(public)/page.tsx

  #3 [Server Component]:
    ./src/lib/prisma.ts
    ./src/lib/open-events.ts
    ./src/components/home/HomeOpenEventsChip.tsx
    ./src/app/(public)/layout.tsx

  #4 [Client Component Browser]:
    ./src/lib/prisma.ts [Client Component Browser]
    ./src/lib/open-events.ts [Client Component Browser]
    ./src/components/home/OpenEventsFloatingChip.tsx [Client Component Browser]
    ./src/components/home/OpenEventsFloatingChip.tsx [Server Component]
    ./src/components/home/HomeOpenEventsChip.tsx [Server Component]
    ./src/app/(public)/layout.tsx [Server Component]

  #5 [Client Component SSR]:
    ./src/lib/prisma.ts [Client Component SSR]
    ./src/lib/open-events.ts [Client Component SSR]
    ./src/components/home/OpenEventsFloatingChip.tsx [Client Component SSR]
    ./src/components/home/OpenEventsFloatingChip.tsx [Server Component]
    ./src/components/home/HomeOpenEventsChip.tsx [Server Component]
    ./src/app/(public)/layout.tsx [Server Component] @ http://localhost:3000/_next/static/chunks/node_modules_next_dist_1gdrd03._.js:1945
[   28871ms] [ERROR] ./src/lib/prisma.ts
Code generation for chunk item errored
An error occurred while generating the chunk item [project]/src/lib/prisma.ts [app-client] (ecmascript) <locals>

Caused by:
- the chunking context (unknown) does not support external modules (request: node:dns)

Debug info:
- An error occurred while generating the chunk item [project]/src/lib/prisma.ts [app-client] (ecmascript) <locals>
- Execution of <EcmascriptModuleLocalsModule as EcmascriptChunkPlaceable>::chunk_item_content failed
- Execution of *EcmascriptChunkItemContent::new failed
- Execution of EcmascriptModuleContent::new failed
- the chunking context (unknown) does not support external modules (request: node:dns)

Import traces:
  #1 [Server Component]:
    ./src/lib/prisma.ts
    ./src/auth.ts
    ./src/app/layout.tsx

  #2 [Server Component]:
    ./src/lib/prisma.ts
    ./src/lib/appreciation.ts
    ./src/components/home/HomeAppreciationSnippet.tsx
    ./src/app/(public)/page.tsx

  #3 [Server Component]:
    ./src/lib/prisma.ts
    ./src/lib/open-events.ts
    ./src/components/home/HomeOpenEventsChip.tsx
    ./src/app/(public)/layout.tsx

  #4 [Client Component Browser]:
    ./src/lib/prisma.ts [Client Component Browser]
    ./src/lib/open-events.ts [Client Component Browser]
    ./src/components/home/OpenEventsFloatingChip.tsx [Client Component Browser]
    ./src/components/home/OpenEventsFloatingChip.tsx [Server Component]
    ./src/components/home/HomeOpenEventsChip.tsx [Server Component]
    ./src/app/(public)/layout.tsx [Server Component]

  #5 [Client Component SSR]:
    ./src/lib/prisma.ts [Client Component SSR]
    ./src/lib/open-events.ts [Client Component SSR]
    ./src/components/home/OpenEventsFloatingChip.tsx [Client Component SSR]
    ./src/components/home/OpenEventsFloatingChip.tsx [Server Component]
    ./src/components/home/HomeOpenEventsChip.tsx [Server Component]
    ./src/app/(public)/layout.tsx [Server Component] @ http://localhost:3000/_next/static/chunks/node_modules_next_dist_1gdrd03._.js:1945
[   28936ms] [ERROR] ./src/lib/prisma.ts
Code generation for chunk item errored
An error occurred while generating the chunk item [project]/src/lib/prisma.ts [app-client] (ecmascript) <locals>

Caused by:
- the chunking context (unknown) does not support external modules (request: node:dns)

Debug info:
- An error occurred while generating the chunk item [project]/src/lib/prisma.ts [app-client] (ecmascript) <locals>
- Execution of <EcmascriptModuleLocalsModule as EcmascriptChunkPlaceable>::chunk_item_content failed
- Execution of *EcmascriptChunkItemContent::new failed
- Execution of EcmascriptModuleContent::new failed
- the chunking context (unknown) does not support external modules (request: node:dns)

Import traces:
  #1 [Server Component]:
    ./src/lib/prisma.ts
    ./src/auth.ts
    ./src/app/layout.tsx

  #2 [Server Component]:
    ./src/lib/prisma.ts
    ./src/lib/appreciation.ts
    ./src/components/home/HomeAppreciationSnippet.tsx
    ./src/app/(public)/page.tsx

  #3 [Server Component]:
    ./src/lib/prisma.ts
    ./src/lib/open-events.ts
    ./src/components/home/HomeOpenEventsChip.tsx
    ./src/app/(public)/layout.tsx

  #4 [Client Component Browser]:
    ./src/lib/prisma.ts [Client Component Browser]
    ./src/lib/open-events.ts [Client Component Browser]
    ./src/components/home/OpenEventsFloatingChip.tsx [Client Component Browser]
    ./src/components/home/OpenEventsFloatingChip.tsx [Server Component]
    ./src/components/home/HomeOpenEventsChip.tsx [Server Component]
    ./src/app/(public)/layout.tsx [Server Component]

  #5 [Client Component SSR]:
    ./src/lib/prisma.ts [Client Component SSR]
    ./src/lib/open-events.ts [Client Component SSR]
    ./src/components/home/OpenEventsFloatingChip.tsx [Client Component SSR]
    ./src/components/home/OpenEventsFloatingChip.tsx [Server Component]
    ./src/components/home/HomeOpenEventsChip.tsx [Server Component]
    ./src/app/(public)/layout.tsx [Server Component] @ http://localhost:3000/_next/static/chunks/node_modules_next_dist_1gdrd03._.js:1945
[   28996ms] [ERROR] ./src/lib/prisma.ts
Code generation for chunk item errored
An error occurred while generating the chunk item [project]/src/lib/prisma.ts [app-client] (ecmascript) <locals>

Caused by:
- the chunking context (unknown) does not support external modules (request: node:dns)

Debug info:
- An error occurred while generating the chunk item [project]/src/lib/prisma.ts [app-client] (ecmascript) <locals>
- Execution of <EcmascriptModuleLocalsModule as EcmascriptChunkPlaceable>::chunk_item_content failed
- Execution of *EcmascriptChunkItemContent::new failed
- Execution of EcmascriptModuleContent::new failed
- the chunking context (unknown) does not support external modules (request: node:dns)

Import traces:
  #1 [Server Component]:
    ./src/lib/prisma.ts
    ./src/auth.ts
    ./src/app/layout.tsx

  #2 [Server Component]:
    ./src/lib/prisma.ts
    ./src/lib/appreciation.ts
    ./src/components/home/HomeAppreciationSnippet.tsx
    ./src/app/(public)/page.tsx

  #3 [Server Component]:
    ./src/lib/prisma.ts
    ./src/lib/open-events.ts
    ./src/components/home/HomeOpenEventsChip.tsx
    ./src/app/(public)/layout.tsx

  #4 [Client Component Browser]:
    ./src/lib/prisma.ts [Client Component Browser]
    ./src/lib/open-events.ts [Client Component Browser]
    ./src/components/home/OpenEventsFloatingChip.tsx [Client Component Browser]
    ./src/components/home/OpenEventsFloatingChip.tsx [Server Component]
    ./src/components/home/HomeOpenEventsChip.tsx [Server Component]
    ./src/app/(public)/layout.tsx [Server Component]

  #5 [Client Component SSR]:
    ./src/lib/prisma.ts [Client Component SSR]
    ./src/lib/open-events.ts [Client Component SSR]
    ./src/components/home/OpenEventsFloatingChip.tsx [Client Component SSR]
    ./src/components/home/OpenEventsFloatingChip.tsx [Server Component]
    ./src/components/home/HomeOpenEventsChip.tsx [Server Component]
    ./src/app/(public)/layout.tsx [Server Component] @ http://localhost:3000/_next/static/chunks/node_modules_next_dist_1gdrd03._.js:1945
[   29058ms] [ERROR] ./src/lib/prisma.ts
Code generation for chunk item errored
An error occurred while generating the chunk item [project]/src/lib/prisma.ts [app-client] (ecmascript) <locals>

Caused by:
- the chunking context (unknown) does not support external modules (request: node:dns)

Debug info:
- An error occurred while generating the chunk item [project]/src/lib/prisma.ts [app-client] (ecmascript) <locals>
- Execution of <EcmascriptModuleLocalsModule as EcmascriptChunkPlaceable>::chunk_item_content failed
- Execution of *EcmascriptChunkItemContent::new failed
- Execution of EcmascriptModuleContent::new failed
- the chunking context (unknown) does not support external modules (request: node:dns)

Import traces:
  #1 [Server Component]:
    ./src/lib/prisma.ts
    ./src/auth.ts
    ./src/app/layout.tsx

  #2 [Server Component]:
    ./src/lib/prisma.ts
    ./src/lib/appreciation.ts
    ./src/components/home/HomeAppreciationSnippet.tsx
    ./src/app/(public)/page.tsx

  #3 [Server Component]:
    ./src/lib/prisma.ts
    ./src/lib/open-events.ts
    ./src/components/home/HomeOpenEventsChip.tsx
    ./src/app/(public)/layout.tsx

  #4 [Client Component Browser]:
    ./src/lib/prisma.ts [Client Component Browser]
    ./src/lib/open-events.ts [Client Component Browser]
    ./src/components/home/OpenEventsFloatingChip.tsx [Client Component Browser]
    ./src/components/home/OpenEventsFloatingChip.tsx [Server Component]
    ./src/components/home/HomeOpenEventsChip.tsx [Server Component]
    ./src/app/(public)/layout.tsx [Server Component]

  #5 [Client Component SSR]:
    ./src/lib/prisma.ts [Client Component SSR]
    ./src/lib/open-events.ts [Client Component SSR]
    ./src/components/home/OpenEventsFloatingChip.tsx [Client Component SSR]
    ./src/components/home/OpenEventsFloatingChip.tsx [Server Component]
    ./src/components/home/HomeOpenEventsChip.tsx [Server Component]
    ./src/app/(public)/layout.tsx [Server Component] @ http://localhost:3000/_next/static/chunks/node_modules_next_dist_1gdrd03._.js:1945
[   29122ms] [ERROR] ./src/lib/prisma.ts
Code generation for chunk item errored
An error occurred while generating the chunk item [project]/src/lib/prisma.ts [app-client] (ecmascript) <locals>

Caused by:
- the chunking context (unknown) does not support external modules (request: node:dns)

Debug info:
- An error occurred while generating the chunk item [project]/src/lib/prisma.ts [app-client] (ecmascript) <locals>
- Execution of <EcmascriptModuleLocalsModule as EcmascriptChunkPlaceable>::chunk_item_content failed
- Execution of *EcmascriptChunkItemContent::new failed
- Execution of EcmascriptModuleContent::new failed
- the chunking context (unknown) does not support external modules (request: node:dns)

Import traces:
  #1 [Server Component]:
    ./src/lib/prisma.ts
    ./src/auth.ts
    ./src/app/layout.tsx

  #2 [Server Component]:
    ./src/lib/prisma.ts
    ./src/lib/appreciation.ts
    ./src/components/home/HomeAppreciationSnippet.tsx
    ./src/app/(public)/page.tsx

  #3 [Server Component]:
    ./src/lib/prisma.ts
    ./src/lib/open-events.ts
    ./src/components/home/HomeOpenEventsChip.tsx
    ./src/app/(public)/layout.tsx

  #4 [Client Component Browser]:
    ./src/lib/prisma.ts [Client Component Browser]
    ./src/lib/open-events.ts [Client Component Browser]
    ./src/components/home/OpenEventsFloatingChip.tsx [Client Component Browser]
    ./src/components/home/OpenEventsFloatingChip.tsx [Server Component]
    ./src/components/home/HomeOpenEventsChip.tsx [Server Component]
    ./src/app/(public)/layout.tsx [Server Component]

  #5 [Client Component SSR]:
    ./src/lib/prisma.ts [Client Component SSR]
    ./src/lib/open-events.ts [Client Component SSR]
    ./src/components/home/OpenEventsFloatingChip.tsx [Client Component SSR]
    ./src/components/home/OpenEventsFloatingChip.tsx [Server Component]
    ./src/components/home/HomeOpenEventsChip.tsx [Server Component]
    ./src/app/(public)/layout.tsx [Server Component] @ http://localhost:3000/_next/static/chunks/node_modules_next_dist_1gdrd03._.js:1945
[   29182ms] [ERROR] ./src/lib/prisma.ts
Code generation for chunk item errored
An error occurred while generating the chunk item [project]/src/lib/prisma.ts [app-client] (ecmascript) <locals>

Caused by:
- the chunking context (unknown) does not support external modules (request: node:dns)

Debug info:
- An error occurred while generating the chunk item [project]/src/lib/prisma.ts [app-client] (ecmascript) <locals>
- Execution of <EcmascriptModuleLocalsModule as EcmascriptChunkPlaceable>::chunk_item_content failed
- Execution of *EcmascriptChunkItemContent::new failed
- Execution of EcmascriptModuleContent::new failed
- the chunking context (unknown) does not support external modules (request: node:dns)

Import traces:
  #1 [Server Component]:
    ./src/lib/prisma.ts
    ./src/auth.ts
    ./src/app/layout.tsx

  #2 [Server Component]:
    ./src/lib/prisma.ts
    ./src/lib/appreciation.ts
    ./src/components/home/HomeAppreciationSnippet.tsx
    ./src/app/(public)/page.tsx

  #3 [Server Component]:
    ./src/lib/prisma.ts
    ./src/lib/open-events.ts
    ./src/components/home/HomeOpenEventsChip.tsx
    ./src/app/(public)/layout.tsx

  #4 [Client Component Browser]:
    ./src/lib/prisma.ts [Client Component Browser]
    ./src/lib/open-events.ts [Client Component Browser]
    ./src/components/home/OpenEventsFloatingChip.tsx [Client Component Browser]
    ./src/components/home/OpenEventsFloatingChip.tsx [Server Component]
    ./src/components/home/HomeOpenEventsChip.tsx [Server Component]
    ./src/app/(public)/layout.tsx [Server Component]

  #5 [Client Component SSR]:
    ./src/lib/prisma.ts [Client Component SSR]
    ./src/lib/open-events.ts [Client Component SSR]
    ./src/components/home/OpenEventsFloatingChip.tsx [Client Component SSR]
    ./src/components/home/OpenEventsFloatingChip.tsx [Server Component]
    ./src/components/home/HomeOpenEventsChip.tsx [Server Component]
    ./src/app/(public)/layout.tsx [Server Component] @ http://localhost:3000/_next/static/chunks/node_modules_next_dist_1gdrd03._.js:1945
[   29245ms] [ERROR] ./src/lib/prisma.ts
Code generation for chunk item errored
An error occurred while generating the chunk item [project]/src/lib/prisma.ts [app-client] (ecmascript) <locals>

Caused by:
- the chunking context (unknown) does not support external modules (request: node:dns)

Debug info:
- An error occurred while generating the chunk item [project]/src/lib/prisma.ts [app-client] (ecmascript) <locals>
- Execution of <EcmascriptModuleLocalsModule as EcmascriptChunkPlaceable>::chunk_item_content failed
- Execution of *EcmascriptChunkItemContent::new failed
- Execution of EcmascriptModuleContent::new failed
- the chunking context (unknown) does not support external modules (request: node:dns)

Import traces:
  #1 [Server Component]:
    ./src/lib/prisma.ts
    ./src/auth.ts
    ./src/app/layout.tsx

  #2 [Server Component]:
    ./src/lib/prisma.ts
    ./src/lib/appreciation.ts
    ./src/components/home/HomeAppreciationSnippet.tsx
    ./src/app/(public)/page.tsx

  #3 [Server Component]:
    ./src/lib/prisma.ts
    ./src/lib/open-events.ts
    ./src/components/home/HomeOpenEventsChip.tsx
    ./src/app/(public)/layout.tsx

  #4 [Client Component Browser]:
    ./src/lib/prisma.ts [Client Component Browser]
    ./src/lib/open-events.ts [Client Component Browser]
    ./src/components/home/OpenEventsFloatingChip.tsx [Client Component Browser]
    ./src/components/home/OpenEventsFloatingChip.tsx [Server Component]
    ./src/components/home/HomeOpenEventsChip.tsx [Server Component]
    ./src/app/(public)/layout.tsx [Server Component]

  #5 [Client Component SSR]:
    ./src/lib/prisma.ts [Client Component SSR]
    ./src/lib/open-events.ts [Client Component SSR]
    ./src/components/home/OpenEventsFloatingChip.tsx [Client Component SSR]
    ./src/components/home/OpenEventsFloatingChip.tsx [Server Component]
    ./src/components/home/HomeOpenEventsChip.tsx [Server Component]
    ./src/app/(public)/layout.tsx [Server Component] @ http://localhost:3000/_next/static/chunks/node_modules_next_dist_1gdrd03._.js:1945
[   29309ms] [ERROR] ./src/lib/prisma.ts
Code generation for chunk item errored
An error occurred while generating the chunk item [project]/src/lib/prisma.ts [app-client] (ecmascript) <locals>

Caused by:
- the chunking context (unknown) does not support external modules (request: node:dns)

Debug info:
- An error occurred while generating the chunk item [project]/src/lib/prisma.ts [app-client] (ecmascript) <locals>
- Execution of <EcmascriptModuleLocalsModule as EcmascriptChunkPlaceable>::chunk_item_content failed
- Execution of *EcmascriptChunkItemContent::new failed
- Execution of EcmascriptModuleContent::new failed
- the chunking context (unknown) does not support external modules (request: node:dns)

Import traces:
  #1 [Server Component]:
    ./src/lib/prisma.ts
    ./src/auth.ts
    ./src/app/layout.tsx

  #2 [Server Component]:
    ./src/lib/prisma.ts
    ./src/lib/appreciation.ts
    ./src/components/home/HomeAppreciationSnippet.tsx
    ./src/app/(public)/page.tsx

  #3 [Server Component]:
    ./src/lib/prisma.ts
    ./src/lib/open-events.ts
    ./src/components/home/HomeOpenEventsChip.tsx
    ./src/app/(public)/layout.tsx

  #4 [Client Component Browser]:
    ./src/lib/prisma.ts [Client Component Browser]
    ./src/lib/open-events.ts [Client Component Browser]
    ./src/components/home/OpenEventsFloatingChip.tsx [Client Component Browser]
    ./src/components/home/OpenEventsFloatingChip.tsx [Server Component]
    ./src/components/home/HomeOpenEventsChip.tsx [Server Component]
    ./src/app/(public)/layout.tsx [Server Component]

  #5 [Client Component SSR]:
    ./src/lib/prisma.ts [Client Component SSR]
    ./src/lib/open-events.ts [Client Component SSR]
    ./src/components/home/OpenEventsFloatingChip.tsx [Client Component SSR]
    ./src/components/home/OpenEventsFloatingChip.tsx [Server Component]
    ./src/components/home/HomeOpenEventsChip.tsx [Server Component]
    ./src/app/(public)/layout.tsx [Server Component] @ http://localhost:3000/_next/static/chunks/node_modules_next_dist_1gdrd03._.js:1945
[   29370ms] [ERROR] ./src/lib/prisma.ts
Code generation for chunk item errored
An error occurred while generating the chunk item [project]/src/lib/prisma.ts [app-client] (ecmascript) <locals>

Caused by:
- the chunking context (unknown) does not support external modules (request: node:dns)

Debug info:
- An error occurred while generating the chunk item [project]/src/lib/prisma.ts [app-client] (ecmascript) <locals>
- Execution of <EcmascriptModuleLocalsModule as EcmascriptChunkPlaceable>::chunk_item_content failed
- Execution of *EcmascriptChunkItemContent::new failed
- Execution of EcmascriptModuleContent::new failed
- the chunking context (unknown) does not support external modules (request: node:dns)

Import traces:
  #1 [Server Component]:
    ./src/lib/prisma.ts
    ./src/auth.ts
    ./src/app/layout.tsx

  #2 [Server Component]:
    ./src/lib/prisma.ts
    ./src/lib/appreciation.ts
    ./src/components/home/HomeAppreciationSnippet.tsx
    ./src/app/(public)/page.tsx

  #3 [Server Component]:
    ./src/lib/prisma.ts
    ./src/lib/open-events.ts
    ./src/components/home/HomeOpenEventsChip.tsx
    ./src/app/(public)/layout.tsx

  #4 [Client Component Browser]:
    ./src/lib/prisma.ts [Client Component Browser]
    ./src/lib/open-events.ts [Client Component Browser]
    ./src/components/home/OpenEventsFloatingChip.tsx [Client Component Browser]
    ./src/components/home/OpenEventsFloatingChip.tsx [Server Component]
    ./src/components/home/HomeOpenEventsChip.tsx [Server Component]
    ./src/app/(public)/layout.tsx [Server Component]

  #5 [Client Component SSR]:
    ./src/lib/prisma.ts [Client Component SSR]
    ./src/lib/open-events.ts [Client Component SSR]
    ./src/components/home/OpenEventsFloatingChip.tsx [Client Component SSR]
    ./src/components/home/OpenEventsFloatingChip.tsx [Server Component]
    ./src/components/home/HomeOpenEventsChip.tsx [Server Component]
    ./src/app/(public)/layout.tsx [Server Component] @ http://localhost:3000/_next/static/chunks/node_modules_next_dist_1gdrd03._.js:1945
[   29432ms] [ERROR] ./src/lib/prisma.ts
Code generation for chunk item errored
An error occurred while generating the chunk item [project]/src/lib/prisma.ts [app-client] (ecmascript) <locals>

Caused by:
- the chunking context (unknown) does not support external modules (request: node:dns)

Debug info:
- An error occurred while generating the chunk item [project]/src/lib/prisma.ts [app-client] (ecmascript) <locals>
- Execution of <EcmascriptModuleLocalsModule as EcmascriptChunkPlaceable>::chunk_item_content failed
- Execution of *EcmascriptChunkItemContent::new failed
- Execution of EcmascriptModuleContent::new failed
- the chunking context (unknown) does not support external modules (request: node:dns)

Import traces:
  #1 [Server Component]:
    ./src/lib/prisma.ts
    ./src/auth.ts
    ./src/app/layout.tsx

  #2 [Server Component]:
    ./src/lib/prisma.ts
    ./src/lib/appreciation.ts
    ./src/components/home/HomeAppreciationSnippet.tsx
    ./src/app/(public)/page.tsx

  #3 [Server Component]:
    ./src/lib/prisma.ts
    ./src/lib/open-events.ts
    ./src/components/home/HomeOpenEventsChip.tsx
    ./src/app/(public)/layout.tsx

  #4 [Client Component Browser]:
    ./src/lib/prisma.ts [Client Component Browser]
    ./src/lib/open-events.ts [Client Component Browser]
    ./src/components/home/OpenEventsFloatingChip.tsx [Client Component Browser]
    ./src/components/home/OpenEventsFloatingChip.tsx [Server Component]
    ./src/components/home/HomeOpenEventsChip.tsx [Server Component]
    ./src/app/(public)/layout.tsx [Server Component]

  #5 [Client Component SSR]:
    ./src/lib/prisma.ts [Client Component SSR]
    ./src/lib/open-events.ts [Client Component SSR]
    ./src/components/home/OpenEventsFloatingChip.tsx [Client Component SSR]
    ./src/components/home/OpenEventsFloatingChip.tsx [Server Component]
    ./src/components/home/HomeOpenEventsChip.tsx [Server Component]
    ./src/app/(public)/layout.tsx [Server Component] @ http://localhost:3000/_next/static/chunks/node_modules_next_dist_1gdrd03._.js:1945
[   29495ms] [ERROR] ./src/lib/prisma.ts
Code generation for chunk item errored
An error occurred while generating the chunk item [project]/src/lib/prisma.ts [app-client] (ecmascript) <locals>

Caused by:
- the chunking context (unknown) does not support external modules (request: node:dns)

Debug info:
- An error occurred while generating the chunk item [project]/src/lib/prisma.ts [app-client] (ecmascript) <locals>
- Execution of <EcmascriptModuleLocalsModule as EcmascriptChunkPlaceable>::chunk_item_content failed
- Execution of *EcmascriptChunkItemContent::new failed
- Execution of EcmascriptModuleContent::new failed
- the chunking context (unknown) does not support external modules (request: node:dns)

Import traces:
  #1 [Server Component]:
    ./src/lib/prisma.ts
    ./src/auth.ts
    ./src/app/layout.tsx

  #2 [Server Component]:
    ./src/lib/prisma.ts
    ./src/lib/appreciation.ts
    ./src/components/home/HomeAppreciationSnippet.tsx
    ./src/app/(public)/page.tsx

  #3 [Server Component]:
    ./src/lib/prisma.ts
    ./src/lib/open-events.ts
    ./src/components/home/HomeOpenEventsChip.tsx
    ./src/app/(public)/layout.tsx

  #4 [Client Component Browser]:
    ./src/lib/prisma.ts [Client Component Browser]
    ./src/lib/open-events.ts [Client Component Browser]
    ./src/components/home/OpenEventsFloatingChip.tsx [Client Component Browser]
    ./src/components/home/OpenEventsFloatingChip.tsx [Server Component]
    ./src/components/home/HomeOpenEventsChip.tsx [Server Component]
    ./src/app/(public)/layout.tsx [Server Component]

  #5 [Client Component SSR]:
    ./src/lib/prisma.ts [Client Component SSR]
    ./src/lib/open-events.ts [Client Component SSR]
    ./src/components/home/OpenEventsFloatingChip.tsx [Client Component SSR]
    ./src/components/home/OpenEventsFloatingChip.tsx [Server Component]
    ./src/components/home/HomeOpenEventsChip.tsx [Server Component]
    ./src/app/(public)/layout.tsx [Server Component] @ http://localhost:3000/_next/static/chunks/node_modules_next_dist_1gdrd03._.js:1945
[   29557ms] [ERROR] ./src/lib/prisma.ts
Code generation for chunk item errored
An error occurred while generating the chunk item [project]/src/lib/prisma.ts [app-client] (ecmascript) <locals>

Caused by:
- the chunking context (unknown) does not support external modules (request: node:dns)

Debug info:
- An error occurred while generating the chunk item [project]/src/lib/prisma.ts [app-client] (ecmascript) <locals>
- Execution of <EcmascriptModuleLocalsModule as EcmascriptChunkPlaceable>::chunk_item_content failed
- Execution of *EcmascriptChunkItemContent::new failed
- Execution of EcmascriptModuleContent::new failed
- the chunking context (unknown) does not support external modules (request: node:dns)

Import traces:
  #1 [Server Component]:
    ./src/lib/prisma.ts
    ./src/auth.ts
    ./src/app/layout.tsx

  #2 [Server Component]:
    ./src/lib/prisma.ts
    ./src/lib/appreciation.ts
    ./src/components/home/HomeAppreciationSnippet.tsx
    ./src/app/(public)/page.tsx

  #3 [Server Component]:
    ./src/lib/prisma.ts
    ./src/lib/open-events.ts
    ./src/components/home/HomeOpenEventsChip.tsx
    ./src/app/(public)/layout.tsx

  #4 [Client Component Browser]:
    ./src/lib/prisma.ts [Client Component Browser]
    ./src/lib/open-events.ts [Client Component Browser]
    ./src/components/home/OpenEventsFloatingChip.tsx [Client Component Browser]
    ./src/components/home/OpenEventsFloatingChip.tsx [Server Component]
    ./src/components/home/HomeOpenEventsChip.tsx [Server Component]
    ./src/app/(public)/layout.tsx [Server Component]

  #5 [Client Component SSR]:
    ./src/lib/prisma.ts [Client Component SSR]
    ./src/lib/open-events.ts [Client Component SSR]
    ./src/components/home/OpenEventsFloatingChip.tsx [Client Component SSR]
    ./src/components/home/OpenEventsFloatingChip.tsx [Server Component]
    ./src/components/home/HomeOpenEventsChip.tsx [Server Component]
    ./src/app/(public)/layout.tsx [Server Component] @ http://localhost:3000/_next/static/chunks/node_modules_next_dist_1gdrd03._.js:1945
[   29621ms] [ERROR] ./src/lib/prisma.ts
Code generation for chunk item errored
An error occurred while generating the chunk item [project]/src/lib/prisma.ts [app-client] (ecmascript) <locals>

Caused by:
- the chunking context (unknown) does not support external modules (request: node:dns)

Debug info:
- An error occurred while generating the chunk item [project]/src/lib/prisma.ts [app-client] (ecmascript) <locals>
- Execution of <EcmascriptModuleLocalsModule as EcmascriptChunkPlaceable>::chunk_item_content failed
- Execution of *EcmascriptChunkItemContent::new failed
- Execution of EcmascriptModuleContent::new failed
- the chunking context (unknown) does not support external modules (request: node:dns)

Import traces:
  #1 [Server Component]:
    ./src/lib/prisma.ts
    ./src/auth.ts
    ./src/app/layout.tsx

  #2 [Server Component]:
    ./src/lib/prisma.ts
    ./src/lib/appreciation.ts
    ./src/components/home/HomeAppreciationSnippet.tsx
    ./src/app/(public)/page.tsx

  #3 [Server Component]:
    ./src/lib/prisma.ts
    ./src/lib/open-events.ts
    ./src/components/home/HomeOpenEventsChip.tsx
    ./src/app/(public)/layout.tsx

  #4 [Client Component Browser]:
    ./src/lib/prisma.ts [Client Component Browser]
    ./src/lib/open-events.ts [Client Component Browser]
    ./src/components/home/OpenEventsFloatingChip.tsx [Client Component Browser]
    ./src/components/home/OpenEventsFloatingChip.tsx [Server Component]
    ./src/components/home/HomeOpenEventsChip.tsx [Server Component]
    ./src/app/(public)/layout.tsx [Server Component]

  #5 [Client Component SSR]:
    ./src/lib/prisma.ts [Client Component SSR]
    ./src/lib/open-events.ts [Client Component SSR]
    ./src/components/home/OpenEventsFloatingChip.tsx [Client Component SSR]
    ./src/components/home/OpenEventsFloatingChip.tsx [Server Component]
    ./src/components/home/HomeOpenEventsChip.tsx [Server Component]
    ./src/app/(public)/layout.tsx [Server Component] @ http://localhost:3000/_next/static/chunks/node_modules_next_dist_1gdrd03._.js:1945
[   29685ms] [ERROR] ./src/lib/prisma.ts
Code generation for chunk item errored
An error occurred while generating the chunk item [project]/src/lib/prisma.ts [app-client] (ecmascript) <locals>

Caused by:
- the chunking context (unknown) does not support external modules (request: node:dns)

Debug info:
- An error occurred while generating the chunk item [project]/src/lib/prisma.ts [app-client] (ecmascript) <locals>
- Execution of <EcmascriptModuleLocalsModule as EcmascriptChunkPlaceable>::chunk_item_content failed
- Execution of *EcmascriptChunkItemContent::new failed
- Execution of EcmascriptModuleContent::new failed
- the chunking context (unknown) does not support external modules (request: node:dns)

Import traces:
  #1 [Server Component]:
    ./src/lib/prisma.ts
    ./src/auth.ts
    ./src/app/layout.tsx

  #2 [Server Component]:
    ./src/lib/prisma.ts
    ./src/lib/appreciation.ts
    ./src/components/home/HomeAppreciationSnippet.tsx
    ./src/app/(public)/page.tsx

  #3 [Server Component]:
    ./src/lib/prisma.ts
    ./src/lib/open-events.ts
    ./src/components/home/HomeOpenEventsChip.tsx
    ./src/app/(public)/layout.tsx

  #4 [Client Component Browser]:
    ./src/lib/prisma.ts [Client Component Browser]
    ./src/lib/open-events.ts [Client Component Browser]
    ./src/components/home/OpenEventsFloatingChip.tsx [Client Component Browser]
    ./src/components/home/OpenEventsFloatingChip.tsx [Server Component]
    ./src/components/home/HomeOpenEventsChip.tsx [Server Component]
    ./src/app/(public)/layout.tsx [Server Component]

  #5 [Client Component SSR]:
    ./src/lib/prisma.ts [Client Component SSR]
    ./src/lib/open-events.ts [Client Component SSR]
    ./src/components/home/OpenEventsFloatingChip.tsx [Client Component SSR]
    ./src/components/home/OpenEventsFloatingChip.tsx [Server Component]
    ./src/components/home/HomeOpenEventsChip.tsx [Server Component]
    ./src/app/(public)/layout.tsx [Server Component] @ http://localhost:3000/_next/static/chunks/node_modules_next_dist_1gdrd03._.js:1945
[   29747ms] [ERROR] ./src/lib/prisma.ts
Code generation for chunk item errored
An error occurred while generating the chunk item [project]/src/lib/prisma.ts [app-client] (ecmascript) <locals>

Caused by:
- the chunking context (unknown) does not support external modules (request: node:dns)

Debug info:
- An error occurred while generating the chunk item [project]/src/lib/prisma.ts [app-client] (ecmascript) <locals>
- Execution of <EcmascriptModuleLocalsModule as EcmascriptChunkPlaceable>::chunk_item_content failed
- Execution of *EcmascriptChunkItemContent::new failed
- Execution of EcmascriptModuleContent::new failed
- the chunking context (unknown) does not support external modules (request: node:dns)

Import traces:
  #1 [Server Component]:
    ./src/lib/prisma.ts
    ./src/auth.ts
    ./src/app/layout.tsx

  #2 [Server Component]:
    ./src/lib/prisma.ts
    ./src/lib/appreciation.ts
    ./src/components/home/HomeAppreciationSnippet.tsx
    ./src/app/(public)/page.tsx

  #3 [Server Component]:
    ./src/lib/prisma.ts
    ./src/lib/open-events.ts
    ./src/components/home/HomeOpenEventsChip.tsx
    ./src/app/(public)/layout.tsx

  #4 [Client Component Browser]:
    ./src/lib/prisma.ts [Client Component Browser]
    ./src/lib/open-events.ts [Client Component Browser]
    ./src/components/home/OpenEventsFloatingChip.tsx [Client Component Browser]
    ./src/components/home/OpenEventsFloatingChip.tsx [Server Component]
    ./src/components/home/HomeOpenEventsChip.tsx [Server Component]
    ./src/app/(public)/layout.tsx [Server Component]

  #5 [Client Component SSR]:
    ./src/lib/prisma.ts [Client Component SSR]
    ./src/lib/open-events.ts [Client Component SSR]
    ./src/components/home/OpenEventsFloatingChip.tsx [Client Component SSR]
    ./src/components/home/OpenEventsFloatingChip.tsx [Server Component]
    ./src/components/home/HomeOpenEventsChip.tsx [Server Component]
    ./src/app/(public)/layout.tsx [Server Component] @ http://localhost:3000/_next/static/chunks/node_modules_next_dist_1gdrd03._.js:1945
[   29809ms] [ERROR] ./src/lib/prisma.ts
Code generation for chunk item errored
An error occurred while generating the chunk item [project]/src/lib/prisma.ts [app-client] (ecmascript) <locals>

Caused by:
- the chunking context (unknown) does not support external modules (request: node:dns)

Debug info:
- An error occurred while generating the chunk item [project]/src/lib/prisma.ts [app-client] (ecmascript) <locals>
- Execution of <EcmascriptModuleLocalsModule as EcmascriptChunkPlaceable>::chunk_item_content failed
- Execution of *EcmascriptChunkItemContent::new failed
- Execution of EcmascriptModuleContent::new failed
- the chunking context (unknown) does not support external modules (request: node:dns)

Import traces:
  #1 [Server Component]:
    ./src/lib/prisma.ts
    ./src/auth.ts
    ./src/app/layout.tsx

  #2 [Server Component]:
    ./src/lib/prisma.ts
    ./src/lib/appreciation.ts
    ./src/components/home/HomeAppreciationSnippet.tsx
    ./src/app/(public)/page.tsx

  #3 [Server Component]:
    ./src/lib/prisma.ts
    ./src/lib/open-events.ts
    ./src/components/home/HomeOpenEventsChip.tsx
    ./src/app/(public)/layout.tsx

  #4 [Client Component Browser]:
    ./src/lib/prisma.ts [Client Component Browser]
    ./src/lib/open-events.ts [Client Component Browser]
    ./src/components/home/OpenEventsFloatingChip.tsx [Client Component Browser]
    ./src/components/home/OpenEventsFloatingChip.tsx [Server Component]
    ./src/components/home/HomeOpenEventsChip.tsx [Server Component]
    ./src/app/(public)/layout.tsx [Server Component]

  #5 [Client Component SSR]:
    ./src/lib/prisma.ts [Client Component SSR]
    ./src/lib/open-events.ts [Client Component SSR]
    ./src/components/home/OpenEventsFloatingChip.tsx [Client Component SSR]
    ./src/components/home/OpenEventsFloatingChip.tsx [Server Component]
    ./src/components/home/HomeOpenEventsChip.tsx [Server Component]
    ./src/app/(public)/layout.tsx [Server Component] @ http://localhost:3000/_next/static/chunks/node_modules_next_dist_1gdrd03._.js:1945
[   29871ms] [ERROR] ./src/lib/prisma.ts
Code generation for chunk item errored
An error occurred while generating the chunk item [project]/src/lib/prisma.ts [app-client] (ecmascript) <locals>

Caused by:
- the chunking context (unknown) does not support external modules (request: node:dns)

Debug info:
- An error occurred while generating the chunk item [project]/src/lib/prisma.ts [app-client] (ecmascript) <locals>
- Execution of <EcmascriptModuleLocalsModule as EcmascriptChunkPlaceable>::chunk_item_content failed
- Execution of *EcmascriptChunkItemContent::new failed
- Execution of EcmascriptModuleContent::new failed
- the chunking context (unknown) does not support external modules (request: node:dns)

Import traces:
  #1 [Server Component]:
    ./src/lib/prisma.ts
    ./src/auth.ts
    ./src/app/layout.tsx

  #2 [Server Component]:
    ./src/lib/prisma.ts
    ./src/lib/appreciation.ts
    ./src/components/home/HomeAppreciationSnippet.tsx
    ./src/app/(public)/page.tsx

  #3 [Server Component]:
    ./src/lib/prisma.ts
    ./src/lib/open-events.ts
    ./src/components/home/HomeOpenEventsChip.tsx
    ./src/app/(public)/layout.tsx

  #4 [Client Component Browser]:
    ./src/lib/prisma.ts [Client Component Browser]
    ./src/lib/open-events.ts [Client Component Browser]
    ./src/components/home/OpenEventsFloatingChip.tsx [Client Component Browser]
    ./src/components/home/OpenEventsFloatingChip.tsx [Server Component]
    ./src/components/home/HomeOpenEventsChip.tsx [Server Component]
    ./src/app/(public)/layout.tsx [Server Component]

  #5 [Client Component SSR]:
    ./src/lib/prisma.ts [Client Component SSR]
    ./src/lib/open-events.ts [Client Component SSR]
    ./src/components/home/OpenEventsFloatingChip.tsx [Client Component SSR]
    ./src/components/home/OpenEventsFloatingChip.tsx [Server Component]
    ./src/components/home/HomeOpenEventsChip.tsx [Server Component]
    ./src/app/(public)/layout.tsx [Server Component] @ http://localhost:3000/_next/static/chunks/node_modules_next_dist_1gdrd03._.js:1945
[   29933ms] [ERROR] ./src/lib/prisma.ts
Code generation for chunk item errored
An error occurred while generating the chunk item [project]/src/lib/prisma.ts [app-client] (ecmascript) <locals>

Caused by:
- the chunking context (unknown) does not support external modules (request: node:dns)

Debug info:
- An error occurred while generating the chunk item [project]/src/lib/prisma.ts [app-client] (ecmascript) <locals>
- Execution of <EcmascriptModuleLocalsModule as EcmascriptChunkPlaceable>::chunk_item_content failed
- Execution of *EcmascriptChunkItemContent::new failed
- Execution of EcmascriptModuleContent::new failed
- the chunking context (unknown) does not support external modules (request: node:dns)

Import traces:
  #1 [Server Component]:
    ./src/lib/prisma.ts
    ./src/auth.ts
    ./src/app/layout.tsx

  #2 [Server Component]:
    ./src/lib/prisma.ts
    ./src/lib/appreciation.ts
    ./src/components/home/HomeAppreciationSnippet.tsx
    ./src/app/(public)/page.tsx

  #3 [Server Component]:
    ./src/lib/prisma.ts
    ./src/lib/open-events.ts
    ./src/components/home/HomeOpenEventsChip.tsx
    ./src/app/(public)/layout.tsx

  #4 [Client Component Browser]:
    ./src/lib/prisma.ts [Client Component Browser]
    ./src/lib/open-events.ts [Client Component Browser]
    ./src/components/home/OpenEventsFloatingChip.tsx [Client Component Browser]
    ./src/components/home/OpenEventsFloatingChip.tsx [Server Component]
    ./src/components/home/HomeOpenEventsChip.tsx [Server Component]
    ./src/app/(public)/layout.tsx [Server Component]

  #5 [Client Component SSR]:
    ./src/lib/prisma.ts [Client Component SSR]
    ./src/lib/open-events.ts [Client Component SSR]
    ./src/components/home/OpenEventsFloatingChip.tsx [Client Component SSR]
    ./src/components/home/OpenEventsFloatingChip.tsx [Server Component]
    ./src/components/home/HomeOpenEventsChip.tsx [Server Component]
    ./src/app/(public)/layout.tsx [Server Component] @ http://localhost:3000/_next/static/chunks/node_modules_next_dist_1gdrd03._.js:1945
[   29996ms] [ERROR] ./src/lib/prisma.ts
Code generation for chunk item errored
An error occurred while generating the chunk item [project]/src/lib/prisma.ts [app-client] (ecmascript) <locals>

Caused by:
- the chunking context (unknown) does not support external modules (request: node:dns)

Debug info:
- An error occurred while generating the chunk item [project]/src/lib/prisma.ts [app-client] (ecmascript) <locals>
- Execution of <EcmascriptModuleLocalsModule as EcmascriptChunkPlaceable>::chunk_item_content failed
- Execution of *EcmascriptChunkItemContent::new failed
- Execution of EcmascriptModuleContent::new failed
- the chunking context (unknown) does not support external modules (request: node:dns)

Import traces:
  #1 [Server Component]:
    ./src/lib/prisma.ts
    ./src/auth.ts
    ./src/app/layout.tsx

  #2 [Server Component]:
    ./src/lib/prisma.ts
    ./src/lib/appreciation.ts
    ./src/components/home/HomeAppreciationSnippet.tsx
    ./src/app/(public)/page.tsx

  #3 [Server Component]:
    ./src/lib/prisma.ts
    ./src/lib/open-events.ts
    ./src/components/home/HomeOpenEventsChip.tsx
    ./src/app/(public)/layout.tsx

  #4 [Client Component Browser]:
    ./src/lib/prisma.ts [Client Component Browser]
    ./src/lib/open-events.ts [Client Component Browser]
    ./src/components/home/OpenEventsFloatingChip.tsx [Client Component Browser]
    ./src/components/home/OpenEventsFloatingChip.tsx [Server Component]
    ./src/components/home/HomeOpenEventsChip.tsx [Server Component]
    ./src/app/(public)/layout.tsx [Server Component]

  #5 [Client Component SSR]:
    ./src/lib/prisma.ts [Client Component SSR]
    ./src/lib/open-events.ts [Client Component SSR]
    ./src/components/home/OpenEventsFloatingChip.tsx [Client Component SSR]
    ./src/components/home/OpenEventsFloatingChip.tsx [Server Component]
    ./src/components/home/HomeOpenEventsChip.tsx [Server Component]
    ./src/app/(public)/layout.tsx [Server Component] @ http://localhost:3000/_next/static/chunks/node_modules_next_dist_1gdrd03._.js:1945
[   30059ms] [ERROR] ./src/lib/prisma.ts
Code generation for chunk item errored
An error occurred while generating the chunk item [project]/src/lib/prisma.ts [app-client] (ecmascript) <locals>

Caused by:
- the chunking context (unknown) does not support external modules (request: node:dns)

Debug info:
- An error occurred while generating the chunk item [project]/src/lib/prisma.ts [app-client] (ecmascript) <locals>
- Execution of <EcmascriptModuleLocalsModule as EcmascriptChunkPlaceable>::chunk_item_content failed
- Execution of *EcmascriptChunkItemContent::new failed
- Execution of EcmascriptModuleContent::new failed
- the chunking context (unknown) does not support external modules (request: node:dns)

Import traces:
  #1 [Server Component]:
    ./src/lib/prisma.ts
    ./src/auth.ts
    ./src/app/layout.tsx

  #2 [Server Component]:
    ./src/lib/prisma.ts
    ./src/lib/appreciation.ts
    ./src/components/home/HomeAppreciationSnippet.tsx
    ./src/app/(public)/page.tsx

  #3 [Server Component]:
    ./src/lib/prisma.ts
    ./src/lib/open-events.ts
    ./src/components/home/HomeOpenEventsChip.tsx
    ./src/app/(public)/layout.tsx

  #4 [Client Component Browser]:
    ./src/lib/prisma.ts [Client Component Browser]
    ./src/lib/open-events.ts [Client Component Browser]
    ./src/components/home/OpenEventsFloatingChip.tsx [Client Component Browser]
    ./src/components/home/OpenEventsFloatingChip.tsx [Server Component]
    ./src/components/home/HomeOpenEventsChip.tsx [Server Component]
    ./src/app/(public)/layout.tsx [Server Component]

  #5 [Client Component SSR]:
    ./src/lib/prisma.ts [Client Component SSR]
    ./src/lib/open-events.ts [Client Component SSR]
    ./src/components/home/OpenEventsFloatingChip.tsx [Client Component SSR]
    ./src/components/home/OpenEventsFloatingChip.tsx [Server Component]
    ./src/components/home/HomeOpenEventsChip.tsx [Server Component]
    ./src/app/(public)/layout.tsx [Server Component] @ http://localhost:3000/_next/static/chunks/node_modules_next_dist_1gdrd03._.js:1945
[   30121ms] [ERROR] ./src/lib/prisma.ts
Code generation for chunk item errored
An error occurred while generating the chunk item [project]/src/lib/prisma.ts [app-client] (ecmascript) <locals>

Caused by:
- the chunking context (unknown) does not support external modules (request: node:dns)

Debug info:
- An error occurred while generating the chunk item [project]/src/lib/prisma.ts [app-client] (ecmascript) <locals>
- Execution of <EcmascriptModuleLocalsModule as EcmascriptChunkPlaceable>::chunk_item_content failed
- Execution of *EcmascriptChunkItemContent::new failed
- Execution of EcmascriptModuleContent::new failed
- the chunking context (unknown) does not support external modules (request: node:dns)

Import traces:
  #1 [Server Component]:
    ./src/lib/prisma.ts
    ./src/auth.ts
    ./src/app/layout.tsx

  #2 [Server Component]:
    ./src/lib/prisma.ts
    ./src/lib/appreciation.ts
    ./src/components/home/HomeAppreciationSnippet.tsx
    ./src/app/(public)/page.tsx

  #3 [Server Component]:
    ./src/lib/prisma.ts
    ./src/lib/open-events.ts
    ./src/components/home/HomeOpenEventsChip.tsx
    ./src/app/(public)/layout.tsx

  #4 [Client Component Browser]:
    ./src/lib/prisma.ts [Client Component Browser]
    ./src/lib/open-events.ts [Client Component Browser]
    ./src/components/home/OpenEventsFloatingChip.tsx [Client Component Browser]
    ./src/components/home/OpenEventsFloatingChip.tsx [Server Component]
    ./src/components/home/HomeOpenEventsChip.tsx [Server Component]
    ./src/app/(public)/layout.tsx [Server Component]

  #5 [Client Component SSR]:
    ./src/lib/prisma.ts [Client Component SSR]
    ./src/lib/open-events.ts [Client Component SSR]
    ./src/components/home/OpenEventsFloatingChip.tsx [Client Component SSR]
    ./src/components/home/OpenEventsFloatingChip.tsx [Server Component]
    ./src/components/home/HomeOpenEventsChip.tsx [Server Component]
    ./src/app/(public)/layout.tsx [Server Component] @ http://localhost:3000/_next/static/chunks/node_modules_next_dist_1gdrd03._.js:1945
[   30184ms] [ERROR] ./src/lib/prisma.ts
Code generation for chunk item errored
An error occurred while generating the chunk item [project]/src/lib/prisma.ts [app-client] (ecmascript) <locals>

Caused by:
- the chunking context (unknown) does not support external modules (request: node:dns)

Debug info:
- An error occurred while generating the chunk item [project]/src/lib/prisma.ts [app-client] (ecmascript) <locals>
- Execution of <EcmascriptModuleLocalsModule as EcmascriptChunkPlaceable>::chunk_item_content failed
- Execution of *EcmascriptChunkItemContent::new failed
- Execution of EcmascriptModuleContent::new failed
- the chunking context (unknown) does not support external modules (request: node:dns)

Import traces:
  #1 [Server Component]:
    ./src/lib/prisma.ts
    ./src/auth.ts
    ./src/app/layout.tsx

  #2 [Server Component]:
    ./src/lib/prisma.ts
    ./src/lib/appreciation.ts
    ./src/components/home/HomeAppreciationSnippet.tsx
    ./src/app/(public)/page.tsx

  #3 [Server Component]:
    ./src/lib/prisma.ts
    ./src/lib/open-events.ts
    ./src/components/home/HomeOpenEventsChip.tsx
    ./src/app/(public)/layout.tsx

  #4 [Client Component Browser]:
    ./src/lib/prisma.ts [Client Component Browser]
    ./src/lib/open-events.ts [Client Component Browser]
    ./src/components/home/OpenEventsFloatingChip.tsx [Client Component Browser]
    ./src/components/home/OpenEventsFloatingChip.tsx [Server Component]
    ./src/components/home/HomeOpenEventsChip.tsx [Server Component]
    ./src/app/(public)/layout.tsx [Server Component]

  #5 [Client Component SSR]:
    ./src/lib/prisma.ts [Client Component SSR]
    ./src/lib/open-events.ts [Client Component SSR]
    ./src/components/home/OpenEventsFloatingChip.tsx [Client Component SSR]
    ./src/components/home/OpenEventsFloatingChip.tsx [Server Component]
    ./src/components/home/HomeOpenEventsChip.tsx [Server Component]
    ./src/app/(public)/layout.tsx [Server Component] @ http://localhost:3000/_next/static/chunks/node_modules_next_dist_1gdrd03._.js:1945
[   30245ms] [ERROR] ./src/lib/prisma.ts
Code generation for chunk item errored
An error occurred while generating the chunk item [project]/src/lib/prisma.ts [app-client] (ecmascript) <locals>

Caused by:
- the chunking context (unknown) does not support external modules (request: node:dns)

Debug info:
- An error occurred while generating the chunk item [project]/src/lib/prisma.ts [app-client] (ecmascript) <locals>
- Execution of <EcmascriptModuleLocalsModule as EcmascriptChunkPlaceable>::chunk_item_content failed
- Execution of *EcmascriptChunkItemContent::new failed
- Execution of EcmascriptModuleContent::new failed
- the chunking context (unknown) does not support external modules (request: node:dns)

Import traces:
  #1 [Server Component]:
    ./src/lib/prisma.ts
    ./src/auth.ts
    ./src/app/layout.tsx

  #2 [Server Component]:
    ./src/lib/prisma.ts
    ./src/lib/appreciation.ts
    ./src/components/home/HomeAppreciationSnippet.tsx
    ./src/app/(public)/page.tsx

  #3 [Server Component]:
    ./src/lib/prisma.ts
    ./src/lib/open-events.ts
    ./src/components/home/HomeOpenEventsChip.tsx
    ./src/app/(public)/layout.tsx

  #4 [Client Component Browser]:
    ./src/lib/prisma.ts [Client Component Browser]
    ./src/lib/open-events.ts [Client Component Browser]
    ./src/components/home/OpenEventsFloatingChip.tsx [Client Component Browser]
    ./src/components/home/OpenEventsFloatingChip.tsx [Server Component]
    ./src/components/home/HomeOpenEventsChip.tsx [Server Component]
    ./src/app/(public)/layout.tsx [Server Component]

  #5 [Client Component SSR]:
    ./src/lib/prisma.ts [Client Component SSR]
    ./src/lib/open-events.ts [Client Component SSR]
    ./src/components/home/OpenEventsFloatingChip.tsx [Client Component SSR]
    ./src/components/home/OpenEventsFloatingChip.tsx [Server Component]
    ./src/components/home/HomeOpenEventsChip.tsx [Server Component]
    ./src/app/(public)/layout.tsx [Server Component] @ http://localhost:3000/_next/static/chunks/node_modules_next_dist_1gdrd03._.js:1945
[   30308ms] [ERROR] ./src/lib/prisma.ts
Code generation for chunk item errored
An error occurred while generating the chunk item [project]/src/lib/prisma.ts [app-client] (ecmascript) <locals>

Caused by:
- the chunking context (unknown) does not support external modules (request: node:dns)

Debug info:
- An error occurred while generating the chunk item [project]/src/lib/prisma.ts [app-client] (ecmascript) <locals>
- Execution of <EcmascriptModuleLocalsModule as EcmascriptChunkPlaceable>::chunk_item_content failed
- Execution of *EcmascriptChunkItemContent::new failed
- Execution of EcmascriptModuleContent::new failed
- the chunking context (unknown) does not support external modules (request: node:dns)

Import traces:
  #1 [Server Component]:
    ./src/lib/prisma.ts
    ./src/auth.ts
    ./src/app/layout.tsx

  #2 [Server Component]:
    ./src/lib/prisma.ts
    ./src/lib/appreciation.ts
    ./src/components/home/HomeAppreciationSnippet.tsx
    ./src/app/(public)/page.tsx

  #3 [Server Component]:
    ./src/lib/prisma.ts
    ./src/lib/open-events.ts
    ./src/components/home/HomeOpenEventsChip.tsx
    ./src/app/(public)/layout.tsx

  #4 [Client Component Browser]:
    ./src/lib/prisma.ts [Client Component Browser]
    ./src/lib/open-events.ts [Client Component Browser]
    ./src/components/home/OpenEventsFloatingChip.tsx [Client Component Browser]
    ./src/components/home/OpenEventsFloatingChip.tsx [Server Component]
    ./src/components/home/HomeOpenEventsChip.tsx [Server Component]
    ./src/app/(public)/layout.tsx [Server Component]

  #5 [Client Component SSR]:
    ./src/lib/prisma.ts [Client Component SSR]
    ./src/lib/open-events.ts [Client Component SSR]
    ./src/components/home/OpenEventsFloatingChip.tsx [Client Component SSR]
    ./src/components/home/OpenEventsFloatingChip.tsx [Server Component]
    ./src/components/home/HomeOpenEventsChip.tsx [Server Component]
    ./src/app/(public)/layout.tsx [Server Component] @ http://localhost:3000/_next/static/chunks/node_modules_next_dist_1gdrd03._.js:1945
[   30370ms] [ERROR] ./src/lib/prisma.ts
Code generation for chunk item errored
An error occurred while generating the chunk item [project]/src/lib/prisma.ts [app-client] (ecmascript) <locals>

Caused by:
- the chunking context (unknown) does not support external modules (request: node:dns)

Debug info:
- An error occurred while generating the chunk item [project]/src/lib/prisma.ts [app-client] (ecmascript) <locals>
- Execution of <EcmascriptModuleLocalsModule as EcmascriptChunkPlaceable>::chunk_item_content failed
- Execution of *EcmascriptChunkItemContent::new failed
- Execution of EcmascriptModuleContent::new failed
- the chunking context (unknown) does not support external modules (request: node:dns)

Import traces:
  #1 [Server Component]:
    ./src/lib/prisma.ts
    ./src/auth.ts
    ./src/app/layout.tsx

  #2 [Server Component]:
    ./src/lib/prisma.ts
    ./src/lib/appreciation.ts
    ./src/components/home/HomeAppreciationSnippet.tsx
    ./src/app/(public)/page.tsx

  #3 [Server Component]:
    ./src/lib/prisma.ts
    ./src/lib/open-events.ts
    ./src/components/home/HomeOpenEventsChip.tsx
    ./src/app/(public)/layout.tsx

  #4 [Client Component Browser]:
    ./src/lib/prisma.ts [Client Component Browser]
    ./src/lib/open-events.ts [Client Component Browser]
    ./src/components/home/OpenEventsFloatingChip.tsx [Client Component Browser]
    ./src/components/home/OpenEventsFloatingChip.tsx [Server Component]
    ./src/components/home/HomeOpenEventsChip.tsx [Server Component]
    ./src/app/(public)/layout.tsx [Server Component]

  #5 [Client Component SSR]:
    ./src/lib/prisma.ts [Client Component SSR]
    ./src/lib/open-events.ts [Client Component SSR]
    ./src/components/home/OpenEventsFloatingChip.tsx [Client Component SSR]
    ./src/components/home/OpenEventsFloatingChip.tsx [Server Component]
    ./src/components/home/HomeOpenEventsChip.tsx [Server Component]
    ./src/app/(public)/layout.tsx [Server Component] @ http://localhost:3000/_next/static/chunks/node_modules_next_dist_1gdrd03._.js:1945
[   30434ms] [ERROR] ./src/lib/prisma.ts
Code generation for chunk item errored
An error occurred while generating the chunk item [project]/src/lib/prisma.ts [app-client] (ecmascript) <locals>

Caused by:
- the chunking context (unknown) does not support external modules (request: node:dns)

Debug info:
- An error occurred while generating the chunk item [project]/src/lib/prisma.ts [app-client] (ecmascript) <locals>
- Execution of <EcmascriptModuleLocalsModule as EcmascriptChunkPlaceable>::chunk_item_content failed
- Execution of *EcmascriptChunkItemContent::new failed
- Execution of EcmascriptModuleContent::new failed
- the chunking context (unknown) does not support external modules (request: node:dns)

Import traces:
  #1 [Server Component]:
    ./src/lib/prisma.ts
    ./src/auth.ts
    ./src/app/layout.tsx

  #2 [Server Component]:
    ./src/lib/prisma.ts
    ./src/lib/appreciation.ts
    ./src/components/home/HomeAppreciationSnippet.tsx
    ./src/app/(public)/page.tsx

  #3 [Server Component]:
    ./src/lib/prisma.ts
    ./src/lib/open-events.ts
    ./src/components/home/HomeOpenEventsChip.tsx
    ./src/app/(public)/layout.tsx

  #4 [Client Component Browser]:
    ./src/lib/prisma.ts [Client Component Browser]
    ./src/lib/open-events.ts [Client Component Browser]
    ./src/components/home/OpenEventsFloatingChip.tsx [Client Component Browser]
    ./src/components/home/OpenEventsFloatingChip.tsx [Server Component]
    ./src/components/home/HomeOpenEventsChip.tsx [Server Component]
    ./src/app/(public)/layout.tsx [Server Component]

  #5 [Client Component SSR]:
    ./src/lib/prisma.ts [Client Component SSR]
    ./src/lib/open-events.ts [Client Component SSR]
    ./src/components/home/OpenEventsFloatingChip.tsx [Client Component SSR]
    ./src/components/home/OpenEventsFloatingChip.tsx [Server Component]
    ./src/components/home/HomeOpenEventsChip.tsx [Server Component]
    ./src/app/(public)/layout.tsx [Server Component] @ http://localhost:3000/_next/static/chunks/node_modules_next_dist_1gdrd03._.js:1945
[   30497ms] [ERROR] ./src/lib/prisma.ts
Code generation for chunk item errored
An error occurred while generating the chunk item [project]/src/lib/prisma.ts [app-client] (ecmascript) <locals>

Caused by:
- the chunking context (unknown) does not support external modules (request: node:dns)

Debug info:
- An error occurred while generating the chunk item [project]/src/lib/prisma.ts [app-client] (ecmascript) <locals>
- Execution of <EcmascriptModuleLocalsModule as EcmascriptChunkPlaceable>::chunk_item_content failed
- Execution of *EcmascriptChunkItemContent::new failed
- Execution of EcmascriptModuleContent::new failed
- the chunking context (unknown) does not support external modules (request: node:dns)

Import traces:
  #1 [Server Component]:
    ./src/lib/prisma.ts
    ./src/auth.ts
    ./src/app/layout.tsx

  #2 [Server Component]:
    ./src/lib/prisma.ts
    ./src/lib/appreciation.ts
    ./src/components/home/HomeAppreciationSnippet.tsx
    ./src/app/(public)/page.tsx

  #3 [Server Component]:
    ./src/lib/prisma.ts
    ./src/lib/open-events.ts
    ./src/components/home/HomeOpenEventsChip.tsx
    ./src/app/(public)/layout.tsx

  #4 [Client Component Browser]:
    ./src/lib/prisma.ts [Client Component Browser]
    ./src/lib/open-events.ts [Client Component Browser]
    ./src/components/home/OpenEventsFloatingChip.tsx [Client Component Browser]
    ./src/components/home/OpenEventsFloatingChip.tsx [Server Component]
    ./src/components/home/HomeOpenEventsChip.tsx [Server Component]
    ./src/app/(public)/layout.tsx [Server Component]

  #5 [Client Component SSR]:
    ./src/lib/prisma.ts [Client Component SSR]
    ./src/lib/open-events.ts [Client Component SSR]
    ./src/components/home/OpenEventsFloatingChip.tsx [Client Component SSR]
    ./src/components/home/OpenEventsFloatingChip.tsx [Server Component]
    ./src/components/home/HomeOpenEventsChip.tsx [Server Component]
    ./src/app/(public)/layout.tsx [Server Component] @ http://localhost:3000/_next/static/chunks/node_modules_next_dist_1gdrd03._.js:1945
[   30561ms] [ERROR] ./src/lib/prisma.ts
Code generation for chunk item errored
An error occurred while generating the chunk item [project]/src/lib/prisma.ts [app-client] (ecmascript) <locals>

Caused by:
- the chunking context (unknown) does not support external modules (request: node:dns)

Debug info:
- An error occurred while generating the chunk item [project]/src/lib/prisma.ts [app-client] (ecmascript) <locals>
- Execution of <EcmascriptModuleLocalsModule as EcmascriptChunkPlaceable>::chunk_item_content failed
- Execution of *EcmascriptChunkItemContent::new failed
- Execution of EcmascriptModuleContent::new failed
- the chunking context (unknown) does not support external modules (request: node:dns)

Import traces:
  #1 [Server Component]:
    ./src/lib/prisma.ts
    ./src/auth.ts
    ./src/app/layout.tsx

  #2 [Server Component]:
    ./src/lib/prisma.ts
    ./src/lib/appreciation.ts
    ./src/components/home/HomeAppreciationSnippet.tsx
    ./src/app/(public)/page.tsx

  #3 [Server Component]:
    ./src/lib/prisma.ts
    ./src/lib/open-events.ts
    ./src/components/home/HomeOpenEventsChip.tsx
    ./src/app/(public)/layout.tsx

  #4 [Client Component Browser]:
    ./src/lib/prisma.ts [Client Component Browser]
    ./src/lib/open-events.ts [Client Component Browser]
    ./src/components/home/OpenEventsFloatingChip.tsx [Client Component Browser]
    ./src/components/home/OpenEventsFloatingChip.tsx [Server Component]
    ./src/components/home/HomeOpenEventsChip.tsx [Server Component]
    ./src/app/(public)/layout.tsx [Server Component]

  #5 [Client Component SSR]:
    ./src/lib/prisma.ts [Client Component SSR]
    ./src/lib/open-events.ts [Client Component SSR]
    ./src/components/home/OpenEventsFloatingChip.tsx [Client Component SSR]
    ./src/components/home/OpenEventsFloatingChip.tsx [Server Component]
    ./src/components/home/HomeOpenEventsChip.tsx [Server Component]
    ./src/app/(public)/layout.tsx [Server Component] @ http://localhost:3000/_next/static/chunks/node_modules_next_dist_1gdrd03._.js:1945
[   30623ms] [ERROR] ./src/lib/prisma.ts
Code generation for chunk item errored
An error occurred while generating the chunk item [project]/src/lib/prisma.ts [app-client] (ecmascript) <locals>

Caused by:
- the chunking context (unknown) does not support external modules (request: node:dns)

Debug info:
- An error occurred while generating the chunk item [project]/src/lib/prisma.ts [app-client] (ecmascript) <locals>
- Execution of <EcmascriptModuleLocalsModule as EcmascriptChunkPlaceable>::chunk_item_content failed
- Execution of *EcmascriptChunkItemContent::new failed
- Execution of EcmascriptModuleContent::new failed
- the chunking context (unknown) does not support external modules (request: node:dns)

Import traces:
  #1 [Server Component]:
    ./src/lib/prisma.ts
    ./src/auth.ts
    ./src/app/layout.tsx

  #2 [Server Component]:
    ./src/lib/prisma.ts
    ./src/lib/appreciation.ts
    ./src/components/home/HomeAppreciationSnippet.tsx
    ./src/app/(public)/page.tsx

  #3 [Server Component]:
    ./src/lib/prisma.ts
    ./src/lib/open-events.ts
    ./src/components/home/HomeOpenEventsChip.tsx
    ./src/app/(public)/layout.tsx

  #4 [Client Component Browser]:
    ./src/lib/prisma.ts [Client Component Browser]
    ./src/lib/open-events.ts [Client Component Browser]
    ./src/components/home/OpenEventsFloatingChip.tsx [Client Component Browser]
    ./src/components/home/OpenEventsFloatingChip.tsx [Server Component]
    ./src/components/home/HomeOpenEventsChip.tsx [Server Component]
    ./src/app/(public)/layout.tsx [Server Component]

  #5 [Client Component SSR]:
    ./src/lib/prisma.ts [Client Component SSR]
    ./src/lib/open-events.ts [Client Component SSR]
    ./src/components/home/OpenEventsFloatingChip.tsx [Client Component SSR]
    ./src/components/home/OpenEventsFloatingChip.tsx [Server Component]
    ./src/components/home/HomeOpenEventsChip.tsx [Server Component]
    ./src/app/(public)/layout.tsx [Server Component] @ http://localhost:3000/_next/static/chunks/node_modules_next_dist_1gdrd03._.js:1945
[   30687ms] [ERROR] ./src/lib/prisma.ts
Code generation for chunk item errored
An error occurred while generating the chunk item [project]/src/lib/prisma.ts [app-client] (ecmascript) <locals>

Caused by:
- the chunking context (unknown) does not support external modules (request: node:dns)

Debug info:
- An error occurred while generating the chunk item [project]/src/lib/prisma.ts [app-client] (ecmascript) <locals>
- Execution of <EcmascriptModuleLocalsModule as EcmascriptChunkPlaceable>::chunk_item_content failed
- Execution of *EcmascriptChunkItemContent::new failed
- Execution of EcmascriptModuleContent::new failed
- the chunking context (unknown) does not support external modules (request: node:dns)

Import traces:
  #1 [Server Component]:
    ./src/lib/prisma.ts
    ./src/auth.ts
    ./src/app/layout.tsx

  #2 [Server Component]:
    ./src/lib/prisma.ts
    ./src/lib/appreciation.ts
    ./src/components/home/HomeAppreciationSnippet.tsx
    ./src/app/(public)/page.tsx

  #3 [Server Component]:
    ./src/lib/prisma.ts
    ./src/lib/open-events.ts
    ./src/components/home/HomeOpenEventsChip.tsx
    ./src/app/(public)/layout.tsx

  #4 [Client Component Browser]:
    ./src/lib/prisma.ts [Client Component Browser]
    ./src/lib/open-events.ts [Client Component Browser]
    ./src/components/home/OpenEventsFloatingChip.tsx [Client Component Browser]
    ./src/components/home/OpenEventsFloatingChip.tsx [Server Component]
    ./src/components/home/HomeOpenEventsChip.tsx [Server Component]
    ./src/app/(public)/layout.tsx [Server Component]

  #5 [Client Component SSR]:
    ./src/lib/prisma.ts [Client Component SSR]
    ./src/lib/open-events.ts [Client Component SSR]
    ./src/components/home/OpenEventsFloatingChip.tsx [Client Component SSR]
    ./src/components/home/OpenEventsFloatingChip.tsx [Server Component]
    ./src/components/home/HomeOpenEventsChip.tsx [Server Component]
    ./src/app/(public)/layout.tsx [Server Component] @ http://localhost:3000/_next/static/chunks/node_modules_next_dist_1gdrd03._.js:1945
[   30750ms] [ERROR] ./src/lib/prisma.ts
Code generation for chunk item errored
An error occurred while generating the chunk item [project]/src/lib/prisma.ts [app-client] (ecmascript) <locals>

Caused by:
- the chunking context (unknown) does not support external modules (request: node:dns)

Debug info:
- An error occurred while generating the chunk item [project]/src/lib/prisma.ts [app-client] (ecmascript) <locals>
- Execution of <EcmascriptModuleLocalsModule as EcmascriptChunkPlaceable>::chunk_item_content failed
- Execution of *EcmascriptChunkItemContent::new failed
- Execution of EcmascriptModuleContent::new failed
- the chunking context (unknown) does not support external modules (request: node:dns)

Import traces:
  #1 [Server Component]:
    ./src/lib/prisma.ts
    ./src/auth.ts
    ./src/app/layout.tsx

  #2 [Server Component]:
    ./src/lib/prisma.ts
    ./src/lib/appreciation.ts
    ./src/components/home/HomeAppreciationSnippet.tsx
    ./src/app/(public)/page.tsx

  #3 [Server Component]:
    ./src/lib/prisma.ts
    ./src/lib/open-events.ts
    ./src/components/home/HomeOpenEventsChip.tsx
    ./src/app/(public)/layout.tsx

  #4 [Client Component Browser]:
    ./src/lib/prisma.ts [Client Component Browser]
    ./src/lib/open-events.ts [Client Component Browser]
    ./src/components/home/OpenEventsFloatingChip.tsx [Client Component Browser]
    ./src/components/home/OpenEventsFloatingChip.tsx [Server Component]
    ./src/components/home/HomeOpenEventsChip.tsx [Server Component]
    ./src/app/(public)/layout.tsx [Server Component]

  #5 [Client Component SSR]:
    ./src/lib/prisma.ts [Client Component SSR]
    ./src/lib/open-events.ts [Client Component SSR]
    ./src/components/home/OpenEventsFloatingChip.tsx [Client Component SSR]
    ./src/components/home/OpenEventsFloatingChip.tsx [Server Component]
    ./src/components/home/HomeOpenEventsChip.tsx [Server Component]
    ./src/app/(public)/layout.tsx [Server Component] @ http://localhost:3000/_next/static/chunks/node_modules_next_dist_1gdrd03._.js:1945
[   30814ms] [ERROR] ./src/lib/prisma.ts
Code generation for chunk item errored
An error occurred while generating the chunk item [project]/src/lib/prisma.ts [app-client] (ecmascript) <locals>

Caused by:
- the chunking context (unknown) does not support external modules (request: node:dns)

Debug info:
- An error occurred while generating the chunk item [project]/src/lib/prisma.ts [app-client] (ecmascript) <locals>
- Execution of <EcmascriptModuleLocalsModule as EcmascriptChunkPlaceable>::chunk_item_content failed
- Execution of *EcmascriptChunkItemContent::new failed
- Execution of EcmascriptModuleContent::new failed
- the chunking context (unknown) does not support external modules (request: node:dns)

Import traces:
  #1 [Server Component]:
    ./src/lib/prisma.ts
    ./src/auth.ts
    ./src/app/layout.tsx

  #2 [Server Component]:
    ./src/lib/prisma.ts
    ./src/lib/appreciation.ts
    ./src/components/home/HomeAppreciationSnippet.tsx
    ./src/app/(public)/page.tsx

  #3 [Server Component]:
    ./src/lib/prisma.ts
    ./src/lib/open-events.ts
    ./src/components/home/HomeOpenEventsChip.tsx
    ./src/app/(public)/layout.tsx

  #4 [Client Component Browser]:
    ./src/lib/prisma.ts [Client Component Browser]
    ./src/lib/open-events.ts [Client Component Browser]
    ./src/components/home/OpenEventsFloatingChip.tsx [Client Component Browser]
    ./src/components/home/OpenEventsFloatingChip.tsx [Server Component]
    ./src/components/home/HomeOpenEventsChip.tsx [Server Component]
    ./src/app/(public)/layout.tsx [Server Component]

  #5 [Client Component SSR]:
    ./src/lib/prisma.ts [Client Component SSR]
    ./src/lib/open-events.ts [Client Component SSR]
    ./src/components/home/OpenEventsFloatingChip.tsx [Client Component SSR]
    ./src/components/home/OpenEventsFloatingChip.tsx [Server Component]
    ./src/components/home/HomeOpenEventsChip.tsx [Server Component]
    ./src/app/(public)/layout.tsx [Server Component] @ http://localhost:3000/_next/static/chunks/node_modules_next_dist_1gdrd03._.js:1945
[   30872ms] [LOG] [Fast Refresh] rebuilding @ http://localhost:3000/_next/static/chunks/node_modules_next_dist_1gdrd03._.js:1226
[   31000ms] [LOG] [Fast Refresh] rebuilding @ http://localhost:3000/_next/static/chunks/node_modules_next_dist_1gdrd03._.js:1226
[   33455ms] [LOG] [Fast Refresh] done in 2563ms @ http://localhost:3000/_next/static/chunks/node_modules_next_dist_1gdrd03._.js:1226
[   37037ms] [INFO] %cDownload the React DevTools for a better development experience: https://react.dev/link/react-devtools font-weight:bold @ http://localhost:3000/_next/static/chunks/node_modules_next_dist_1ybzpk2._.js:2477
[   37050ms] [ERROR] eval() is not supported in this environment. If this page was served with a `Content-Security-Policy` header, make sure that `unsafe-eval` is included. React requires eval() in development mode for various debugging features like reconstructing callstacks from a different environment.
React will never use eval() in production mode @ http://localhost:3000/_next/static/chunks/node_modules_next_dist_1ybzpk2._.js:3318
[   37173ms] [LOG] [HMR] connected @ http://localhost:3000/_next/static/chunks/node_modules_next_dist_1ybzpk2._.js:2477
[   37982ms] [LOG] [Fast Refresh] rebuilding @ http://localhost:3000/_next/static/chunks/node_modules_next_dist_1ybzpk2._.js:2477
[   38219ms] [LOG] [Fast Refresh] done in 336ms @ http://localhost:3000/_next/static/chunks/node_modules_next_dist_1ybzpk2._.js:2477
[   38522ms] [LOG] [Fast Refresh] rebuilding @ http://localhost:3000/_next/static/chunks/node_modules_next_dist_1ybzpk2._.js:2477
[   38825ms] [LOG] [Fast Refresh] done in 406ms @ http://localhost:3000/_next/static/chunks/node_modules_next_dist_1ybzpk2._.js:2477
